ISO-10303-21;
HEADER;
FILE_DESCRIPTION(('Open CASCADE Model'),'2;1');
FILE_NAME('Open CASCADE Shape Model','2026-07-27T18:36:05',('Author'),(
    'Open CASCADE'),'Open CASCADE STEP processor 7.9','Open CASCADE 7.9'
  ,'Unknown');
FILE_SCHEMA(('AUTOMOTIVE_DESIGN { 1 0 10303 214 1 1 1 1 }'));
ENDSEC;
DATA;
#1 = APPLICATION_PROTOCOL_DEFINITION('international standard',
  'automotive_design',2000,#2);
#2 = APPLICATION_CONTEXT(
  'core data for automotive mechanical design processes');
#3 = SHAPE_DEFINITION_REPRESENTATION(#4,#10);
#4 = PRODUCT_DEFINITION_SHAPE('','',#5);
#5 = PRODUCT_DEFINITION('design','',#6,#9);
#6 = PRODUCT_DEFINITION_FORMATION('','',#7);
#7 = PRODUCT('Open CASCADE STEP translator 7.9 1',
  'Open CASCADE STEP translator 7.9 1','',(#8));
#8 = PRODUCT_CONTEXT('',#2,'mechanical');
#9 = PRODUCT_DEFINITION_CONTEXT('part definition',#2,'design');
#10 = ADVANCED_BREP_SHAPE_REPRESENTATION('',(#11,#15),#4529);
#11 = AXIS2_PLACEMENT_3D('',#12,#13,#14);
#12 = CARTESIAN_POINT('',(0.,0.,0.));
#13 = DIRECTION('',(0.,0.,1.));
#14 = DIRECTION('',(1.,0.,-0.));
#15 = MANIFOLD_SOLID_BREP('',#16);
#16 = CLOSED_SHELL('',(#17,#1791,#1872,#1993,#3274,#3351,#3428,#3530,
    #3654,#3689,#3744,#3783,#3833,#3860,#3983,#4010,#4043,#4070,#4097,
    #4124,#4153,#4180,#4187,#4214,#4241,#4289,#4316,#4344,#4371,#4399,
    #4426,#4454,#4461,#4488,#4515,#4522));
#17 = ADVANCED_FACE('',(#18,#105,#366,#627,#1045,#1248,#1451),#32,.T.);
#18 = FACE_BOUND('',#19,.F.);
#19 = EDGE_LOOP('',(#20,#50,#77,#78));
#20 = ORIENTED_EDGE('',*,*,#21,.F.);
#21 = EDGE_CURVE('',#22,#24,#26,.T.);
#22 = VERTEX_POINT('',#23);
#23 = CARTESIAN_POINT('',(25.5,0.,0.));
#24 = VERTEX_POINT('',#25);
#25 = CARTESIAN_POINT('',(25.5,0.,10.5));
#26 = SEAM_CURVE('',#27,(#31,#43),.PCURVE_S1.);
#27 = LINE('',#28,#29);
#28 = CARTESIAN_POINT('',(25.5,0.,0.));
#29 = VECTOR('',#30,1.);
#30 = DIRECTION('',(0.,0.,1.));
#31 = PCURVE('',#32,#37);
#32 = CYLINDRICAL_SURFACE('',#33,25.5);
#33 = AXIS2_PLACEMENT_3D('',#34,#35,#36);
#34 = CARTESIAN_POINT('',(0.,0.,0.));
#35 = DIRECTION('',(-0.,-0.,-1.));
#36 = DIRECTION('',(1.,0.,0.));
#37 = DEFINITIONAL_REPRESENTATION('',(#38),#42);
#38 = LINE('',#39,#40);
#39 = CARTESIAN_POINT('',(-6.28318530718,0.));
#40 = VECTOR('',#41,1.);
#41 = DIRECTION('',(-0.,-1.));
#42 = ( GEOMETRIC_REPRESENTATION_CONTEXT(2) 
PARAMETRIC_REPRESENTATION_CONTEXT() REPRESENTATION_CONTEXT('2D SPACE',''
  ) );
#43 = PCURVE('',#32,#44);
#44 = DEFINITIONAL_REPRESENTATION('',(#45),#49);
#45 = LINE('',#46,#47);
#46 = CARTESIAN_POINT('',(-0.,0.));
#47 = VECTOR('',#48,1.);
#48 = DIRECTION('',(-0.,-1.));
#49 = ( GEOMETRIC_REPRESENTATION_CONTEXT(2) 
PARAMETRIC_REPRESENTATION_CONTEXT() REPRESENTATION_CONTEXT('2D SPACE',''
  ) );
#50 = ORIENTED_EDGE('',*,*,#51,.F.);
#51 = EDGE_CURVE('',#22,#22,#52,.T.);
#52 = SURFACE_CURVE('',#53,(#58,#65),.PCURVE_S1.);
#53 = CIRCLE('',#54,25.5);
#54 = AXIS2_PLACEMENT_3D('',#55,#56,#57);
#55 = CARTESIAN_POINT('',(0.,0.,0.));
#56 = DIRECTION('',(0.,0.,1.));
#57 = DIRECTION('',(1.,0.,0.));
#58 = PCURVE('',#32,#59);
#59 = DEFINITIONAL_REPRESENTATION('',(#60),#64);
#60 = LINE('',#61,#62);
#61 = CARTESIAN_POINT('',(-0.,0.));
#62 = VECTOR('',#63,1.);
#63 = DIRECTION('',(-1.,0.));
#64 = ( GEOMETRIC_REPRESENTATION_CONTEXT(2) 
PARAMETRIC_REPRESENTATION_CONTEXT() REPRESENTATION_CONTEXT('2D SPACE',''
  ) );
#65 = PCURVE('',#66,#71);
#66 = PLANE('',#67);
#67 = AXIS2_PLACEMENT_3D('',#68,#69,#70);
#68 = CARTESIAN_POINT('',(-1.716003303579E-15,6.750535243036E-16,0.));
#69 = DIRECTION('',(0.,0.,1.));
#70 = DIRECTION('',(1.,0.,-0.));
#71 = DEFINITIONAL_REPRESENTATION('',(#72),#76);
#72 = CIRCLE('',#73,25.5);
#73 = AXIS2_PLACEMENT_2D('',#74,#75);
#74 = CARTESIAN_POINT('',(1.716003303579E-15,-6.750535243036E-16));
#75 = DIRECTION('',(1.,0.));
#76 = ( GEOMETRIC_REPRESENTATION_CONTEXT(2) 
PARAMETRIC_REPRESENTATION_CONTEXT() REPRESENTATION_CONTEXT('2D SPACE',''
  ) );
#77 = ORIENTED_EDGE('',*,*,#21,.T.);
#78 = ORIENTED_EDGE('',*,*,#79,.T.);
#79 = EDGE_CURVE('',#24,#24,#80,.T.);
#80 = SURFACE_CURVE('',#81,(#86,#93),.PCURVE_S1.);
#81 = CIRCLE('',#82,25.5);
#82 = AXIS2_PLACEMENT_3D('',#83,#84,#85);
#83 = CARTESIAN_POINT('',(0.,0.,10.5));
#84 = DIRECTION('',(0.,0.,1.));
#85 = DIRECTION('',(1.,0.,0.));
#86 = PCURVE('',#32,#87);
#87 = DEFINITIONAL_REPRESENTATION('',(#88),#92);
#88 = LINE('',#89,#90);
#89 = CARTESIAN_POINT('',(-0.,-10.5));
#90 = VECTOR('',#91,1.);
#91 = DIRECTION('',(-1.,0.));
#92 = ( GEOMETRIC_REPRESENTATION_CONTEXT(2) 
PARAMETRIC_REPRESENTATION_CONTEXT() REPRESENTATION_CONTEXT('2D SPACE',''
  ) );
#93 = PCURVE('',#94,#99);
#94 = PLANE('',#95);
#95 = AXIS2_PLACEMENT_3D('',#96,#97,#98);
#96 = CARTESIAN_POINT('',(-1.716003303579E-15,6.750535243036E-16,10.5));
#97 = DIRECTION('',(0.,0.,1.));
#98 = DIRECTION('',(1.,0.,-0.));
#99 = DEFINITIONAL_REPRESENTATION('',(#100),#104);
#100 = CIRCLE('',#101,25.5);
#101 = AXIS2_PLACEMENT_2D('',#102,#103);
#102 = CARTESIAN_POINT('',(1.716003303579E-15,-6.750535243036E-16));
#103 = DIRECTION('',(1.,0.));
#104 = ( GEOMETRIC_REPRESENTATION_CONTEXT(2) 
PARAMETRIC_REPRESENTATION_CONTEXT() REPRESENTATION_CONTEXT('2D SPACE',''
  ) );
#105 = FACE_BOUND('',#106,.F.);
#106 = EDGE_LOOP('',(#107));
#107 = ORIENTED_EDGE('',*,*,#108,.F.);
#108 = EDGE_CURVE('',#109,#109,#111,.T.);
#109 = VERTEX_POINT('',#110);
#110 = CARTESIAN_POINT('',(14.357088638727,21.074249828161,5.));
#111 = SURFACE_CURVE('',#112,(#171,#266),.PCURVE_S1.);
#112 = B_SPLINE_CURVE_WITH_KNOTS('',8,(#113,#114,#115,#116,#117,#118,
    #119,#120,#121,#122,#123,#124,#125,#126,#127,#128,#129,#130,#131,
    #132,#133,#134,#135,#136,#137,#138,#139,#140,#141,#142,#143,#144,
    #145,#146,#147,#148,#149,#150,#151,#152,#153,#154,#155,#156,#157,
    #158,#159,#160,#161,#162,#163,#164,#165,#166,#167,#168,#169,#170),
  .UNSPECIFIED.,.T.,.F.,(9,7,7,7,7,7,7,7,9),(0.5565231076,0.662458164543
    ,0.763339616468,0.867569680435,0.962316824803,1.108634734129,
    1.27817624878,1.413920513836,1.5565231076),.UNSPECIFIED.);
#113 = CARTESIAN_POINT('',(14.357088638727,21.074249828161,5.));
#114 = CARTESIAN_POINT('',(14.546552785866,20.945175076912,5.));
#115 = CARTESIAN_POINT('',(14.730232586956,20.817190789698,
    5.031612876853));
#116 = CARTESIAN_POINT('',(14.904196373133,20.693210371371,
    5.092237091236));
#117 = CARTESIAN_POINT('',(15.065237401984,20.575983833797,
    5.178519362794));
#118 = CARTESIAN_POINT('',(15.210895720182,20.467975698167,
    5.286384875292));
#119 = CARTESIAN_POINT('',(15.339499071936,20.371158946833,
    5.411081284578));
#120 = CARTESIAN_POINT('',(15.450238961872,20.286791163563,
    5.547232026199));
#121 = CARTESIAN_POINT('',(15.631917643227,20.147100216505,
    5.823798844221));
#122 = CARTESIAN_POINT('',(15.706477363971,20.089065496367,
    5.966707351342));
#123 = CARTESIAN_POINT('',(15.767600201145,20.041038630276,
    6.115496873651));
#124 = CARTESIAN_POINT('',(15.815856108885,20.002861332284,6.26852671774
    ));
#125 = CARTESIAN_POINT('',(15.851714226281,19.974364587675,
    6.424497178401));
#126 = CARTESIAN_POINT('',(15.875510165206,19.955410504709,
    6.582340213356));
#127 = CARTESIAN_POINT('',(15.887418191173,19.945925479125,
    6.741129850518));
#128 = CARTESIAN_POINT('',(15.887418191173,19.945925479125,
    7.064143611407));
#129 = CARTESIAN_POINT('',(15.874706687157,19.956050349827,7.22830208875
    ));
#130 = CARTESIAN_POINT('',(15.849278076733,19.976305254372,
    7.390589155279));
#131 = CARTESIAN_POINT('',(15.811308790311,20.006474355349,
    7.549130566377));
#132 = CARTESIAN_POINT('',(15.761141579693,20.046136704129,7.70211011703
    ));
#133 = CARTESIAN_POINT('',(15.699278848768,20.094685995999,
    7.847806837631));
#134 = CARTESIAN_POINT('',(15.626385026327,20.151354191097,
    7.984623378132));
#135 = CARTESIAN_POINT('',(15.467770249564,20.273311529285,
    8.226080349162));
#136 = CARTESIAN_POINT('',(15.383811795725,20.337353129648,
    8.332529107411));
#137 = CARTESIAN_POINT('',(15.292048752153,20.406688136583,
    8.429356429762));
#138 = CARTESIAN_POINT('',(15.193218402741,20.48055226874,8.515591129908
    ));
#139 = CARTESIAN_POINT('',(15.088153666863,20.558126272354,
    8.590402021958));
#140 = CARTESIAN_POINT('',(14.977772403996,20.638562427692,
    8.653110003934));
#141 = CARTESIAN_POINT('',(14.86307153871,20.721003918683,8.70319646353)
  );
#142 = CARTESIAN_POINT('',(14.562982851491,20.933689869392,
    8.797619319993));
#143 = CARTESIAN_POINT('',(14.371009308631,21.067011947371,
    8.824646579855));
#144 = CARTESIAN_POINT('',(14.174749375851,21.200185063697,
    8.818257664671));
#145 = CARTESIAN_POINT('',(13.980505088714,21.328746196969,
    8.778108869409));
#146 = CARTESIAN_POINT('',(13.794716832649,21.448760842262,8.70651378698
    ));
#147 = CARTESIAN_POINT('',(13.623333803275,21.557175673795,
    8.608338458204));
#148 = CARTESIAN_POINT('',(13.470889764115,21.651991219109,8.49090565212
    ));
#149 = CARTESIAN_POINT('',(13.188290607475,21.825459215805,
    8.216898239741));
#150 = CARTESIAN_POINT('',(13.059736803822,21.902703353649,8.05146767017
    ));
#151 = CARTESIAN_POINT('',(12.954057718898,21.965159164058,
    7.873252332465));
#152 = CARTESIAN_POINT('',(12.870589099153,22.013904816901,
    7.686201446911));
#153 = CARTESIAN_POINT('',(12.808606258382,22.049822947292,
    7.493269813295));
#154 = CARTESIAN_POINT('',(12.76750903955,22.073542327598,7.296735625254
    ));
#155 = CARTESIAN_POINT('',(12.746941746192,22.085413197837,
    7.098417829556));
#156 = CARTESIAN_POINT('',(12.746941746192,22.085413197837,
    6.741135768413));
#157 = CARTESIAN_POINT('',(12.760126106412,22.077803631009,
    6.582345634752));
#158 = CARTESIAN_POINT('',(12.786474389848,22.062596336053,
    6.424499706949));
#159 = CARTESIAN_POINT('',(12.826118938145,22.039656059769,
    6.268526669814));
#160 = CARTESIAN_POINT('',(12.87931007625,22.008721402701,6.115495907292
    ));
#161 = CARTESIAN_POINT('',(12.946375946875,21.969418133058,
    5.966707023838));
#162 = CARTESIAN_POINT('',(13.027672516104,21.921273805476,
    5.823799400278));
#163 = CARTESIAN_POINT('',(13.224208619143,21.80330473749,5.547173513877
    ));
#164 = CARTESIAN_POINT('',(13.343258538202,21.731125186651,
    5.411042528202));
#165 = CARTESIAN_POINT('',(13.480396087635,21.646899726825,5.28639154337
    ));
#166 = CARTESIAN_POINT('',(13.634169095707,21.550913184076,
    5.178561798235));
#167 = CARTESIAN_POINT('',(13.802151959581,21.443986961335,
    5.092287502964));
#168 = CARTESIAN_POINT('',(13.981176792152,21.327491433725,
    5.031642986434));
#169 = CARTESIAN_POINT('',(14.167534285307,21.203386033535,5.));
#170 = CARTESIAN_POINT('',(14.357088638727,21.074249828161,5.));
#171 = PCURVE('',#32,#172);
#172 = DEFINITIONAL_REPRESENTATION('',(#173),#265);
#173 = B_SPLINE_CURVE_WITH_KNOTS('',3,(#174,#175,#176,#177,#178,#179,
    #180,#181,#182,#183,#184,#185,#186,#187,#188,#189,#190,#191,#192,
    #193,#194,#195,#196,#197,#198,#199,#200,#201,#202,#203,#204,#205,
    #206,#207,#208,#209,#210,#211,#212,#213,#214,#215,#216,#217,#218,
    #219,#220,#221,#222,#223,#224,#225,#226,#227,#228,#229,#230,#231,
    #232,#233,#234,#235,#236,#237,#238,#239,#240,#241,#242,#243,#244,
    #245,#246,#247,#248,#249,#250,#251,#252,#253,#254,#255,#256,#257,
    #258,#259,#260,#261,#262,#263,#264),.UNSPECIFIED.,.T.,.F.,(4,1,1,1,1
    ,1,1,1,1,1,1,1,1,1,1,1,1,1,1,1,1,1,1,1,1,1,1,1,1,1,1,1,1,1,1,1,1,1,1
    ,1,1,1,1,1,1,1,1,1,1,1,1,1,1,1,1,1,1,1,1,1,1,1,1,1,1,1,1,1,1,1,1,1,1
    ,1,1,1,1,1,1,1,1,1,1,1,1,1,1,1,4),(0.5565231076,0.567886743964,
    0.579250380327,0.590614016691,0.601977653055,0.613341289418,
    0.624704925782,0.636068562146,0.647432198509,0.658795834873,
    0.670159471236,0.6815231076,0.692886743964,0.704250380327,
    0.715614016691,0.726977653055,0.738341289418,0.749704925782,
    0.761068562146,0.772432198509,0.783795834873,0.795159471236,
    0.8065231076,0.817886743964,0.829250380327,0.840614016691,
    0.851977653055,0.863341289418,0.874704925782,0.886068562146,
    0.897432198509,0.908795834873,0.920159471236,0.9315231076,
    0.942886743964,0.954250380327,0.965614016691,0.976977653055,
    0.988341289418,0.999704925782,1.011068562146,1.022432198509,
    1.033795834873,1.045159471236,1.0565231076,1.067886743964,
    1.079250380327,1.090614016691,1.101977653055,1.113341289418,
    1.124704925782,1.136068562146,1.147432198509,1.158795834873,
    1.170159471236,1.1815231076,1.192886743964,1.204250380327,
    1.215614016691,1.226977653055,1.238341289418,1.249704925782,
    1.261068562146,1.272432198509,1.283795834873,1.295159471236,
    1.3065231076,1.317886743964,1.329250380327,1.340614016691,
    1.351977653055,1.363341289418,1.374704925782,1.386068562146,
    1.397432198509,1.408795834873,1.420159471236,1.4315231076,
    1.442886743964,1.454250380327,1.465614016691,1.476977653055,
    1.488341289418,1.499704925782,1.511068562146,1.522432198509,
    1.533795834873,1.545159471236,1.5565231076),.QUASI_UNIFORM_KNOTS.);
#174 = CARTESIAN_POINT('',(-0.972757111109,-5.));
#175 = CARTESIAN_POINT('',(-0.970184873204,-4.999986381684));
#176 = CARTESIAN_POINT('',(-0.965087847201,-5.006801201486));
#177 = CARTESIAN_POINT('',(-0.957653690936,-5.036207900538));
#178 = CARTESIAN_POINT('',(-0.950502549,-5.083520681216));
#179 = CARTESIAN_POINT('',(-0.94369695903,-5.147239562993));
#180 = CARTESIAN_POINT('',(-0.937292915568,-5.225724114983));
#181 = CARTESIAN_POINT('',(-0.9313384735,-5.317176854844));
#182 = CARTESIAN_POINT('',(-0.925873473447,-5.419653583999));
#183 = CARTESIAN_POINT('',(-0.920928346272,-5.531065552663));
#184 = CARTESIAN_POINT('',(-0.91652514853,-5.649189022888));
#185 = CARTESIAN_POINT('',(-0.912670318722,-5.771654885161));
#186 = CARTESIAN_POINT('',(-0.90927946588,-5.899417983456));
#187 = CARTESIAN_POINT('',(-0.906356556724,-6.031244284622));
#188 = CARTESIAN_POINT('',(-0.903888228232,-6.166455968473));
#189 = CARTESIAN_POINT('',(-0.901866768005,-6.304342527503));
#190 = CARTESIAN_POINT('',(-0.900284277591,-6.444301207295));
#191 = CARTESIAN_POINT('',(-0.899134528587,-6.585782327164));
#192 = CARTESIAN_POINT('',(-0.898412772819,-6.728291137419));
#193 = CARTESIAN_POINT('',(-0.898115968476,-6.871363361931));
#194 = CARTESIAN_POINT('',(-0.89824333049,-7.014593488551));
#195 = CARTESIAN_POINT('',(-0.898794435148,-7.157182041609));
#196 = CARTESIAN_POINT('',(-0.89976603221,-7.29830886316));
#197 = CARTESIAN_POINT('',(-0.901152496072,-7.437172696707));
#198 = CARTESIAN_POINT('',(-0.902945805509,-7.572985175435));
#199 = CARTESIAN_POINT('',(-0.905135642867,-7.704977303562));
#200 = CARTESIAN_POINT('',(-0.907709454446,-7.832402209491));
#201 = CARTESIAN_POINT('',(-0.910652512631,-7.954538528703));
#202 = CARTESIAN_POINT('',(-0.913947973959,-8.070693205871));
#203 = CARTESIAN_POINT('',(-0.917576913502,-8.180204200429));
#204 = CARTESIAN_POINT('',(-0.921518811283,-8.282455063781));
#205 = CARTESIAN_POINT('',(-0.925750977653,-8.376858740689));
#206 = CARTESIAN_POINT('',(-0.930249219447,-8.462878288898));
#207 = CARTESIAN_POINT('',(-0.93498786804,-8.540025124978));
#208 = CARTESIAN_POINT('',(-0.939940166195,-8.607862903469));
#209 = CARTESIAN_POINT('',(-0.945077606718,-8.666005384002));
#210 = CARTESIAN_POINT('',(-0.950372978849,-8.714131389066));
#211 = CARTESIAN_POINT('',(-0.955789505761,-8.751936087095));
#212 = CARTESIAN_POINT('',(-0.961330059609,-8.779367965789));
#213 = CARTESIAN_POINT('',(-0.966952802352,-8.796059915998));
#214 = CARTESIAN_POINT('',(-0.972611787292,-8.801822433567));
#215 = CARTESIAN_POINT('',(-0.978261768039,-8.796628268101));
#216 = CARTESIAN_POINT('',(-0.983857648616,-8.780613739261));
#217 = CARTESIAN_POINT('',(-0.989355360651,-8.754075653872));
#218 = CARTESIAN_POINT('',(-0.994712340954,-8.717469769384));
#219 = CARTESIAN_POINT('',(-0.999888144437,-8.671408119555));
#220 = CARTESIAN_POINT('',(-1.004844882274,-8.616660051516));
#221 = CARTESIAN_POINT('',(-1.009548182543,-8.554140346906));
#222 = CARTESIAN_POINT('',(-1.013966174442,-8.484946199106));
#223 = CARTESIAN_POINT('',(-1.018075762514,-8.410212724772));
#224 = CARTESIAN_POINT('',(-1.021841579821,-8.331646690647));
#225 = CARTESIAN_POINT('',(-1.025332507279,-8.248734388219));
#226 = CARTESIAN_POINT('',(-1.028551804125,-8.161942952562));
#227 = CARTESIAN_POINT('',(-1.031503313464,-8.071753178186));
#228 = CARTESIAN_POINT('',(-1.034190935256,-7.978586781083));
#229 = CARTESIAN_POINT('',(-1.036618638064,-7.88283141242));
#230 = CARTESIAN_POINT('',(-1.038790339424,-7.784838973311));
#231 = CARTESIAN_POINT('',(-1.04070983281,-7.684930640965));
#232 = CARTESIAN_POINT('',(-1.042380711918,-7.583399719844));
#233 = CARTESIAN_POINT('',(-1.043806303852,-7.480514757242));
#234 = CARTESIAN_POINT('',(-1.044989606649,-7.376522356337));
#235 = CARTESIAN_POINT('',(-1.045933230338,-7.271649819325));
#236 = CARTESIAN_POINT('',(-1.046639341815,-7.166107961461));
#237 = CARTESIAN_POINT('',(-1.04710960572,-7.060092904332));
#238 = CARTESIAN_POINT('',(-1.047345144859,-6.953791578576));
#239 = CARTESIAN_POINT('',(-1.047346426236,-6.847373511059));
#240 = CARTESIAN_POINT('',(-1.047113465026,-6.741074251367));
#241 = CARTESIAN_POINT('',(-1.046645835612,-6.635065105652));
#242 = CARTESIAN_POINT('',(-1.04594246887,-6.529533338661));
#243 = CARTESIAN_POINT('',(-1.045001752175,-6.424674851422));
#244 = CARTESIAN_POINT('',(-1.043821560085,-6.320699272036));
#245 = CARTESIAN_POINT('',(-1.042399306698,-6.217831863684));
#246 = CARTESIAN_POINT('',(-1.040731988549,-6.116316366443));
#247 = CARTESIAN_POINT('',(-1.038816253764,-6.01641799051));
#248 = CARTESIAN_POINT('',(-1.036648387833,-5.918425661946));
#249 = CARTESIAN_POINT('',(-1.034224620921,-5.822657986925));
#250 = CARTESIAN_POINT('',(-1.03154024879,-5.729456057514));
#251 = CARTESIAN_POINT('',(-1.028593196171,-5.639226228998));
#252 = CARTESIAN_POINT('',(-1.025338019505,-5.551349611258));
#253 = CARTESIAN_POINT('',(-1.02178489063,-5.467018703224));
#254 = CARTESIAN_POINT('',(-1.01793942285,-5.387094415769));
#255 = CARTESIAN_POINT('',(-1.013812347572,-5.31247575069));
#256 = CARTESIAN_POINT('',(-1.009416713074,-5.24399927449));
#257 = CARTESIAN_POINT('',(-1.004768435464,-5.182464624943));
#258 = CARTESIAN_POINT('',(-0.999885959852,-5.128626341443));
#259 = CARTESIAN_POINT('',(-0.994790176886,-5.083194640936));
#260 = CARTESIAN_POINT('',(-0.989504263064,-5.046834385033));
#261 = CARTESIAN_POINT('',(-0.984053632732,-5.020162657915));
#262 = CARTESIAN_POINT('',(-0.978465587866,-5.003754054801));
#263 = CARTESIAN_POINT('',(-0.974668621955,-4.999995942339));
#264 = CARTESIAN_POINT('',(-0.972757111109,-5.));
#265 = ( GEOMETRIC_REPRESENTATION_CONTEXT(2) 
PARAMETRIC_REPRESENTATION_CONTEXT() REPRESENTATION_CONTEXT('2D SPACE',''
  ) );
#266 = PCURVE('',#267,#272);
#267 = CYLINDRICAL_SURFACE('',#268,1.9);
#268 = AXIS2_PLACEMENT_3D('',#269,#270,#271);
#269 = CARTESIAN_POINT('',(14.357088638727,21.074249828161,6.9));
#270 = DIRECTION('',(0.563023083872,0.826441169732,1.110223024625E-16));
#271 = DIRECTION('',(6.250811911098E-17,9.175340151344E-17,-1.));
#272 = DEFINITIONAL_REPRESENTATION('',(#273),#365);
#273 = B_SPLINE_CURVE_WITH_KNOTS('',3,(#274,#275,#276,#277,#278,#279,
    #280,#281,#282,#283,#284,#285,#286,#287,#288,#289,#290,#291,#292,
    #293,#294,#295,#296,#297,#298,#299,#300,#301,#302,#303,#304,#305,
    #306,#307,#308,#309,#310,#311,#312,#313,#314,#315,#316,#317,#318,
    #319,#320,#321,#322,#323,#324,#325,#326,#327,#328,#329,#330,#331,
    #332,#333,#334,#335,#336,#337,#338,#339,#340,#341,#342,#343,#344,
    #345,#346,#347,#348,#349,#350,#351,#352,#353,#354,#355,#356,#357,
    #358,#359,#360,#361,#362,#363,#364),.UNSPECIFIED.,.F.,.F.,(4,1,1,1,1
    ,1,1,1,1,1,1,1,1,1,1,1,1,1,1,1,1,1,1,1,1,1,1,1,1,1,1,1,1,1,1,1,1,1,1
    ,1,1,1,1,1,1,1,1,1,1,1,1,1,1,1,1,1,1,1,1,1,1,1,1,1,1,1,1,1,1,1,1,1,1
    ,1,1,1,1,1,1,1,1,1,1,1,1,1,1,1,4),(0.5565231076,0.567886743964,
    0.579250380327,0.590614016691,0.601977653055,0.613341289418,
    0.624704925782,0.636068562146,0.647432198509,0.658795834873,
    0.670159471236,0.6815231076,0.692886743964,0.704250380327,
    0.715614016691,0.726977653055,0.738341289418,0.749704925782,
    0.761068562146,0.772432198509,0.783795834873,0.795159471236,
    0.8065231076,0.817886743964,0.829250380327,0.840614016691,
    0.851977653055,0.863341289418,0.874704925782,0.886068562146,
    0.897432198509,0.908795834873,0.920159471236,0.9315231076,
    0.942886743964,0.954250380327,0.965614016691,0.976977653055,
    0.988341289418,0.999704925782,1.011068562146,1.022432198509,
    1.033795834873,1.045159471236,1.0565231076,1.067886743964,
    1.079250380327,1.090614016691,1.101977653055,1.113341289418,
    1.124704925782,1.136068562146,1.147432198509,1.158795834873,
    1.170159471236,1.1815231076,1.192886743964,1.204250380327,
    1.215614016691,1.226977653055,1.238341289418,1.249704925782,
    1.261068562146,1.272432198509,1.283795834873,1.295159471236,
    1.3065231076,1.317886743964,1.329250380327,1.340614016691,
    1.351977653055,1.363341289418,1.374704925782,1.386068562146,
    1.397432198509,1.408795834873,1.420159471236,1.4315231076,
    1.442886743964,1.454250380327,1.465614016691,1.476977653055,
    1.488341289418,1.499704925782,1.511068562146,1.522432198509,
    1.533795834873,1.545159471236,1.5565231076),.QUASI_UNIFORM_KNOTS.);
#274 = CARTESIAN_POINT('',(6.28318530718,0.));
#275 = CARTESIAN_POINT('',(6.248673291196,4.106990271631E-06));
#276 = CARTESIAN_POINT('',(6.180247757822,-5.094912769746E-04));
#277 = CARTESIAN_POINT('',(6.079419533846,-2.681229266209E-03));
#278 = CARTESIAN_POINT('',(5.980401814708,-6.107100491124E-03));
#279 = CARTESIAN_POINT('',(5.88324455959,-1.058078679092E-02));
#280 = CARTESIAN_POINT('',(5.788032581806,-1.587170487068E-02));
#281 = CARTESIAN_POINT('',(5.694893586531,-2.173098670661E-02));
#282 = CARTESIAN_POINT('',(5.604003196956,-2.790532655325E-02));
#283 = CARTESIAN_POINT('',(5.515588918992,-3.414895788578E-02));
#284 = CARTESIAN_POINT('',(5.429951000175,-4.023345533441E-02));
#285 = CARTESIAN_POINT('',(5.347426227905,-4.59637983148E-02));
#286 = CARTESIAN_POINT('',(5.266345034738,-5.131556858119E-02));
#287 = CARTESIAN_POINT('',(5.186745021163,-5.616393375473E-02));
#288 = CARTESIAN_POINT('',(5.108340265732,-6.042715821401E-02));
#289 = CARTESIAN_POINT('',(5.03094431047,-6.403393361784E-02));
#290 = CARTESIAN_POINT('',(4.954352417851,-6.692989782246E-02));
#291 = CARTESIAN_POINT('',(4.878369851854,-6.907384219244E-02));
#292 = CARTESIAN_POINT('',(4.802799595542,-7.043685748533E-02));
#293 = CARTESIAN_POINT('',(4.727447236201,-7.100119718323E-02));
#294 = CARTESIAN_POINT('',(4.652097138813,-7.075877219091E-02));
#295 = CARTESIAN_POINT('',(4.576742460267,-6.971447286312E-02));
#296 = CARTESIAN_POINT('',(4.501388850713,-6.78921999312E-02));
#297 = CARTESIAN_POINT('',(4.426036554186,-6.533350849379E-02));
#298 = CARTESIAN_POINT('',(4.350685816596,-6.209666897999E-02));
#299 = CARTESIAN_POINT('',(4.275335746043,-5.825525743832E-02));
#300 = CARTESIAN_POINT('',(4.199985069919,-5.389651706377E-02));
#301 = CARTESIAN_POINT('',(4.124632608209,-4.911942230264E-02));
#302 = CARTESIAN_POINT('',(4.049278058774,-4.403247826607E-02));
#303 = CARTESIAN_POINT('',(3.973923044789,-3.875119318662E-02));
#304 = CARTESIAN_POINT('',(3.898563499217,-3.339509203735E-02));
#305 = CARTESIAN_POINT('',(3.823203666575,-2.808590980633E-02));
#306 = CARTESIAN_POINT('',(3.747844607185,-2.29440694651E-02));
#307 = CARTESIAN_POINT('',(3.672487273168,-1.808603923197E-02));
#308 = CARTESIAN_POINT('',(3.597129249835,-1.36216497272E-02));
#309 = CARTESIAN_POINT('',(3.521776042636,-9.651973400447E-03));
#310 = CARTESIAN_POINT('',(3.446401860582,-6.266141407949E-03));
#311 = CARTESIAN_POINT('',(3.371099497733,-3.542994850508E-03));
#312 = CARTESIAN_POINT('',(3.295411932751,-1.532046333244E-03));
#313 = CARTESIAN_POINT('',(3.219496467796,-2.939628809517E-04));
#314 = CARTESIAN_POINT('',(3.143541226711,1.359834187232E-04));
#315 = CARTESIAN_POINT('',(3.067717791764,-2.516144827316E-04));
#316 = CARTESIAN_POINT('',(2.992199865117,-1.439978391653E-03));
#317 = CARTESIAN_POINT('',(2.917163983972,-3.387091952368E-03));
#318 = CARTESIAN_POINT('',(2.842795195219,-6.02754513486E-03));
#319 = CARTESIAN_POINT('',(2.769290930633,-9.275342099207E-03));
#320 = CARTESIAN_POINT('',(2.696868195834,-1.30273021948E-02));
#321 = CARTESIAN_POINT('',(2.625761370887,-1.716781275991E-02));
#322 = CARTESIAN_POINT('',(2.55625722069,-2.15714328814E-02));
#323 = CARTESIAN_POINT('',(2.488594139012,-2.611557629503E-02));
#324 = CARTESIAN_POINT('',(2.423371372389,-3.065666493916E-02));
#325 = CARTESIAN_POINT('',(2.359421677878,-3.518731494162E-02));
#326 = CARTESIAN_POINT('',(2.296620181965,-3.964075914501E-02));
#327 = CARTESIAN_POINT('',(2.234865860707,-4.395540571488E-02));
#328 = CARTESIAN_POINT('',(2.174059622197,-4.807713716222E-02));
#329 = CARTESIAN_POINT('',(2.114108621579,-5.195821194601E-02));
#330 = CARTESIAN_POINT('',(2.054923807267,-5.555705393235E-02));
#331 = CARTESIAN_POINT('',(1.99641946371,-5.883779153964E-02));
#332 = CARTESIAN_POINT('',(1.938512346217,-6.176986162578E-02));
#333 = CARTESIAN_POINT('',(1.881121009405,-6.432760371779E-02));
#334 = CARTESIAN_POINT('',(1.824165153814,-6.64898747784E-02));
#335 = CARTESIAN_POINT('',(1.767564977145,-6.823968578371E-02));
#336 = CARTESIAN_POINT('',(1.711240687705,-6.956387247244E-02));
#337 = CARTESIAN_POINT('',(1.655111515484,-7.045279720454E-02));
#338 = CARTESIAN_POINT('',(1.599096681103,-7.090012946929E-02));
#339 = CARTESIAN_POINT('',(1.543109097195,-7.090256559578E-02));
#340 = CARTESIAN_POINT('',(1.487097276327,-7.046010585424E-02));
#341 = CARTESIAN_POINT('',(1.430975130388,-6.957610449557E-02));
#342 = CARTESIAN_POINT('',(1.37466221417,-6.825693353107E-02));
#343 = CARTESIAN_POINT('',(1.318077896714,-6.651226265788E-02));
#344 = CARTESIAN_POINT('',(1.261142089107,-6.435526355055E-02));
#345 = CARTESIAN_POINT('',(1.203774291042,-6.18028945364E-02));
#346 = CARTESIAN_POINT('',(1.145893034395,-5.887620906869E-02));
#347 = CARTESIAN_POINT('',(1.087415484536,-5.560072434367E-02));
#348 = CARTESIAN_POINT('',(1.028255884955,-5.200672728002E-02));
#349 = CARTESIAN_POINT('',(0.968328118614,-4.812993866378E-02));
#350 = CARTESIAN_POINT('',(0.907532352352,-4.401094104096E-02));
#351 = CARTESIAN_POINT('',(0.84580034158,-3.969929325032E-02));
#352 = CARTESIAN_POINT('',(0.782254243591,-3.519327685369E-02));
#353 = CARTESIAN_POINT('',(0.717187809135,-3.058327271219E-02));
#354 = CARTESIAN_POINT('',(0.650687351674,-2.595646740696E-02));
#355 = CARTESIAN_POINT('',(0.582868642707,-2.141037377629E-02));
#356 = CARTESIAN_POINT('',(0.513816119383,-1.704623192119E-02));
#357 = CARTESIAN_POINT('',(0.443601534917,-1.296756961267E-02));
#358 = CARTESIAN_POINT('',(0.37228099947,-9.277228816954E-03));
#359 = CARTESIAN_POINT('',(0.299897442396,-6.074658954264E-03));
#360 = CARTESIAN_POINT('',(0.226481400716,-3.45327412687E-03));
#361 = CARTESIAN_POINT('',(0.152051478412,-1.49719117011E-03));
#362 = CARTESIAN_POINT('',(7.661619880919E-02,-2.805902897527E-04));
#363 = CARTESIAN_POINT('',(2.565141438484E-02,1.322707326581E-06));
#364 = CARTESIAN_POINT('',(-1.7763568394E-15,0.));
#365 = ( GEOMETRIC_REPRESENTATION_CONTEXT(2) 
PARAMETRIC_REPRESENTATION_CONTEXT() REPRESENTATION_CONTEXT('2D SPACE',''
  ) );
#366 = FACE_BOUND('',#367,.F.);
#367 = EDGE_LOOP('',(#368));
#368 = ORIENTED_EDGE('',*,*,#369,.F.);
#369 = EDGE_CURVE('',#370,#370,#372,.T.);
#370 = VERTEX_POINT('',#371);
#371 = CARTESIAN_POINT('',(-14.35708863872,21.074249828161,5.));
#372 = SURFACE_CURVE('',#373,(#432,#527),.PCURVE_S1.);
#373 = B_SPLINE_CURVE_WITH_KNOTS('',8,(#374,#375,#376,#377,#378,#379,
    #380,#381,#382,#383,#384,#385,#386,#387,#388,#389,#390,#391,#392,
    #393,#394,#395,#396,#397,#398,#399,#400,#401,#402,#403,#404,#405,
    #406,#407,#408,#409,#410,#411,#412,#413,#414,#415,#416,#417,#418,
    #419,#420,#421,#422,#423,#424,#425,#426,#427,#428,#429,#430,#431),
  .UNSPECIFIED.,.T.,.F.,(9,7,7,7,7,7,7,7,9),(0.556523110686,
    0.66245816491,0.763339615415,0.867569680099,0.962316825119,
    1.108634733259,1.278176249408,1.413920515663,1.556523110686),
  .UNSPECIFIED.);
#374 = CARTESIAN_POINT('',(-14.35708863872,21.074249828161,5.));
#375 = CARTESIAN_POINT('',(-14.16762449379,21.20332457791,5.));
#376 = CARTESIAN_POINT('',(-13.98129226674,21.327415478623,5.03161287638
    ));
#377 = CARTESIAN_POINT('',(-13.80224225362,21.443929998232,
    5.092237093001));
#378 = CARTESIAN_POINT('',(-13.63420733123,21.550890449212,
    5.178519361403));
#379 = CARTESIAN_POINT('',(-13.48038137498,21.646909612761,
    5.286384873449));
#380 = CARTESIAN_POINT('',(-13.34321253414,21.73115339507,5.41108128794)
  );
#381 = CARTESIAN_POINT('',(-13.2241670486,21.803329689838,5.547232024684
    ));
#382 = CARTESIAN_POINT('',(-13.02767290903,21.921273569624,
    5.823798847227));
#383 = CARTESIAN_POINT('',(-12.94637556708,21.969418366825,
    5.966707346446));
#384 = CARTESIAN_POINT('',(-12.87930966471,22.008721635872,
    6.115496872981));
#385 = CARTESIAN_POINT('',(-12.8261193095,22.039655836583,6.268526722849
    ));
#386 = CARTESIAN_POINT('',(-12.78647550167,22.062595695791,
    6.424497179088));
#387 = CARTESIAN_POINT('',(-12.76012707066,22.077803073638,
    6.582340207323));
#388 = CARTESIAN_POINT('',(-12.74694174619,22.085413197837,
    6.741129853848));
#389 = CARTESIAN_POINT('',(-12.74694174619,22.085413197837,
    7.064143611406));
#390 = CARTESIAN_POINT('',(-12.76101659911,22.07728953756,7.22830208875)
  );
#391 = CARTESIAN_POINT('',(-12.78917316036,22.061038893118,
    7.390589155279));
#392 = CARTESIAN_POINT('',(-12.83114599399,22.036746453924,
    7.549130566377));
#393 = CARTESIAN_POINT('',(-12.88641791003,22.004577117131,7.70211011703
    ));
#394 = CARTESIAN_POINT('',(-12.95424078983,21.964776511683,
    7.847806837632));
#395 = CARTESIAN_POINT('',(-13.03365669953,21.917681851983,
    7.984623378132));
#396 = CARTESIAN_POINT('',(-13.20520612592,21.814710816981,
    8.226080349162));
#397 = CARTESIAN_POINT('',(-13.29553357291,21.760018030729,
    8.332529107411));
#398 = CARTESIAN_POINT('',(-13.39364367982,21.699999647921,
    8.429356429762));
#399 = CARTESIAN_POINT('',(-13.49855534479,21.635062058367,
    8.515591129908));
#400 = CARTESIAN_POINT('',(-13.6092013045,21.565680530841,8.590402021958
    ));
#401 = CARTESIAN_POINT('',(-13.72445671596,21.492398961478,
    8.653110003934));
#402 = CARTESIAN_POINT('',(-13.84315933239,21.415831495899,8.70319646353
    ));
#403 = CARTESIAN_POINT('',(-14.15092266079,21.214410878633,
    8.797619319135));
#404 = CARTESIAN_POINT('',(-14.34525789211,21.084555412901,
    8.824646583271));
#405 = CARTESIAN_POINT('',(-14.54102332848,20.950656484529,
    8.818257656938));
#406 = CARTESIAN_POINT('',(-14.73175909031,20.816945285409,
    8.778108881299));
#407 = CARTESIAN_POINT('',(-14.91144639322,20.687975265733,
    8.706513774883));
#408 = CARTESIAN_POINT('',(-15.07506631199,20.568165271744,
    8.608338465589));
#409 = CARTESIAN_POINT('',(-15.21909874609,20.461002618164,
    8.490905649938));
#410 = CARTESIAN_POINT('',(-15.48396407594,20.261503784834,
    8.216898239741));
#411 = CARTESIAN_POINT('',(-15.60290029299,20.170142340349,8.05146767017
    ));
#412 = CARTESIAN_POINT('',(-15.69970195504,20.09465568279,7.873252332466
    ));
#413 = CARTESIAN_POINT('',(-15.77561554217,20.034820271524,
    7.686201446911));
#414 = CARTESIAN_POINT('',(-15.83172768668,19.990284758952,
    7.493269813294));
#415 = CARTESIAN_POINT('',(-15.86884319446,19.960720769372,
    7.296735625254));
#416 = CARTESIAN_POINT('',(-15.88741819117,19.945925479125,
    7.098417829556));
#417 = CARTESIAN_POINT('',(-15.88741819117,19.945925479125,
    6.741135768413));
#418 = CARTESIAN_POINT('',(-15.87551103737,19.955409810952,
    6.582345634752));
#419 = CARTESIAN_POINT('',(-15.85171522715,19.974363788791,6.42449970695
    ));
#420 = CARTESIAN_POINT('',(-15.81585645404,20.002861067194,
    6.268526669814));
#421 = CARTESIAN_POINT('',(-15.76759983541,20.04103892647,6.115495907291
    ));
#422 = CARTESIAN_POINT('',(-15.70647700355,20.089065767224,
    5.966707023838));
#423 = CARTESIAN_POINT('',(-15.6319180085,20.147099935646,5.823799400278
    ));
#424 = CARTESIAN_POINT('',(-15.45020052471,20.286820717513,
    5.547173513877));
#425 = CARTESIAN_POINT('',(-15.33945598453,20.371191432849,
    5.411042528202));
#426 = CARTESIAN_POINT('',(-15.21088113615,20.467985771067,5.28639154337
    ));
#427 = CARTESIAN_POINT('',(-15.06527255121,20.575956574496,
    5.178561798235));
#428 = CARTESIAN_POINT('',(-14.90428243118,20.693147192365,
    5.092287502964));
#429 = CARTESIAN_POINT('',(-14.73034554049,20.817111125385,
    5.031642986434));
#430 = CARTESIAN_POINT('',(-14.54664299214,20.945113622787,5.));
#431 = CARTESIAN_POINT('',(-14.35708863872,21.074249828161,5.));
#432 = PCURVE('',#32,#433);
#433 = DEFINITIONAL_REPRESENTATION('',(#434),#526);
#434 = B_SPLINE_CURVE_WITH_KNOTS('',3,(#435,#436,#437,#438,#439,#440,
    #441,#442,#443,#444,#445,#446,#447,#448,#449,#450,#451,#452,#453,
    #454,#455,#456,#457,#458,#459,#460,#461,#462,#463,#464,#465,#466,
    #467,#468,#469,#470,#471,#472,#473,#474,#475,#476,#477,#478,#479,
    #480,#481,#482,#483,#484,#485,#486,#487,#488,#489,#490,#491,#492,
    #493,#494,#495,#496,#497,#498,#499,#500,#501,#502,#503,#504,#505,
    #506,#507,#508,#509,#510,#511,#512,#513,#514,#515,#516,#517,#518,
    #519,#520,#521,#522,#523,#524,#525),.UNSPECIFIED.,.T.,.F.,(4,1,1,1,1
    ,1,1,1,1,1,1,1,1,1,1,1,1,1,1,1,1,1,1,1,1,1,1,1,1,1,1,1,1,1,1,1,1,1,1
    ,1,1,1,1,1,1,1,1,1,1,1,1,1,1,1,1,1,1,1,1,1,1,1,1,1,1,1,1,1,1,1,1,1,1
    ,1,1,1,1,1,1,1,1,1,1,1,1,1,1,1,4),(0.556523110686,0.56788674705,
    0.579250383413,0.590614019777,0.60197765614,0.613341292504,
    0.624704928868,0.636068565231,0.647432201595,0.658795837959,
    0.670159474322,0.681523110686,0.69288674705,0.704250383413,
    0.715614019777,0.72697765614,0.738341292504,0.749704928868,
    0.761068565231,0.772432201595,0.783795837959,0.795159474322,
    0.806523110686,0.81788674705,0.829250383413,0.840614019777,
    0.85197765614,0.863341292504,0.874704928868,0.886068565231,
    0.897432201595,0.908795837959,0.920159474322,0.931523110686,
    0.94288674705,0.954250383413,0.965614019777,0.97697765614,
    0.988341292504,0.999704928868,1.011068565231,1.022432201595,
    1.033795837959,1.045159474322,1.056523110686,1.06788674705,
    1.079250383413,1.090614019777,1.10197765614,1.113341292504,
    1.124704928868,1.136068565231,1.147432201595,1.158795837959,
    1.170159474322,1.181523110686,1.19288674705,1.204250383413,
    1.215614019777,1.22697765614,1.238341292504,1.249704928868,
    1.261068565231,1.272432201595,1.283795837959,1.295159474322,
    1.306523110686,1.31788674705,1.329250383413,1.340614019777,
    1.35197765614,1.363341292504,1.374704928868,1.386068565231,
    1.397432201595,1.408795837959,1.420159474322,1.431523110686,
    1.44288674705,1.454250383413,1.465614019777,1.47697765614,
    1.488341292504,1.499704928868,1.511068565231,1.522432201595,
    1.533795837959,1.545159474322,1.556523110686),
  .QUASI_UNIFORM_KNOTS.);
#435 = CARTESIAN_POINT('',(-2.168835542481,-5.));
#436 = CARTESIAN_POINT('',(-2.166263304527,-4.999986381645));
#437 = CARTESIAN_POINT('',(-2.161166278397,-5.006801201803));
#438 = CARTESIAN_POINT('',(-2.153732121912,-5.036207902433));
#439 = CARTESIAN_POINT('',(-2.146580979822,-5.083520685452));
#440 = CARTESIAN_POINT('',(-2.13977538973,-5.147239570116));
#441 = CARTESIAN_POINT('',(-2.133371346156,-5.225724125642));
#442 = CARTESIAN_POINT('',(-2.127416903987,-5.317176869723));
#443 = CARTESIAN_POINT('',(-2.121951903866,-5.419653603448));
#444 = CARTESIAN_POINT('',(-2.117006776679,-5.531065576332));
#445 = CARTESIAN_POINT('',(-2.112603578961,-5.649189050207));
#446 = CARTESIAN_POINT('',(-2.108748749156,-5.771654917483));
#447 = CARTESIAN_POINT('',(-2.105357896436,-5.899418017054));
#448 = CARTESIAN_POINT('',(-2.102434987357,-6.031244321162));
#449 = CARTESIAN_POINT('',(-2.099966658945,-6.166456008472));
#450 = CARTESIAN_POINT('',(-2.097945198819,-6.304342570441));
#451 = CARTESIAN_POINT('',(-2.096362708528,-6.444301252183));
#452 = CARTESIAN_POINT('',(-2.09521295965,-6.585782373852));
#453 = CARTESIAN_POINT('',(-2.09449120401,-6.728291187057));
#454 = CARTESIAN_POINT('',(-2.094194399817,-6.871363414994));
#455 = CARTESIAN_POINT('',(-2.094321761986,-7.014593539679));
#456 = CARTESIAN_POINT('',(-2.09487286679,-7.157182091611));
#457 = CARTESIAN_POINT('',(-2.09584446399,-7.298308911478));
#458 = CARTESIAN_POINT('',(-2.097230927983,-7.437172743176));
#459 = CARTESIAN_POINT('',(-2.099024237543,-7.572985219813));
#460 = CARTESIAN_POINT('',(-2.101214075013,-7.704977345656));
#461 = CARTESIAN_POINT('',(-2.103787886696,-7.832402249123));
#462 = CARTESIAN_POINT('',(-2.106730944974,-7.954538565724));
#463 = CARTESIAN_POINT('',(-2.110026406385,-8.070693240151));
#464 = CARTESIAN_POINT('',(-2.113655345999,-8.180204231865));
#465 = CARTESIAN_POINT('',(-2.117597243842,-8.282455092295));
#466 = CARTESIAN_POINT('',(-2.121829410263,-8.376858766225));
#467 = CARTESIAN_POINT('',(-2.126327652097,-8.462878311426));
#468 = CARTESIAN_POINT('',(-2.131066300719,-8.540025144493));
#469 = CARTESIAN_POINT('',(-2.136018598893,-8.60786291999));
#470 = CARTESIAN_POINT('',(-2.141156039424,-8.666005397564));
#471 = CARTESIAN_POINT('',(-2.146451411559,-8.714131399747));
#472 = CARTESIAN_POINT('',(-2.151867938443,-8.751936094908));
#473 = CARTESIAN_POINT('',(-2.157408492401,-8.779367971454));
#474 = CARTESIAN_POINT('',(-2.163031235222,-8.796059919014));
#475 = CARTESIAN_POINT('',(-2.168690220202,-8.801822433668));
#476 = CARTESIAN_POINT('',(-2.174340200971,-8.796628265174));
#477 = CARTESIAN_POINT('',(-2.179936081568,-8.780613733218));
#478 = CARTESIAN_POINT('',(-2.185433793624,-8.754075644589));
#479 = CARTESIAN_POINT('',(-2.190790773934,-8.717469756787));
#480 = CARTESIAN_POINT('',(-2.195966577398,-8.67140810375));
#481 = CARTESIAN_POINT('',(-2.200923315188,-8.616660032783));
#482 = CARTESIAN_POINT('',(-2.205626615398,-8.554140325487));
#483 = CARTESIAN_POINT('',(-2.21004460724,-8.484946175052));
#484 = CARTESIAN_POINT('',(-2.214154195271,-8.410212697769));
#485 = CARTESIAN_POINT('',(-2.217920012441,-8.331646662802));
#486 = CARTESIAN_POINT('',(-2.221410939777,-8.248734359692));
#487 = CARTESIAN_POINT('',(-2.224630236505,-8.161942923609));
#488 = CARTESIAN_POINT('',(-2.227581745732,-8.071753149006));
#489 = CARTESIAN_POINT('',(-2.230269367418,-7.978586751858));
#490 = CARTESIAN_POINT('',(-2.232697070126,-7.882831383307));
#491 = CARTESIAN_POINT('',(-2.234868771392,-7.784838944452));
#492 = CARTESIAN_POINT('',(-2.236788264689,-7.684930612482));
#493 = CARTESIAN_POINT('',(-2.238459143713,-7.583399691846));
#494 = CARTESIAN_POINT('',(-2.239884735569,-7.480514729822));
#495 = CARTESIAN_POINT('',(-2.241068038294,-7.376522329579));
#496 = CARTESIAN_POINT('',(-2.242011661914,-7.271649793298));
#497 = CARTESIAN_POINT('',(-2.242717773327,-7.166107936229));
#498 = CARTESIAN_POINT('',(-2.243188037173,-7.060092879948));
#499 = CARTESIAN_POINT('',(-2.243423576257,-6.953791555085));
#500 = CARTESIAN_POINT('',(-2.243424857583,-6.847373488509));
#501 = CARTESIAN_POINT('',(-2.243191896327,-6.741074229799));
#502 = CARTESIAN_POINT('',(-2.24272426687,-6.635065085097));
#503 = CARTESIAN_POINT('',(-2.242020900089,-6.529533319146));
#504 = CARTESIAN_POINT('',(-2.24108018336,-6.424674832974));
#505 = CARTESIAN_POINT('',(-2.239899991239,-6.320699254679));
#506 = CARTESIAN_POINT('',(-2.238477737824,-6.217831847436));
#507 = CARTESIAN_POINT('',(-2.236810419652,-6.116316351321));
#508 = CARTESIAN_POINT('',(-2.234894684847,-6.016417976527));
#509 = CARTESIAN_POINT('',(-2.232726818901,-5.918425649112));
#510 = CARTESIAN_POINT('',(-2.230303051977,-5.822657975238));
#511 = CARTESIAN_POINT('',(-2.227618679839,-5.729456047001));
#512 = CARTESIAN_POINT('',(-2.224671627214,-5.639226219554));
#513 = CARTESIAN_POINT('',(-2.221416450546,-5.551349602888));
#514 = CARTESIAN_POINT('',(-2.217863321675,-5.46701869597));
#515 = CARTESIAN_POINT('',(-2.214017853905,-5.387094409632));
#516 = CARTESIAN_POINT('',(-2.209890778642,-5.312475745644));
#517 = CARTESIAN_POINT('',(-2.205495144166,-5.243999270484));
#518 = CARTESIAN_POINT('',(-2.200846866583,-5.182464621902));
#519 = CARTESIAN_POINT('',(-2.195964391003,-5.128626339271));
#520 = CARTESIAN_POINT('',(-2.190868608074,-5.083194639514));
#521 = CARTESIAN_POINT('',(-2.185582694294,-5.046834384224));
#522 = CARTESIAN_POINT('',(-2.180132064006,-5.020162657563));
#523 = CARTESIAN_POINT('',(-2.174544019188,-5.003754054734));
#524 = CARTESIAN_POINT('',(-2.17074705331,-4.999995942339));
#525 = CARTESIAN_POINT('',(-2.168835542481,-5.));
#526 = ( GEOMETRIC_REPRESENTATION_CONTEXT(2) 
PARAMETRIC_REPRESENTATION_CONTEXT() REPRESENTATION_CONTEXT('2D SPACE',''
  ) );
#527 = PCURVE('',#528,#533);
#528 = CYLINDRICAL_SURFACE('',#529,1.9);
#529 = AXIS2_PLACEMENT_3D('',#530,#531,#532);
#530 = CARTESIAN_POINT('',(-14.35708863872,21.074249828161,6.9));
#531 = DIRECTION('',(-0.563023083872,0.826441169732,1.110223024625E-16)
  );
#532 = DIRECTION('',(-6.250811911098E-17,9.175340151344E-17,-1.));
#533 = DEFINITIONAL_REPRESENTATION('',(#534),#626);
#534 = B_SPLINE_CURVE_WITH_KNOTS('',3,(#535,#536,#537,#538,#539,#540,
    #541,#542,#543,#544,#545,#546,#547,#548,#549,#550,#551,#552,#553,
    #554,#555,#556,#557,#558,#559,#560,#561,#562,#563,#564,#565,#566,
    #567,#568,#569,#570,#571,#572,#573,#574,#575,#576,#577,#578,#579,
    #580,#581,#582,#583,#584,#585,#586,#587,#588,#589,#590,#591,#592,
    #593,#594,#595,#596,#597,#598,#599,#600,#601,#602,#603,#604,#605,
    #606,#607,#608,#609,#610,#611,#612,#613,#614,#615,#616,#617,#618,
    #619,#620,#621,#622,#623,#624,#625),.UNSPECIFIED.,.F.,.F.,(4,1,1,1,1
    ,1,1,1,1,1,1,1,1,1,1,1,1,1,1,1,1,1,1,1,1,1,1,1,1,1,1,1,1,1,1,1,1,1,1
    ,1,1,1,1,1,1,1,1,1,1,1,1,1,1,1,1,1,1,1,1,1,1,1,1,1,1,1,1,1,1,1,1,1,1
    ,1,1,1,1,1,1,1,1,1,1,1,1,1,1,1,4),(0.556523110686,0.56788674705,
    0.579250383413,0.590614019777,0.60197765614,0.613341292504,
    0.624704928868,0.636068565231,0.647432201595,0.658795837959,
    0.670159474322,0.681523110686,0.69288674705,0.704250383413,
    0.715614019777,0.72697765614,0.738341292504,0.749704928868,
    0.761068565231,0.772432201595,0.783795837959,0.795159474322,
    0.806523110686,0.81788674705,0.829250383413,0.840614019777,
    0.85197765614,0.863341292504,0.874704928868,0.886068565231,
    0.897432201595,0.908795837959,0.920159474322,0.931523110686,
    0.94288674705,0.954250383413,0.965614019777,0.97697765614,
    0.988341292504,0.999704928868,1.011068565231,1.022432201595,
    1.033795837959,1.045159474322,1.056523110686,1.06788674705,
    1.079250383413,1.090614019777,1.10197765614,1.113341292504,
    1.124704928868,1.136068565231,1.147432201595,1.158795837959,
    1.170159474322,1.181523110686,1.19288674705,1.204250383413,
    1.215614019777,1.22697765614,1.238341292504,1.249704928868,
    1.261068565231,1.272432201595,1.283795837959,1.295159474322,
    1.306523110686,1.31788674705,1.329250383413,1.340614019777,
    1.35197765614,1.363341292504,1.374704928868,1.386068565231,
    1.397432201595,1.408795837959,1.420159474322,1.431523110686,
    1.44288674705,1.454250383413,1.465614019777,1.47697765614,
    1.488341292504,1.499704928868,1.511068565231,1.522432201595,
    1.533795837959,1.545159474322,1.556523110686),
  .QUASI_UNIFORM_KNOTS.);
#535 = CARTESIAN_POINT('',(6.28318530718,-7.105427357601E-15));
#536 = CARTESIAN_POINT('',(6.248673290532,4.106992273181E-06));
#537 = CARTESIAN_POINT('',(6.180247755445,-5.094913024854E-04));
#538 = CARTESIAN_POINT('',(6.079419528447,-2.681229405258E-03));
#539 = CARTESIAN_POINT('',(5.980401807011,-6.107100793298E-03));
#540 = CARTESIAN_POINT('',(5.88324454983,-1.058078728439E-02));
#541 = CARTESIAN_POINT('',(5.788032569896,-1.587170557664E-02));
#542 = CARTESIAN_POINT('',(5.694893572326,-2.173098763577E-02));
#543 = CARTESIAN_POINT('',(5.604003180605,-2.790532768825E-02));
#544 = CARTESIAN_POINT('',(5.515588901049,-3.41489591658E-02));
#545 = CARTESIAN_POINT('',(5.429950981069,-4.023345668478E-02));
#546 = CARTESIAN_POINT('',(5.347426206775,-4.596379975141E-02));
#547 = CARTESIAN_POINT('',(5.266345013971,-5.131556990467E-02));
#548 = CARTESIAN_POINT('',(5.186744999551,-5.616393500972E-02));
#549 = CARTESIAN_POINT('',(5.108340242924,-6.042715937287E-02));
#550 = CARTESIAN_POINT('',(5.03094428669,-6.403393462696E-02));
#551 = CARTESIAN_POINT('',(4.954352393539,-6.692989863041E-02));
#552 = CARTESIAN_POINT('',(4.878369826959,-6.907384277414E-02));
#553 = CARTESIAN_POINT('',(4.80279956933,-7.043685782669E-02));
#554 = CARTESIAN_POINT('',(4.727447208296,-7.100119724434E-02));
#555 = CARTESIAN_POINT('',(4.652097111879,-7.075877195638E-02));
#556 = CARTESIAN_POINT('',(4.57674243373,-6.971447235541E-02));
#557 = CARTESIAN_POINT('',(4.501388824728,-6.789219917096E-02));
#558 = CARTESIAN_POINT('',(4.426036528711,-6.533350750889E-02));
#559 = CARTESIAN_POINT('',(4.350685791642,-6.209666780204E-02));
#560 = CARTESIAN_POINT('',(4.275335721607,-5.825525610243E-02));
#561 = CARTESIAN_POINT('',(4.199985046001,-5.389651560732E-02));
#562 = CARTESIAN_POINT('',(4.124632584809,-4.911942076449E-02));
#563 = CARTESIAN_POINT('',(4.049278035892,-4.403247668549E-02));
#564 = CARTESIAN_POINT('',(3.973923022424,-3.875119160198E-02));
#565 = CARTESIAN_POINT('',(3.898563477371,-3.33950904857E-02));
#566 = CARTESIAN_POINT('',(3.823203645248,-2.808590832222E-02));
#567 = CARTESIAN_POINT('',(3.747844586376,-2.294406807987E-02));
#568 = CARTESIAN_POINT('',(3.672487252879,-1.808603797311E-02));
#569 = CARTESIAN_POINT('',(3.59712923006,-1.362164861766E-02));
#570 = CARTESIAN_POINT('',(3.521776023396,-9.651972458858E-03));
#571 = CARTESIAN_POINT('',(3.446401841799,-6.26614064626E-03));
#572 = CARTESIAN_POINT('',(3.371099479699,-3.542994281857E-03));
#573 = CARTESIAN_POINT('',(3.295411913489,-1.532045916063E-03));
#574 = CARTESIAN_POINT('',(3.219496447651,-2.939626561247E-04));
#575 = CARTESIAN_POINT('',(3.143541206093,1.359834270627E-04));
#576 = CARTESIAN_POINT('',(3.067717770805,-2.516147008204E-04));
#577 = CARTESIAN_POINT('',(2.992199843699,-1.439978839079E-03));
#578 = CARTESIAN_POINT('',(2.917163961971,-3.387092629703E-03));
#579 = CARTESIAN_POINT('',(2.842795172676,-6.027546035842E-03));
#580 = CARTESIAN_POINT('',(2.769290907776,-9.275343204655E-03));
#581 = CARTESIAN_POINT('',(2.696868172945,-1.302730347337E-02));
#582 = CARTESIAN_POINT('',(2.62576134806,-1.716781418172E-02));
#583 = CARTESIAN_POINT('',(2.556257197776,-2.157143442467E-02));
#584 = CARTESIAN_POINT('',(2.488594115645,-2.611557795757E-02));
#585 = CARTESIAN_POINT('',(2.423371350164,-3.065666654152E-02));
#586 = CARTESIAN_POINT('',(2.359421656607,-3.518731647338E-02));
#587 = CARTESIAN_POINT('',(2.296620161622,-3.964076059127E-02));
#588 = CARTESIAN_POINT('',(2.23486584123,-4.395540706374E-02));
#589 = CARTESIAN_POINT('',(2.17405960354,-4.807713840331E-02));
#590 = CARTESIAN_POINT('',(2.114108603699,-5.195821307129E-02));
#591 = CARTESIAN_POINT('',(2.054923790124,-5.555705493598E-02));
#592 = CARTESIAN_POINT('',(1.996419447267,-5.883779241799E-02));
#593 = CARTESIAN_POINT('',(1.938512330439,-6.176986237729E-02));
#594 = CARTESIAN_POINT('',(1.881120994262,-6.432760434273E-02));
#595 = CARTESIAN_POINT('',(1.824165139277,-6.64898752788E-02));
#596 = CARTESIAN_POINT('',(1.767564963187,-6.823968616299E-02));
#597 = CARTESIAN_POINT('',(1.711240674302,-6.956387273534E-02));
#598 = CARTESIAN_POINT('',(1.655111502613,-7.045279735683E-02));
#599 = CARTESIAN_POINT('',(1.599096668741,-7.09001295177E-02));
#600 = CARTESIAN_POINT('',(1.543109085328,-7.090256554778E-02));
#601 = CARTESIAN_POINT('',(1.487097264941,-7.046010571805E-02));
#602 = CARTESIAN_POINT('',(1.430975119467,-6.957610428E-02));
#603 = CARTESIAN_POINT('',(1.374662203702,-6.825693324536E-02));
#604 = CARTESIAN_POINT('',(1.31807788669,-6.651226231166E-02));
#605 = CARTESIAN_POINT('',(1.261142079518,-6.435526315374E-02));
#606 = CARTESIAN_POINT('',(1.203774281883,-6.180289409923E-02));
#607 = CARTESIAN_POINT('',(1.145893025661,-5.887620860135E-02));
#608 = CARTESIAN_POINT('',(1.087415476224,-5.560072385662E-02));
#609 = CARTESIAN_POINT('',(1.028255877068,-5.200672678354E-02));
#610 = CARTESIAN_POINT('',(0.968328111147,-4.812993816764E-02));
#611 = CARTESIAN_POINT('',(0.907532345327,-4.40109405562E-02));
#612 = CARTESIAN_POINT('',(0.845800334937,-3.969929278141E-02));
#613 = CARTESIAN_POINT('',(0.782254237336,-3.519327640911E-02));
#614 = CARTESIAN_POINT('',(0.71718780332,-3.058327230291E-02));
#615 = CARTESIAN_POINT('',(0.65068734633,-2.59564670413E-02));
#616 = CARTESIAN_POINT('',(0.582868637867,-2.141037346086E-02));
#617 = CARTESIAN_POINT('',(0.513816115074,-1.704623165999E-02));
#618 = CARTESIAN_POINT('',(0.443601531163,-1.296756940705E-02));
#619 = CARTESIAN_POINT('',(0.372280996294,-9.277228665479E-03));
#620 = CARTESIAN_POINT('',(0.299897439817,-6.074658852622E-03));
#621 = CARTESIAN_POINT('',(0.226481398754,-3.453274067807E-03));
#622 = CARTESIAN_POINT('',(0.152051477086,-1.497191144115E-03));
#623 = CARTESIAN_POINT('',(7.661619813555E-02,-2.80590284761E-04));
#624 = CARTESIAN_POINT('',(2.565141415833E-02,1.322707296373E-06));
#625 = CARTESIAN_POINT('',(3.552713678801E-15,-7.105427357601E-15));
#626 = ( GEOMETRIC_REPRESENTATION_CONTEXT(2) 
PARAMETRIC_REPRESENTATION_CONTEXT() REPRESENTATION_CONTEXT('2D SPACE',''
  ) );
#627 = FACE_BOUND('',#628,.F.);
#628 = EDGE_LOOP('',(#629,#657,#718,#751,#830,#856,#953,#986));
#629 = ORIENTED_EDGE('',*,*,#630,.F.);
#630 = EDGE_CURVE('',#631,#633,#635,.T.);
#631 = VERTEX_POINT('',#632);
#632 = CARTESIAN_POINT('',(5.,-25.0049995001,8.));
#633 = VERTEX_POINT('',#634);
#634 = CARTESIAN_POINT('',(5.,-25.0049995001,7.5));
#635 = SURFACE_CURVE('',#636,(#640,#646),.PCURVE_S1.);
#636 = LINE('',#637,#638);
#637 = CARTESIAN_POINT('',(5.,-25.0049995001,0.));
#638 = VECTOR('',#639,1.);
#639 = DIRECTION('',(-0.,-0.,-1.));
#640 = PCURVE('',#32,#641);
#641 = DEFINITIONAL_REPRESENTATION('',(#642),#645);
#642 = B_SPLINE_CURVE_WITH_KNOTS('',1,(#643,#644),.UNSPECIFIED.,.F.,.F.,
  (2,2),(-8.05,-7.45),.PIECEWISE_BEZIER_KNOTS.);
#643 = CARTESIAN_POINT('',(-4.909746089935,-8.05));
#644 = CARTESIAN_POINT('',(-4.909746089935,-7.45));
#645 = ( GEOMETRIC_REPRESENTATION_CONTEXT(2) 
PARAMETRIC_REPRESENTATION_CONTEXT() REPRESENTATION_CONTEXT('2D SPACE',''
  ) );
#646 = PCURVE('',#647,#652);
#647 = PLANE('',#648);
#648 = AXIS2_PLACEMENT_3D('',#649,#650,#651);
#649 = CARTESIAN_POINT('',(5.,-24.5,6.));
#650 = DIRECTION('',(-1.,1.224646799147E-16,0.));
#651 = DIRECTION('',(0.,0.,1.));
#652 = DEFINITIONAL_REPRESENTATION('',(#653),#656);
#653 = B_SPLINE_CURVE_WITH_KNOTS('',1,(#654,#655),.UNSPECIFIED.,.F.,.F.,
  (2,2),(-8.05,-7.45),.PIECEWISE_BEZIER_KNOTS.);
#654 = CARTESIAN_POINT('',(2.05,-0.5049995001));
#655 = CARTESIAN_POINT('',(1.45,-0.5049995001));
#656 = ( GEOMETRIC_REPRESENTATION_CONTEXT(2) 
PARAMETRIC_REPRESENTATION_CONTEXT() REPRESENTATION_CONTEXT('2D SPACE',''
  ) );
#657 = ORIENTED_EDGE('',*,*,#658,.T.);
#658 = EDGE_CURVE('',#631,#659,#661,.T.);
#659 = VERTEX_POINT('',#660);
#660 = CARTESIAN_POINT('',(3.5,-25.25866188063,9.5));
#661 = SURFACE_CURVE('',#662,(#677,#695),.PCURVE_S1.);
#662 = B_SPLINE_CURVE_WITH_KNOTS('',7,(#663,#664,#665,#666,#667,#668,
    #669,#670,#671,#672,#673,#674,#675,#676),.UNSPECIFIED.,.F.,.F.,(8,6,
    8),(0.,0.480818911016,1.),.UNSPECIFIED.);
#663 = CARTESIAN_POINT('',(5.,-25.0049995001,8.));
#664 = CARTESIAN_POINT('',(5.,-25.0049995001,8.143936414346));
#665 = CARTESIAN_POINT('',(4.983886386544,-25.0082215725,8.287867857107)
  );
#666 = CARTESIAN_POINT('',(4.951660101666,-25.01466557179,8.430485942274
    ));
#667 = CARTESIAN_POINT('',(4.903115220534,-25.02430449191,8.570410056639
    ));
#668 = CARTESIAN_POINT('',(4.837902269693,-25.03707251004,8.706054192658
    ));
#669 = CARTESIAN_POINT('',(4.755587852796,-25.05283799089,8.835476763531
    ));
#670 = CARTESIAN_POINT('',(4.547987888765,-25.09138943393,9.086422011997
    ));
#671 = CARTESIAN_POINT('',(4.417534184836,-25.11505553229,9.209227136112
    ));
#672 = CARTESIAN_POINT('',(4.264825543025,-25.14187362917,9.317590221305
    ));
#673 = CARTESIAN_POINT('',(4.092254006158,-25.17086060061,9.405399475569
    ));
#674 = CARTESIAN_POINT('',(3.903722944838,-25.20075453216,9.467536184917
    ));
#675 = CARTESIAN_POINT('',(3.704302522369,-25.23035243052,9.5));
#676 = CARTESIAN_POINT('',(3.5,-25.25866188063,9.5));
#677 = PCURVE('',#32,#678);
#678 = DEFINITIONAL_REPRESENTATION('',(#679),#694);
#679 = B_SPLINE_CURVE_WITH_KNOTS('',7,(#680,#681,#682,#683,#684,#685,
    #686,#687,#688,#689,#690,#691,#692,#693),.UNSPECIFIED.,.F.,.F.,(8,6,
    8),(0.,0.480818911016,1.),.UNSPECIFIED.);
#680 = CARTESIAN_POINT('',(-4.909746089935,-8.));
#681 = CARTESIAN_POINT('',(-4.909746089935,-8.143936414346));
#682 = CARTESIAN_POINT('',(-4.909101674318,-8.287867857107));
#683 = CARTESIAN_POINT('',(-4.907812880377,-8.430485942274));
#684 = CARTESIAN_POINT('',(-4.905871997303,-8.570410056639));
#685 = CARTESIAN_POINT('',(-4.903266091439,-8.706054192658));
#686 = CARTESIAN_POINT('',(-4.899979453987,-8.835476763531));
#687 = CARTESIAN_POINT('',(-4.891699095602,-9.086422011997));
#688 = CARTESIAN_POINT('',(-4.886499807844,-9.209227136112));
#689 = CARTESIAN_POINT('',(-4.880419742805,-9.317590221305));
#690 = CARTESIAN_POINT('',(-4.873557820041,-9.40539947557));
#691 = CARTESIAN_POINT('',(-4.866072654729,-9.467536184917));
#692 = CARTESIAN_POINT('',(-4.858166947005,-9.5));
#693 = CARTESIAN_POINT('',(-4.850078532689,-9.5));
#694 = ( GEOMETRIC_REPRESENTATION_CONTEXT(2) 
PARAMETRIC_REPRESENTATION_CONTEXT() REPRESENTATION_CONTEXT('2D SPACE',''
  ) );
#695 = PCURVE('',#696,#701);
#696 = CYLINDRICAL_SURFACE('',#697,1.5);
#697 = AXIS2_PLACEMENT_3D('',#698,#699,#700);
#698 = CARTESIAN_POINT('',(3.5,-24.5,8.));
#699 = DIRECTION('',(-1.224646799147E-16,-1.,0.));
#700 = DIRECTION('',(1.,-1.224646799147E-16,0.));
#701 = DEFINITIONAL_REPRESENTATION('',(#702),#717);
#702 = B_SPLINE_CURVE_WITH_KNOTS('',7,(#703,#704,#705,#706,#707,#708,
    #709,#710,#711,#712,#713,#714,#715,#716),.UNSPECIFIED.,.F.,.F.,(8,6,
    8),(0.,0.480818911016,1.),.UNSPECIFIED.);
#703 = CARTESIAN_POINT('',(0.,0.5049995001));
#704 = CARTESIAN_POINT('',(9.595760956374E-02,0.5049995001));
#705 = CARTESIAN_POINT('',(0.19191182728,0.508221572502));
#706 = CARTESIAN_POINT('',(0.288434064907,0.514665571793));
#707 = CARTESIAN_POINT('',(0.386045118073,0.524304491918));
#708 = CARTESIAN_POINT('',(0.485292390266,0.537072510049));
#709 = CARTESIAN_POINT('',(0.586753111605,0.552837990899));
#710 = CARTESIAN_POINT('',(0.803877001271,0.591389433933));
#711 = CARTESIAN_POINT('',(0.922395189098,0.615055532291));
#712 = CARTESIAN_POINT('',(1.045291616954,0.641873629172));
#713 = CARTESIAN_POINT('',(1.171833555761,0.670860600613));
#714 = CARTESIAN_POINT('',(1.301647706575,0.700754532165));
#715 = CARTESIAN_POINT('',(1.434594645216,0.730352430523));
#716 = CARTESIAN_POINT('',(1.570796326795,0.75866188063));
#717 = ( GEOMETRIC_REPRESENTATION_CONTEXT(2) 
PARAMETRIC_REPRESENTATION_CONTEXT() REPRESENTATION_CONTEXT('2D SPACE',''
  ) );
#718 = ORIENTED_EDGE('',*,*,#719,.T.);
#719 = EDGE_CURVE('',#659,#720,#722,.T.);
#720 = VERTEX_POINT('',#721);
#721 = CARTESIAN_POINT('',(-3.5,-25.25866188063,9.5));
#722 = SURFACE_CURVE('',#723,(#728,#735),.PCURVE_S1.);
#723 = CIRCLE('',#724,25.5);
#724 = AXIS2_PLACEMENT_3D('',#725,#726,#727);
#725 = CARTESIAN_POINT('',(0.,0.,9.5));
#726 = DIRECTION('',(0.,0.,-1.));
#727 = DIRECTION('',(1.,0.,0.));
#728 = PCURVE('',#32,#729);
#729 = DEFINITIONAL_REPRESENTATION('',(#730),#734);
#730 = LINE('',#731,#732);
#731 = CARTESIAN_POINT('',(-6.28318530718,-9.5));
#732 = VECTOR('',#733,1.);
#733 = DIRECTION('',(1.,-0.));
#734 = ( GEOMETRIC_REPRESENTATION_CONTEXT(2) 
PARAMETRIC_REPRESENTATION_CONTEXT() REPRESENTATION_CONTEXT('2D SPACE',''
  ) );
#735 = PCURVE('',#736,#741);
#736 = PLANE('',#737);
#737 = AXIS2_PLACEMENT_3D('',#738,#739,#740);
#738 = CARTESIAN_POINT('',(5.,-24.5,9.5));
#739 = DIRECTION('',(0.,0.,1.));
#740 = DIRECTION('',(-1.,1.224646799147E-16,0.));
#741 = DEFINITIONAL_REPRESENTATION('',(#742),#750);
#742 = ( BOUNDED_CURVE() B_SPLINE_CURVE(2,(#743,#744,#745,#746,#747,#748
,#749),.UNSPECIFIED.,.T.,.F.) B_SPLINE_CURVE_WITH_KNOTS((1,2,2,2,2,1),(
    -2.094395102393,0.,2.094395102393,4.188790204786,6.28318530718,
8.377580409573),.UNSPECIFIED.) CURVE() GEOMETRIC_REPRESENTATION_ITEM() 
RATIONAL_B_SPLINE_CURVE((1.,0.5,1.,0.5,1.,0.5,1.)) REPRESENTATION_ITEM(
  '') );
#743 = CARTESIAN_POINT('',(-20.5,-24.5));
#744 = CARTESIAN_POINT('',(-20.5,19.667295593006));
#745 = CARTESIAN_POINT('',(17.75,-2.416352203497));
#746 = CARTESIAN_POINT('',(56.,-24.5));
#747 = CARTESIAN_POINT('',(17.75,-46.5836477965));
#748 = CARTESIAN_POINT('',(-20.5,-68.667295593));
#749 = CARTESIAN_POINT('',(-20.5,-24.5));
#750 = ( GEOMETRIC_REPRESENTATION_CONTEXT(2) 
PARAMETRIC_REPRESENTATION_CONTEXT() REPRESENTATION_CONTEXT('2D SPACE',''
  ) );
#751 = ORIENTED_EDGE('',*,*,#752,.F.);
#752 = EDGE_CURVE('',#753,#720,#755,.T.);
#753 = VERTEX_POINT('',#754);
#754 = CARTESIAN_POINT('',(-5.,-25.0049995001,8.));
#755 = SURFACE_CURVE('',#756,(#777,#801),.PCURVE_S1.);
#756 = B_SPLINE_CURVE_WITH_KNOTS('',7,(#757,#758,#759,#760,#761,#762,
    #763,#764,#765,#766,#767,#768,#769,#770,#771,#772,#773,#774,#775,
    #776),.UNSPECIFIED.,.F.,.F.,(8,6,6,8),(0.,0.478778124573,
    0.648283920605,1.),.UNSPECIFIED.);
#757 = CARTESIAN_POINT('',(-5.,-25.0049995001,8.));
#758 = CARTESIAN_POINT('',(-5.,-25.0049995001,8.143933456428));
#759 = CARTESIAN_POINT('',(-4.983887060425,-25.00822143725,
    8.287866212683));
#760 = CARTESIAN_POINT('',(-4.95166033508,-25.01466552656,8.430488135537
    ));
#761 = CARTESIAN_POINT('',(-4.903113585104,-25.0243048229,8.570416030217
    ));
#762 = CARTESIAN_POINT('',(-4.837898313606,-25.03707328866,
    8.706061638395));
#763 = CARTESIAN_POINT('',(-4.755583361258,-25.05283882498,
    8.835482192868));
#764 = CARTESIAN_POINT('',(-4.620432062766,-25.07793650555,
    8.998852048633));
#765 = CARTESIAN_POINT('',(-4.582902172569,-25.08484570999,
    9.040467791192));
#766 = CARTESIAN_POINT('',(-4.543177366584,-25.09208905731,
    9.080852617232));
#767 = CARTESIAN_POINT('',(-4.501261273701,-25.09965124496,
    9.119869015425));
#768 = CARTESIAN_POINT('',(-4.457164429987,-25.10751458411,
    9.157372357724));
#769 = CARTESIAN_POINT('',(-4.410904729993,-25.11565910618,
    9.193210698911));
#770 = CARTESIAN_POINT('',(-4.262086822185,-25.14149964414,9.29780167629
    ));
#771 = CARTESIAN_POINT('',(-4.151620751984,-25.16019822325,
    9.361116636915));
#772 = CARTESIAN_POINT('',(-4.032163233822,-25.17980425328,
    9.414729641726));
#773 = CARTESIAN_POINT('',(-3.905256859296,-25.19988044636,
    9.456658691319));
#774 = CARTESIAN_POINT('',(-3.772809065921,-25.219976743,9.485408521574)
  );
#775 = CARTESIAN_POINT('',(-3.636968225477,-25.23968269671,9.5));
#776 = CARTESIAN_POINT('',(-3.5,-25.25866188063,9.5));
#777 = PCURVE('',#32,#778);
#778 = DEFINITIONAL_REPRESENTATION('',(#779),#800);
#779 = B_SPLINE_CURVE_WITH_KNOTS('',7,(#780,#781,#782,#783,#784,#785,
    #786,#787,#788,#789,#790,#791,#792,#793,#794,#795,#796,#797,#798,
    #799),.UNSPECIFIED.,.F.,.F.,(8,6,6,8),(0.,0.478778124573,
    0.648283920605,1.),.UNSPECIFIED.);
#780 = CARTESIAN_POINT('',(-4.515031870834,-8.));
#781 = CARTESIAN_POINT('',(-4.515031870834,-8.143933456428));
#782 = CARTESIAN_POINT('',(-4.515676259498,-8.287866212683));
#783 = CARTESIAN_POINT('',(-4.516965071067,-8.430488135537));
#784 = CARTESIAN_POINT('',(-4.518906028905,-8.570416030217));
#785 = CARTESIAN_POINT('',(-4.521512027439,-8.706061638395));
#786 = CARTESIAN_POINT('',(-4.524798685932,-8.835482192868));
#787 = CARTESIAN_POINT('',(-4.530189347693,-8.998852048633));
#788 = CARTESIAN_POINT('',(-4.53168583918,-9.040467791192));
#789 = CARTESIAN_POINT('',(-4.533269355997,-9.080852617232));
#790 = CARTESIAN_POINT('',(-4.53493965577,-9.119869015425));
#791 = CARTESIAN_POINT('',(-4.536696216075,-9.157372357724));
#792 = CARTESIAN_POINT('',(-4.538538218602,-9.193210698911));
#793 = CARTESIAN_POINT('',(-4.544461540389,-9.29780167629));
#794 = CARTESIAN_POINT('',(-4.548855126534,-9.361116636915));
#795 = CARTESIAN_POINT('',(-4.553602311215,-9.414729641726));
#796 = CARTESIAN_POINT('',(-4.55864075882,-9.456658691319));
#797 = CARTESIAN_POINT('',(-4.563894060698,-9.485408521574));
#798 = CARTESIAN_POINT('',(-4.569276804106,-9.5));
#799 = CARTESIAN_POINT('',(-4.57469942808,-9.5));
#800 = ( GEOMETRIC_REPRESENTATION_CONTEXT(2) 
PARAMETRIC_REPRESENTATION_CONTEXT() REPRESENTATION_CONTEXT('2D SPACE',''
  ) );
#801 = PCURVE('',#802,#807);
#802 = CYLINDRICAL_SURFACE('',#803,1.5);
#803 = AXIS2_PLACEMENT_3D('',#804,#805,#806);
#804 = CARTESIAN_POINT('',(-3.5,-24.5,8.));
#805 = DIRECTION('',(-1.224646799147E-16,-1.,0.));
#806 = DIRECTION('',(-1.,1.224646799147E-16,0.));
#807 = DEFINITIONAL_REPRESENTATION('',(#808),#829);
#808 = B_SPLINE_CURVE_WITH_KNOTS('',7,(#809,#810,#811,#812,#813,#814,
    #815,#816,#817,#818,#819,#820,#821,#822,#823,#824,#825,#826,#827,
    #828),.UNSPECIFIED.,.F.,.F.,(8,6,6,8),(0.,0.478778124573,
    0.648283920605,1.),.UNSPECIFIED.);
#809 = CARTESIAN_POINT('',(0.,0.5049995001));
#810 = CARTESIAN_POINT('',(-9.595563761849E-02,0.5049995001));
#811 = CARTESIAN_POINT('',(-0.191910723452,0.508221437259));
#812 = CARTESIAN_POINT('',(-0.288435457549,0.514665526566));
#813 = CARTESIAN_POINT('',(-0.386049115564,0.524304822904));
#814 = CARTESIAN_POINT('',(-0.485297901745,0.537073288669));
#815 = CARTESIAN_POINT('',(-0.586757809198,0.55283882498));
#816 = CARTESIAN_POINT('',(-0.728109354026,0.577936505556));
#817 = CARTESIAN_POINT('',(-0.765434615635,0.584845709999));
#818 = CARTESIAN_POINT('',(-0.803142844232,0.592089057318));
#819 = CARTESIAN_POINT('',(-0.841251570498,0.599651244963));
#820 = CARTESIAN_POINT('',(-0.879779984526,0.607514584111));
#821 = CARTESIAN_POINT('',(-0.91874974016,0.615659106185));
#822 = CARTESIAN_POINT('',(-1.040013533847,0.641499644148));
#823 = CARTESIAN_POINT('',(-1.124536189378,0.660198223259));
#824 = CARTESIAN_POINT('',(-1.211139484788,0.679804253287));
#825 = CARTESIAN_POINT('',(-1.299381068326,0.699880446369));
#826 = CARTESIAN_POINT('',(-1.388923777703,0.719976743001));
#827 = CARTESIAN_POINT('',(-1.479484176477,0.739682696719));
#828 = CARTESIAN_POINT('',(-1.570796326795,0.75866188063));
#829 = ( GEOMETRIC_REPRESENTATION_CONTEXT(2) 
PARAMETRIC_REPRESENTATION_CONTEXT() REPRESENTATION_CONTEXT('2D SPACE',''
  ) );
#830 = ORIENTED_EDGE('',*,*,#831,.T.);
#831 = EDGE_CURVE('',#753,#832,#834,.T.);
#832 = VERTEX_POINT('',#833);
#833 = CARTESIAN_POINT('',(-5.,-25.0049995001,7.5));
#834 = SURFACE_CURVE('',#835,(#839,#845),.PCURVE_S1.);
#835 = LINE('',#836,#837);
#836 = CARTESIAN_POINT('',(-5.,-25.0049995001,0.));
#837 = VECTOR('',#838,1.);
#838 = DIRECTION('',(-0.,-0.,-1.));
#839 = PCURVE('',#32,#840);
#840 = DEFINITIONAL_REPRESENTATION('',(#841),#844);
#841 = B_SPLINE_CURVE_WITH_KNOTS('',1,(#842,#843),.UNSPECIFIED.,.F.,.F.,
  (2,2),(-8.05,-7.45),.PIECEWISE_BEZIER_KNOTS.);
#842 = CARTESIAN_POINT('',(-4.515031870834,-8.05));
#843 = CARTESIAN_POINT('',(-4.515031870834,-7.45));
#844 = ( GEOMETRIC_REPRESENTATION_CONTEXT(2) 
PARAMETRIC_REPRESENTATION_CONTEXT() REPRESENTATION_CONTEXT('2D SPACE',''
  ) );
#845 = PCURVE('',#846,#851);
#846 = PLANE('',#847);
#847 = AXIS2_PLACEMENT_3D('',#848,#849,#850);
#848 = CARTESIAN_POINT('',(-5.,-24.5,6.));
#849 = DIRECTION('',(-1.,1.224646799147E-16,0.));
#850 = DIRECTION('',(0.,0.,1.));
#851 = DEFINITIONAL_REPRESENTATION('',(#852),#855);
#852 = B_SPLINE_CURVE_WITH_KNOTS('',1,(#853,#854),.UNSPECIFIED.,.F.,.F.,
  (2,2),(-8.05,-7.45),.PIECEWISE_BEZIER_KNOTS.);
#853 = CARTESIAN_POINT('',(2.05,-0.5049995001));
#854 = CARTESIAN_POINT('',(1.45,-0.5049995001));
#855 = ( GEOMETRIC_REPRESENTATION_CONTEXT(2) 
PARAMETRIC_REPRESENTATION_CONTEXT() REPRESENTATION_CONTEXT('2D SPACE',''
  ) );
#856 = ORIENTED_EDGE('',*,*,#857,.T.);
#857 = EDGE_CURVE('',#832,#858,#860,.T.);
#858 = VERTEX_POINT('',#859);
#859 = CARTESIAN_POINT('',(-3.5,-25.25866188063,6.));
#860 = SURFACE_CURVE('',#861,(#888,#918),.PCURVE_S1.);
#861 = B_SPLINE_CURVE_WITH_KNOTS('',7,(#862,#863,#864,#865,#866,#867,
    #868,#869,#870,#871,#872,#873,#874,#875,#876,#877,#878,#879,#880,
    #881,#882,#883,#884,#885,#886,#887),.UNSPECIFIED.,.F.,.F.,(8,6,6,6,8
    ),(0.,0.478140176849,0.647415162262,0.787828106987,1.),
  .UNSPECIFIED.);
#862 = CARTESIAN_POINT('',(-5.,-25.0049995001,7.5));
#863 = CARTESIAN_POINT('',(-5.,-25.0049995001,7.356065827493));
#864 = CARTESIAN_POINT('',(-4.983886905079,-25.00822146803,
    7.212130692909));
#865 = CARTESIAN_POINT('',(-4.951659184361,-25.01466575702,
    7.069508143882));
#866 = CARTESIAN_POINT('',(-4.903112211169,-25.02430509569,
    6.929582627093));
#867 = CARTESIAN_POINT('',(-4.837898799946,-25.03707317007,
    6.793940695455));
#868 = CARTESIAN_POINT('',(-4.755586281626,-25.05283828266,
    6.664521337251));
#869 = CARTESIAN_POINT('',(-4.620432062766,-25.07793650555,
    6.501147951367));
#870 = CARTESIAN_POINT('',(-4.582902172568,-25.08484570999,
    6.459532208808));
#871 = CARTESIAN_POINT('',(-4.543177366585,-25.09208905731,
    6.419147382768));
#872 = CARTESIAN_POINT('',(-4.501261273702,-25.09965124496,
    6.380130984576));
#873 = CARTESIAN_POINT('',(-4.457164429987,-25.10751458411,
    6.342627642276));
#874 = CARTESIAN_POINT('',(-4.410904729993,-25.11565910618,
    6.306789301089));
#875 = CARTESIAN_POINT('',(-4.322362876852,-25.13103339245,
    6.244561044454));
#876 = CARTESIAN_POINT('',(-4.280742077958,-25.13818340502,6.21759833657
    ));
#877 = CARTESIAN_POINT('',(-4.237686417392,-25.14549518264,
    6.191997913349));
#878 = CARTESIAN_POINT('',(-4.19324405832,-25.15295025318,6.167867643395
    ));
#879 = CARTESIAN_POINT('',(-4.147470391061,-25.16052919677,
    6.145312650777));
#880 = CARTESIAN_POINT('',(-4.100428033087,-25.16821164582,
    6.124435315033));
#881 = CARTESIAN_POINT('',(-3.979291643994,-25.1877090935,6.076474025707
    ));
#882 = CARTESIAN_POINT('',(-3.903570451143,-25.19964428103,6.05163570269
    ));
#883 = CARTESIAN_POINT('',(-3.82547505223,-25.21167384232,6.03126996296)
  );
#884 = CARTESIAN_POINT('',(-3.745512820391,-25.2236894448,6.015726985761
    ));
#885 = CARTESIAN_POINT('',(-3.664230870171,-25.23558707703,
    6.005255364084));
#886 = CARTESIAN_POINT('',(-3.582200227557,-25.24727169702,6.));
#887 = CARTESIAN_POINT('',(-3.5,-25.25866188063,6.));
#888 = PCURVE('',#32,#889);
#889 = DEFINITIONAL_REPRESENTATION('',(#890),#917);
#890 = B_SPLINE_CURVE_WITH_KNOTS('',7,(#891,#892,#893,#894,#895,#896,
    #897,#898,#899,#900,#901,#902,#903,#904,#905,#906,#907,#908,#909,
    #910,#911,#912,#913,#914,#915,#916),.UNSPECIFIED.,.F.,.F.,(8,6,6,6,8
    ),(0.,0.478140176849,0.647415162262,0.787828106987,1.),
  .UNSPECIFIED.);
#891 = CARTESIAN_POINT('',(-4.515031870834,-7.5));
#892 = CARTESIAN_POINT('',(-4.515031870834,-7.356065827493));
#893 = CARTESIAN_POINT('',(-4.515676265707,-7.212130692909));
#894 = CARTESIAN_POINT('',(-4.516965117093,-7.069508143882));
#895 = CARTESIAN_POINT('',(-4.518906083829,-6.929582627093));
#896 = CARTESIAN_POINT('',(-4.521512007837,-6.793940695455));
#897 = CARTESIAN_POINT('',(-4.52479856945,-6.664521337251));
#898 = CARTESIAN_POINT('',(-4.530189347693,-6.501147951367));
#899 = CARTESIAN_POINT('',(-4.53168583918,-6.459532208808));
#900 = CARTESIAN_POINT('',(-4.533269355997,-6.419147382768));
#901 = CARTESIAN_POINT('',(-4.53493965577,-6.380130984576));
#902 = CARTESIAN_POINT('',(-4.536696216075,-6.342627642276));
#903 = CARTESIAN_POINT('',(-4.538538218602,-6.306789301089));
#904 = CARTESIAN_POINT('',(-4.542062403934,-6.244561044454));
#905 = CARTESIAN_POINT('',(-4.543718498609,-6.21759833657));
#906 = CARTESIAN_POINT('',(-4.545431124695,-6.191997913349));
#907 = CARTESIAN_POINT('',(-4.547198306286,-6.167867643395));
#908 = CARTESIAN_POINT('',(-4.549017784228,-6.145312650777));
#909 = CARTESIAN_POINT('',(-4.550887016127,-6.124435315033));
#910 = CARTESIAN_POINT('',(-4.555698602686,-6.076474025707));
#911 = CARTESIAN_POINT('',(-4.558704706125,-6.05163570269));
#912 = CARTESIAN_POINT('',(-4.561803359453,-6.03126996296));
#913 = CARTESIAN_POINT('',(-4.564974298359,-6.015726985761));
#914 = CARTESIAN_POINT('',(-4.56819575472,-6.005255364084));
#915 = CARTESIAN_POINT('',(-4.571445089907,-6.));
#916 = CARTESIAN_POINT('',(-4.57469942808,-6.));
#917 = ( GEOMETRIC_REPRESENTATION_CONTEXT(2) 
PARAMETRIC_REPRESENTATION_CONTEXT() REPRESENTATION_CONTEXT('2D SPACE',''
  ) );
#918 = PCURVE('',#919,#924);
#919 = CYLINDRICAL_SURFACE('',#920,1.5);
#920 = AXIS2_PLACEMENT_3D('',#921,#922,#923);
#921 = CARTESIAN_POINT('',(-3.5,-24.5,7.5));
#922 = DIRECTION('',(-1.224646799147E-16,-1.,0.));
#923 = DIRECTION('',(-1.,1.224646799147E-16,0.));
#924 = DEFINITIONAL_REPRESENTATION('',(#925),#952);
#925 = B_SPLINE_CURVE_WITH_KNOTS('',7,(#926,#927,#928,#929,#930,#931,
    #932,#933,#934,#935,#936,#937,#938,#939,#940,#941,#942,#943,#944,
    #945,#946,#947,#948,#949,#950,#951),.UNSPECIFIED.,.F.,.F.,(8,6,6,6,8
    ),(0.,0.478140176849,0.647415162262,0.787828106987,1.),
  .UNSPECIFIED.);
#926 = CARTESIAN_POINT('',(0.,0.5049995001));
#927 = CARTESIAN_POINT('',(9.595611500447E-02,0.5049995001));
#928 = CARTESIAN_POINT('',(0.191912782093,0.50822146803));
#929 = CARTESIAN_POINT('',(0.28843796629,0.51466575703));
#930 = CARTESIAN_POINT('',(0.386050233179,0.524305095692));
#931 = CARTESIAN_POINT('',(0.485296494294,0.537073170079));
#932 = CARTESIAN_POINT('',(0.586754754854,0.552838282666));
#933 = CARTESIAN_POINT('',(0.728109354027,0.577936505557));
#934 = CARTESIAN_POINT('',(0.765434615635,0.584845709999));
#935 = CARTESIAN_POINT('',(0.803142844231,0.592089057318));
#936 = CARTESIAN_POINT('',(0.841251570498,0.599651244963));
#937 = CARTESIAN_POINT('',(0.879779984526,0.607514584111));
#938 = CARTESIAN_POINT('',(0.91874974016,0.615659106185));
#939 = CARTESIAN_POINT('',(0.990897784506,0.631033392459));
#940 = CARTESIAN_POINT('',(1.023934832059,0.638183405023));
#941 = CARTESIAN_POINT('',(1.057289632763,0.645495182642));
#942 = CARTESIAN_POINT('',(1.090956752407,0.652950253181));
#943 = CARTESIAN_POINT('',(1.124932591814,0.660529196774));
#944 = CARTESIAN_POINT('',(1.159215386837,0.668211645821));
#945 = CARTESIAN_POINT('',(1.246072383066,0.687709093501));
#946 = CARTESIAN_POINT('',(1.299103935565,0.699644281035));
#947 = CARTESIAN_POINT('',(1.352742825872,0.711673842322));
#948 = CARTESIAN_POINT('',(1.406852317901,0.723689444809));
#949 = CARTESIAN_POINT('',(1.461309061601,0.735587077038));
#950 = CARTESIAN_POINT('',(1.51599617509,0.747271697025));
#951 = CARTESIAN_POINT('',(1.570796326795,0.75866188063));
#952 = ( GEOMETRIC_REPRESENTATION_CONTEXT(2) 
PARAMETRIC_REPRESENTATION_CONTEXT() REPRESENTATION_CONTEXT('2D SPACE',''
  ) );
#953 = ORIENTED_EDGE('',*,*,#954,.F.);
#954 = EDGE_CURVE('',#955,#858,#957,.T.);
#955 = VERTEX_POINT('',#956);
#956 = CARTESIAN_POINT('',(3.5,-25.25866188063,6.));
#957 = SURFACE_CURVE('',#958,(#963,#970),.PCURVE_S1.);
#958 = CIRCLE('',#959,25.5);
#959 = AXIS2_PLACEMENT_3D('',#960,#961,#962);
#960 = CARTESIAN_POINT('',(0.,0.,6.));
#961 = DIRECTION('',(0.,0.,-1.));
#962 = DIRECTION('',(1.,0.,0.));
#963 = PCURVE('',#32,#964);
#964 = DEFINITIONAL_REPRESENTATION('',(#965),#969);
#965 = LINE('',#966,#967);
#966 = CARTESIAN_POINT('',(-6.28318530718,-6.));
#967 = VECTOR('',#968,1.);
#968 = DIRECTION('',(1.,-0.));
#969 = ( GEOMETRIC_REPRESENTATION_CONTEXT(2) 
PARAMETRIC_REPRESENTATION_CONTEXT() REPRESENTATION_CONTEXT('2D SPACE',''
  ) );
#970 = PCURVE('',#971,#976);
#971 = PLANE('',#972);
#972 = AXIS2_PLACEMENT_3D('',#973,#974,#975);
#973 = CARTESIAN_POINT('',(5.,-24.5,6.));
#974 = DIRECTION('',(0.,0.,1.));
#975 = DIRECTION('',(-1.,1.224646799147E-16,0.));
#976 = DEFINITIONAL_REPRESENTATION('',(#977),#985);
#977 = ( BOUNDED_CURVE() B_SPLINE_CURVE(2,(#978,#979,#980,#981,#982,#983
,#984),.UNSPECIFIED.,.T.,.F.) B_SPLINE_CURVE_WITH_KNOTS((1,2,2,2,2,1),(
    -2.094395102393,0.,2.094395102393,4.188790204786,6.28318530718,
8.377580409573),.UNSPECIFIED.) CURVE() GEOMETRIC_REPRESENTATION_ITEM() 
RATIONAL_B_SPLINE_CURVE((1.,0.5,1.,0.5,1.,0.5,1.)) REPRESENTATION_ITEM(
  '') );
#978 = CARTESIAN_POINT('',(-20.5,-24.5));
#979 = CARTESIAN_POINT('',(-20.5,19.667295593006));
#980 = CARTESIAN_POINT('',(17.75,-2.416352203497));
#981 = CARTESIAN_POINT('',(56.,-24.5));
#982 = CARTESIAN_POINT('',(17.75,-46.5836477965));
#983 = CARTESIAN_POINT('',(-20.5,-68.667295593));
#984 = CARTESIAN_POINT('',(-20.5,-24.5));
#985 = ( GEOMETRIC_REPRESENTATION_CONTEXT(2) 
PARAMETRIC_REPRESENTATION_CONTEXT() REPRESENTATION_CONTEXT('2D SPACE',''
  ) );
#986 = ORIENTED_EDGE('',*,*,#987,.F.);
#987 = EDGE_CURVE('',#633,#955,#988,.T.);
#988 = SURFACE_CURVE('',#989,(#1004,#1022),.PCURVE_S1.);
#989 = B_SPLINE_CURVE_WITH_KNOTS('',7,(#990,#991,#992,#993,#994,#995,
    #996,#997,#998,#999,#1000,#1001,#1002,#1003),.UNSPECIFIED.,.F.,.F.,(
    8,6,8),(0.,0.480818915529,1.),.UNSPECIFIED.);
#990 = CARTESIAN_POINT('',(5.,-25.0049995001,7.5));
#991 = CARTESIAN_POINT('',(5.,-25.0049995001,7.35606358806));
#992 = CARTESIAN_POINT('',(4.983886387113,-25.0082215724,7.212132136967)
  );
#993 = CARTESIAN_POINT('',(4.951660098927,-25.01466557229,7.069514062044
    ));
#994 = CARTESIAN_POINT('',(4.903115225738,-25.02430449095,6.929589945523
    ));
#995 = CARTESIAN_POINT('',(4.837902264982,-25.03707251092,6.793945802501
    ));
#996 = CARTESIAN_POINT('',(4.755587854601,-25.05283799056,6.664523238651
    ));
#997 = CARTESIAN_POINT('',(4.547987888765,-25.09138943393,6.413577988003
    ));
#998 = CARTESIAN_POINT('',(4.417534184837,-25.11505553229,6.290772863889
    ));
#999 = CARTESIAN_POINT('',(4.264825543025,-25.14187362917,6.182409778695
    ));
#1000 = CARTESIAN_POINT('',(4.092254006158,-25.17086060061,
    6.094600524431));
#1001 = CARTESIAN_POINT('',(3.903722944838,-25.20075453216,
    6.032463815083));
#1002 = CARTESIAN_POINT('',(3.704302522369,-25.23035243052,6.));
#1003 = CARTESIAN_POINT('',(3.5,-25.25866188063,6.));
#1004 = PCURVE('',#32,#1005);
#1005 = DEFINITIONAL_REPRESENTATION('',(#1006),#1021);
#1006 = B_SPLINE_CURVE_WITH_KNOTS('',7,(#1007,#1008,#1009,#1010,#1011,
    #1012,#1013,#1014,#1015,#1016,#1017,#1018,#1019,#1020),
  .UNSPECIFIED.,.F.,.F.,(8,6,8),(0.,0.480818915529,1.),.UNSPECIFIED.);
#1007 = CARTESIAN_POINT('',(-4.909746089935,-7.5));
#1008 = CARTESIAN_POINT('',(-4.909746089935,-7.35606358806));
#1009 = CARTESIAN_POINT('',(-4.909101674341,-7.212132136967));
#1010 = CARTESIAN_POINT('',(-4.907812880268,-7.069514062044));
#1011 = CARTESIAN_POINT('',(-4.90587199751,-6.929589945523));
#1012 = CARTESIAN_POINT('',(-4.903266091251,-6.793945802501));
#1013 = CARTESIAN_POINT('',(-4.899979454059,-6.664523238651));
#1014 = CARTESIAN_POINT('',(-4.891699095602,-6.413577988003));
#1015 = CARTESIAN_POINT('',(-4.886499807844,-6.290772863889));
#1016 = CARTESIAN_POINT('',(-4.880419742805,-6.182409778694));
#1017 = CARTESIAN_POINT('',(-4.873557820041,-6.094600524431));
#1018 = CARTESIAN_POINT('',(-4.866072654729,-6.032463815083));
#1019 = CARTESIAN_POINT('',(-4.858166947005,-6.));
#1020 = CARTESIAN_POINT('',(-4.850078532689,-6.));
#1021 = ( GEOMETRIC_REPRESENTATION_CONTEXT(2) 
PARAMETRIC_REPRESENTATION_CONTEXT() REPRESENTATION_CONTEXT('2D SPACE',''
  ) );
#1022 = PCURVE('',#1023,#1028);
#1023 = CYLINDRICAL_SURFACE('',#1024,1.5);
#1024 = AXIS2_PLACEMENT_3D('',#1025,#1026,#1027);
#1025 = CARTESIAN_POINT('',(3.5,-24.5,7.5));
#1026 = DIRECTION('',(-1.224646799147E-16,-1.,0.));
#1027 = DIRECTION('',(1.,-1.224646799147E-16,0.));
#1028 = DEFINITIONAL_REPRESENTATION('',(#1029),#1044);
#1029 = B_SPLINE_CURVE_WITH_KNOTS('',7,(#1030,#1031,#1032,#1033,#1034,
    #1035,#1036,#1037,#1038,#1039,#1040,#1041,#1042,#1043),
  .UNSPECIFIED.,.F.,.F.,(8,6,8),(0.,0.480818915529,1.),.UNSPECIFIED.);
#1030 = CARTESIAN_POINT('',(0.,0.5049995001));
#1031 = CARTESIAN_POINT('',(-9.595760796019E-02,0.5049995001));
#1032 = CARTESIAN_POINT('',(-0.191911831048,0.5082215724));
#1033 = CARTESIAN_POINT('',(-0.288434062744,0.514665572296));
#1034 = CARTESIAN_POINT('',(-0.38604511539,0.524304490951));
#1035 = CARTESIAN_POINT('',(-0.485292394595,0.537072510926));
#1036 = CARTESIAN_POINT('',(-0.586753109717,0.552837990564));
#1037 = CARTESIAN_POINT('',(-0.803877001271,0.591389433933));
#1038 = CARTESIAN_POINT('',(-0.922395189098,0.615055532291));
#1039 = CARTESIAN_POINT('',(-1.045291616954,0.641873629172));
#1040 = CARTESIAN_POINT('',(-1.17183355576,0.670860600612));
#1041 = CARTESIAN_POINT('',(-1.301647706575,0.700754532165));
#1042 = CARTESIAN_POINT('',(-1.434594645216,0.730352430523));
#1043 = CARTESIAN_POINT('',(-1.570796326795,0.75866188063));
#1044 = ( GEOMETRIC_REPRESENTATION_CONTEXT(2) 
PARAMETRIC_REPRESENTATION_CONTEXT() REPRESENTATION_CONTEXT('2D SPACE',''
  ) );
#1045 = FACE_BOUND('',#1046,.F.);
#1046 = EDGE_LOOP('',(#1047));
#1047 = ORIENTED_EDGE('',*,*,#1048,.F.);
#1048 = EDGE_CURVE('',#1049,#1049,#1051,.T.);
#1049 = VERTEX_POINT('',#1050);
#1050 = CARTESIAN_POINT('',(-13.75860191828,-21.46976649277,6.75));
#1051 = SURFACE_CURVE('',#1052,(#1097,#1170),.PCURVE_S1.);
#1052 = B_SPLINE_CURVE_WITH_KNOTS('',8,(#1053,#1054,#1055,#1056,#1057,
    #1058,#1059,#1060,#1061,#1062,#1063,#1064,#1065,#1066,#1067,#1068,
    #1069,#1070,#1071,#1072,#1073,#1074,#1075,#1076,#1077,#1078,#1079,
    #1080,#1081,#1082,#1083,#1084,#1085,#1086,#1087,#1088,#1089,#1090,
    #1091,#1092,#1093,#1094,#1095,#1096),.UNSPECIFIED.,.T.,.F.,(9,7,7,7,
    7,7,9),(0.500016915853,0.61165282003,0.751039903558,1.,
    1.248960096441,1.388369375304,1.500016915853),.UNSPECIFIED.);
#1053 = CARTESIAN_POINT('',(-13.75860191828,-21.46976649277,6.75));
#1054 = CARTESIAN_POINT('',(-13.79727448003,-21.44498371824,6.75));
#1055 = CARTESIAN_POINT('',(-13.83580475544,-21.42017984175,
    6.754822435167));
#1056 = CARTESIAN_POINT('',(-13.87365378285,-21.39570108762,
    6.764426779781));
#1057 = CARTESIAN_POINT('',(-13.91029958835,-21.37189178652,
    6.778658487374));
#1058 = CARTESIAN_POINT('',(-13.94525054383,-21.34908500038,
    6.797251595557));
#1059 = CARTESIAN_POINT('',(-13.97806185879,-21.32758995439,
    6.819832091667));
#1060 = CARTESIAN_POINT('',(-14.00835520606,-21.30767627628,
    6.845922039221));
#1061 = CARTESIAN_POINT('',(-14.07016047353,-21.26692911482,
    6.911181474611));
#1062 = CARTESIAN_POINT('',(-14.10016126072,-21.24705940078,
    6.952051450145));
#1063 = CARTESIAN_POINT('',(-14.12552594214,-21.23019503963,
    6.996744609279));
#1064 = CARTESIAN_POINT('',(-14.14601806735,-21.21652956626,
    7.044467541514));
#1065 = CARTESIAN_POINT('',(-14.16147246349,-21.20620295381,
    7.094434415588));
#1066 = CARTESIAN_POINT('',(-14.17178933132,-21.19930247377,
    7.145862850399));
#1067 = CARTESIAN_POINT('',(-14.17693260987,-21.19586237394,
    7.197974449616));
#1068 = CARTESIAN_POINT('',(-14.17693260987,-21.19586237394,
    7.342923144048));
#1069 = CARTESIAN_POINT('',(-14.1605245823,-21.20683701864,
    7.437436693175));
#1070 = CARTESIAN_POINT('',(-14.12672334386,-21.22944467657,
    7.528392059568));
#1071 = CARTESIAN_POINT('',(-14.07594888681,-21.26330367205,
    7.610142581251));
#1072 = CARTESIAN_POINT('',(-14.01003594839,-21.30694450028,
    7.677245764544));
#1073 = CARTESIAN_POINT('',(-13.93217237781,-21.35795451766,
    7.725022732207));
#1074 = CARTESIAN_POINT('',(-13.84661508271,-21.41336447771,7.75));
#1075 = CARTESIAN_POINT('',(-13.67058875385,-21.52616850782,7.75));
#1076 = CARTESIAN_POINT('',(-13.58450290249,-21.58075367626,
    7.725022732207));
#1077 = CARTESIAN_POINT('',(-13.50562881088,-21.63018681463,
    7.677245764542));
#1078 = CARTESIAN_POINT('',(-13.43844259037,-21.67184073537,
    7.610142581253));
#1079 = CARTESIAN_POINT('',(-13.38646803264,-21.70382702014,
    7.528392059567));
#1080 = CARTESIAN_POINT('',(-13.35180675294,-21.72509261691,
    7.437436693175));
#1081 = CARTESIAN_POINT('',(-13.3349809827,-21.73541539034,
    7.342923144048));
#1082 = CARTESIAN_POINT('',(-13.3349809827,-21.73541539034,
    7.197966165315));
#1083 = CARTESIAN_POINT('',(-13.34025687896,-21.73217855357,
    7.145853246856));
#1084 = CARTESIAN_POINT('',(-13.35083725283,-21.72568734861,
    7.094427889546));
#1085 = CARTESIAN_POINT('',(-13.36667508405,-21.71596074496,
    7.044465776365));
#1086 = CARTESIAN_POINT('',(-13.3876497401,-21.70305274927,
    6.996746943433));
#1087 = CARTESIAN_POINT('',(-13.41356621398,-21.68705424728,
    6.952055633093));
#1088 = CARTESIAN_POINT('',(-13.44415161036,-21.66809815149,
    6.911184684996));
#1089 = CARTESIAN_POINT('',(-13.5069967641,-21.62896489344,
    6.845921064132));
#1090 = CARTESIAN_POINT('',(-13.53774496417,-21.60976093987,
    6.819831486014));
#1091 = CARTESIAN_POINT('',(-13.57098103963,-21.58893041572,
    6.797251799051));
#1092 = CARTESIAN_POINT('',(-13.60630231548,-21.56670420207,
    6.778659317525));
#1093 = CARTESIAN_POINT('',(-13.64324252426,-21.54335692335,
    6.764427729862));
#1094 = CARTESIAN_POINT('',(-13.68129424268,-21.51919574703,
    6.754822993995));
#1095 = CARTESIAN_POINT('',(-13.71992712285,-21.49455069872,6.75));
#1096 = CARTESIAN_POINT('',(-13.75860191828,-21.46976649277,6.75));
#1097 = PCURVE('',#32,#1098);
#1098 = DEFINITIONAL_REPRESENTATION('',(#1099),#1169);
#1099 = B_SPLINE_CURVE_WITH_KNOTS('',3,(#1100,#1101,#1102,#1103,#1104,
    #1105,#1106,#1107,#1108,#1109,#1110,#1111,#1112,#1113,#1114,#1115,
    #1116,#1117,#1118,#1119,#1120,#1121,#1122,#1123,#1124,#1125,#1126,
    #1127,#1128,#1129,#1130,#1131,#1132,#1133,#1134,#1135,#1136,#1137,
    #1138,#1139,#1140,#1141,#1142,#1143,#1144,#1145,#1146,#1147,#1148,
    #1149,#1150,#1151,#1152,#1153,#1154,#1155,#1156,#1157,#1158,#1159,
    #1160,#1161,#1162,#1163,#1164,#1165,#1166,#1167,#1168),
  .UNSPECIFIED.,.T.,.F.,(4,1,1,1,1,1,1,1,1,1,1,1,1,1,1,1,1,1,1,1,1,1,1,1
    ,1,1,1,1,1,1,1,1,1,1,1,1,1,1,1,1,1,1,1,1,1,1,1,1,1,1,1,1,1,1,1,1,1,1
    ,1,1,1,1,1,1,1,1,4),(0.500016915853,0.515168431004,0.530319946156,
    0.545471461307,0.560622976459,0.57577449161,0.590926006762,
    0.606077521913,0.621229037065,0.636380552216,0.651532067368,
    0.666683582519,0.681835097671,0.696986612823,0.712138127974,
    0.727289643126,0.742441158277,0.757592673429,0.77274418858,
    0.787895703732,0.803047218883,0.818198734035,0.833350249186,
    0.848501764338,0.863653279489,0.878804794641,0.893956309792,
    0.909107824944,0.924259340095,0.939410855247,0.954562370398,
    0.96971388555,0.984865400701,1.000016915853,1.015168431004,
    1.030319946156,1.045471461307,1.060622976459,1.07577449161,
    1.090926006762,1.106077521913,1.121229037065,1.136380552216,
    1.151532067368,1.166683582519,1.181835097671,1.196986612823,
    1.212138127974,1.227289643126,1.242441158277,1.257592673429,
    1.27274418858,1.287895703732,1.303047218883,1.318198734035,
    1.333350249186,1.348501764338,1.363653279489,1.378804794641,
    1.393956309792,1.409107824944,1.424259340095,1.439410855247,
    1.454562370398,1.46971388555,1.484865400701,1.500016915853),
  .QUASI_UNIFORM_KNOTS.);
#1100 = CARTESIAN_POINT('',(-4.142482851226,-6.75));
#1101 = CARTESIAN_POINT('',(-4.141830878147,-6.749994670748));
#1102 = CARTESIAN_POINT('',(-4.140528576936,-6.75166247684));
#1103 = CARTESIAN_POINT('',(-4.138600307139,-6.75906289418));
#1104 = CARTESIAN_POINT('',(-4.136717752587,-6.771250233513));
#1105 = CARTESIAN_POINT('',(-4.13490044535,-6.78802556082));
#1106 = CARTESIAN_POINT('',(-4.133166934927,-6.809134564235));
#1107 = CARTESIAN_POINT('',(-4.131534493494,-6.834258796269));
#1108 = CARTESIAN_POINT('',(-4.13001863816,-6.863025785036));
#1109 = CARTESIAN_POINT('',(-4.128633567768,-6.894984772435));
#1110 = CARTESIAN_POINT('',(-4.127385643837,-6.929786808681));
#1111 = CARTESIAN_POINT('',(-4.126280632988,-6.96708896093));
#1112 = CARTESIAN_POINT('',(-4.125323502023,-7.006547441537));
#1113 = CARTESIAN_POINT('',(-4.124518380755,-7.047821495567));
#1114 = CARTESIAN_POINT('',(-4.123868597114,-7.09057135002));
#1115 = CARTESIAN_POINT('',(-4.123376699468,-7.134460063767));
#1116 = CARTESIAN_POINT('',(-4.123044424933,-7.179146643535));
#1117 = CARTESIAN_POINT('',(-4.122872863801,-7.224311125622));
#1118 = CARTESIAN_POINT('',(-4.122861860793,-7.269561459258));
#1119 = CARTESIAN_POINT('',(-4.123012568625,-7.314994390446));
#1120 = CARTESIAN_POINT('',(-4.123327487635,-7.360183447045));
#1121 = CARTESIAN_POINT('',(-4.12380695942,-7.404730857641));
#1122 = CARTESIAN_POINT('',(-4.124449904837,-7.448227233634));
#1123 = CARTESIAN_POINT('',(-4.125253642417,-7.490266869371));
#1124 = CARTESIAN_POINT('',(-4.126213963208,-7.53044795347));
#1125 = CARTESIAN_POINT('',(-4.127325146627,-7.568376631888));
#1126 = CARTESIAN_POINT('',(-4.128580001812,-7.603669839846));
#1127 = CARTESIAN_POINT('',(-4.12996990934,-7.635958254313));
#1128 = CARTESIAN_POINT('',(-4.131484875376,-7.664888992042));
#1129 = CARTESIAN_POINT('',(-4.13311356965,-7.690128138615));
#1130 = CARTESIAN_POINT('',(-4.134843442873,-7.711363067051));
#1131 = CARTESIAN_POINT('',(-4.1366605615,-7.728304539893));
#1132 = CARTESIAN_POINT('',(-4.138550503107,-7.74068856233));
#1133 = CARTESIAN_POINT('',(-4.140495290502,-7.748278012283));
#1134 = CARTESIAN_POINT('',(-4.142485096608,-7.750863854398));
#1135 = CARTESIAN_POINT('',(-4.144474800172,-7.748266550753));
#1136 = CARTESIAN_POINT('',(-4.146419489582,-7.740666172383));
#1137 = CARTESIAN_POINT('',(-4.148309284486,-7.728271693646));
#1138 = CARTESIAN_POINT('',(-4.150126224951,-7.711320331688));
#1139 = CARTESIAN_POINT('',(-4.151855887067,-7.690076130596));
#1140 = CARTESIAN_POINT('',(-4.153484340989,-7.664828384622));
#1141 = CARTESIAN_POINT('',(-4.154999039903,-7.63588977006));
#1142 = CARTESIAN_POINT('',(-4.156388656508,-7.603594246525));
#1143 = CARTESIAN_POINT('',(-4.157643199968,-7.568294736792));
#1144 = CARTESIAN_POINT('',(-4.158754053997,-7.530360597748));
#1145 = CARTESIAN_POINT('',(-4.159714030971,-7.490174921295));
#1146 = CARTESIAN_POINT('',(-4.160517413643,-7.448131583645));
#1147 = CARTESIAN_POINT('',(-4.161159996443,-7.40463240503));
#1148 = CARTESIAN_POINT('',(-4.161639101447,-7.360083116155));
#1149 = CARTESIAN_POINT('',(-4.161953652712,-7.314893035053));
#1150 = CARTESIAN_POINT('',(-4.1621039965,-7.26946018273));
#1151 = CARTESIAN_POINT('',(-4.162092632438,-7.224210047815));
#1152 = CARTESIAN_POINT('',(-4.161920731691,-7.179050665863));
#1153 = CARTESIAN_POINT('',(-4.161588178187,-7.134372488206));
#1154 = CARTESIAN_POINT('',(-4.1610960786,-7.090494334015));
#1155 = CARTESIAN_POINT('',(-4.160446175293,-7.047756027786));
#1156 = CARTESIAN_POINT('',(-4.15964100962,-7.006493493141));
#1157 = CARTESIAN_POINT('',(-4.158683893485,-6.967045652792));
#1158 = CARTESIAN_POINT('',(-4.157578929103,-6.92975255221));
#1159 = CARTESIAN_POINT('',(-4.156331059421,-6.894957687));
#1160 = CARTESIAN_POINT('',(-4.154945979471,-6.863003196397));
#1161 = CARTESIAN_POINT('',(-4.153430186866,-6.834241500584));
#1162 = CARTESIAN_POINT('',(-4.15179787618,-6.809122535288));
#1163 = CARTESIAN_POINT('',(-4.150064544695,-6.788018178817));
#1164 = CARTESIAN_POINT('',(-4.14824744315,-6.771246472437));
#1165 = CARTESIAN_POINT('',(-4.146365095932,-6.75906153722));
#1166 = CARTESIAN_POINT('',(-4.144437008433,-6.751662307592));
#1167 = CARTESIAN_POINT('',(-4.143134794052,-6.749994690119));
#1168 = CARTESIAN_POINT('',(-4.142482851226,-6.75));
#1169 = ( GEOMETRIC_REPRESENTATION_CONTEXT(2) 
PARAMETRIC_REPRESENTATION_CONTEXT() REPRESENTATION_CONTEXT('2D SPACE',''
  ) );
#1170 = PCURVE('',#1171,#1176);
#1171 = CYLINDRICAL_SURFACE('',#1172,0.5);
#1172 = AXIS2_PLACEMENT_3D('',#1173,#1174,#1175);
#1173 = CARTESIAN_POINT('',(-13.75860191828,-21.46976649277,7.25));
#1174 = DIRECTION('',(-0.539553016403,-0.841951627168,1.110223024625E-16
    ));
#1175 = DIRECTION('',(-5.990241818169E-17,-9.34754082102E-17,-1.));
#1176 = DEFINITIONAL_REPRESENTATION('',(#1177),#1247);
#1177 = B_SPLINE_CURVE_WITH_KNOTS('',3,(#1178,#1179,#1180,#1181,#1182,
    #1183,#1184,#1185,#1186,#1187,#1188,#1189,#1190,#1191,#1192,#1193,
    #1194,#1195,#1196,#1197,#1198,#1199,#1200,#1201,#1202,#1203,#1204,
    #1205,#1206,#1207,#1208,#1209,#1210,#1211,#1212,#1213,#1214,#1215,
    #1216,#1217,#1218,#1219,#1220,#1221,#1222,#1223,#1224,#1225,#1226,
    #1227,#1228,#1229,#1230,#1231,#1232,#1233,#1234,#1235,#1236,#1237,
    #1238,#1239,#1240,#1241,#1242,#1243,#1244,#1245,#1246),
  .UNSPECIFIED.,.F.,.F.,(4,1,1,1,1,1,1,1,1,1,1,1,1,1,1,1,1,1,1,1,1,1,1,1
    ,1,1,1,1,1,1,1,1,1,1,1,1,1,1,1,1,1,1,1,1,1,1,1,1,1,1,1,1,1,1,1,1,1,1
    ,1,1,1,1,1,1,1,1,4),(0.500016915853,0.515168431004,0.530319946156,
    0.545471461307,0.560622976459,0.57577449161,0.590926006762,
    0.606077521913,0.621229037065,0.636380552216,0.651532067368,
    0.666683582519,0.681835097671,0.696986612823,0.712138127974,
    0.727289643126,0.742441158277,0.757592673429,0.77274418858,
    0.787895703732,0.803047218883,0.818198734035,0.833350249186,
    0.848501764338,0.863653279489,0.878804794641,0.893956309792,
    0.909107824944,0.924259340095,0.939410855247,0.954562370398,
    0.96971388555,0.984865400701,1.000016915853,1.015168431004,
    1.030319946156,1.045471461307,1.060622976459,1.07577449161,
    1.090926006762,1.106077521913,1.121229037065,1.136380552216,
    1.151532067368,1.166683582519,1.181835097671,1.196986612823,
    1.212138127974,1.227289643126,1.242441158277,1.257592673429,
    1.27274418858,1.287895703732,1.303047218883,1.318198734035,
    1.333350249186,1.348501764338,1.363653279489,1.378804794641,
    1.393956309792,1.409107824944,1.424259340095,1.439410855247,
    1.454562370398,1.46971388555,1.484865400701,1.500016915853),
  .QUASI_UNIFORM_KNOTS.);
#1178 = CARTESIAN_POINT('',(6.28318530718,0.));
#1179 = CARTESIAN_POINT('',(6.249937564429,3.297207486794E-07));
#1180 = CARTESIAN_POINT('',(6.183515487021,-3.277867536444E-05));
#1181 = CARTESIAN_POINT('',(6.084189892447,-1.766719558107E-04));
#1182 = CARTESIAN_POINT('',(5.985256005619,-4.091847302882E-04));
#1183 = CARTESIAN_POINT('',(5.886808901417,-7.195900864683E-04));
#1184 = CARTESIAN_POINT('',(5.788956908818,-1.094446970797E-03));
#1185 = CARTESIAN_POINT('',(5.691832176147,-1.517730237791E-03));
#1186 = CARTESIAN_POINT('',(5.595579912617,-1.971821939815E-03));
#1187 = CARTESIAN_POINT('',(5.500427855,-2.438083236325E-03));
#1188 = CARTESIAN_POINT('',(5.4062219201,-2.900120224289E-03));
#1189 = CARTESIAN_POINT('',(5.312830638003,-3.342444627857E-03));
#1190 = CARTESIAN_POINT('',(5.220140143519,-3.750772205574E-03));
#1191 = CARTESIAN_POINT('',(5.128044041842,-4.112362783445E-03));
#1192 = CARTESIAN_POINT('',(5.036444916445,-4.416256895025E-03));
#1193 = CARTESIAN_POINT('',(4.945248888579,-4.653478183727E-03));
#1194 = CARTESIAN_POINT('',(4.854378043907,-4.81721519452E-03));
#1195 = CARTESIAN_POINT('',(4.763719143849,-4.902858890463E-03));
#1196 = CARTESIAN_POINT('',(4.673309602438,-4.908376924359E-03));
#1197 = CARTESIAN_POINT('',(4.582213421203,-4.833054898785E-03));
#1198 = CARTESIAN_POINT('',(4.490516547806,-4.677536378584E-03));
#1199 = CARTESIAN_POINT('',(4.39822630963,-4.445610713639E-03));
#1200 = CARTESIAN_POINT('',(4.305361067715,-4.143817106688E-03));
#1201 = CARTESIAN_POINT('',(4.211926817606,-3.78139323487E-03));
#1202 = CARTESIAN_POINT('',(4.117923930778,-3.369999794984E-03));
#1203 = CARTESIAN_POINT('',(4.023345677034,-2.923385534938E-03));
#1204 = CARTESIAN_POINT('',(3.92817876745,-2.456962454048E-03));
#1205 = CARTESIAN_POINT('',(3.832403239132,-1.987314649221E-03));
#1206 = CARTESIAN_POINT('',(3.735992051484,-1.531651451226E-03));
#1207 = CARTESIAN_POINT('',(3.638911496878,-1.107220499339E-03));
#1208 = CARTESIAN_POINT('',(3.541117568721,-7.306966875961E-04));
#1209 = CARTESIAN_POINT('',(3.442566544257,-4.175642336878E-04));
#1210 = CARTESIAN_POINT('',(3.343171509639,-1.81511037839E-04));
#1211 = CARTESIAN_POINT('',(3.242959461222,-3.385297865201E-05));
#1212 = CARTESIAN_POINT('',(3.141478335301,1.69825751865E-05));
#1213 = CARTESIAN_POINT('',(3.040001262103,-3.407770195013E-05));
#1214 = CARTESIAN_POINT('',(2.939790828164,-1.819432730274E-04));
#1215 = CARTESIAN_POINT('',(2.840397833447,-4.181822800968E-04));
#1216 = CARTESIAN_POINT('',(2.741848541629,-7.314722761996E-04));
#1217 = CARTESIAN_POINT('',(2.644056265283,-1.10812087351E-03));
#1218 = CARTESIAN_POINT('',(2.546977247604,-1.532640464712E-03));
#1219 = CARTESIAN_POINT('',(2.450567515024,-1.988354200596E-03));
#1220 = CARTESIAN_POINT('',(2.354793372921,-2.458013849228E-03));
#1221 = CARTESIAN_POINT('',(2.259627797503,-2.924410834974E-03));
#1222 = CARTESIAN_POINT('',(2.165050840911,-3.370963086659E-03));
#1223 = CARTESIAN_POINT('',(2.071049228414,-3.782261794436E-03));
#1224 = CARTESIAN_POINT('',(1.977616247356,-4.144562429319E-03));
#1225 = CARTESIAN_POINT('',(1.884752274527,-4.446209357241E-03));
#1226 = CARTESIAN_POINT('',(1.792463358558,-4.677970681339E-03));
#1227 = CARTESIAN_POINT('',(1.700767738614,-4.833313226503E-03));
#1228 = CARTESIAN_POINT('',(1.609673277707,-4.908454622877E-03));
#1229 = CARTESIAN_POINT('',(1.519264011187,-4.90275546295E-03));
#1230 = CARTESIAN_POINT('',(1.428613571795,-4.81694387587E-03));
#1231 = CARTESIAN_POINT('',(1.337756538702,-4.6530755061E-03));
#1232 = CARTESIAN_POINT('',(1.246577932586,-4.415768839086E-03));
#1233 = CARTESIAN_POINT('',(1.154998075865,-4.111837165966E-03));
#1234 = CARTESIAN_POINT('',(1.062921530167,-3.750251061766E-03));
#1235 = CARTESIAN_POINT('',(0.970249473274,-3.341959044367E-03));
#1236 = CARTESIAN_POINT('',(0.876874007766,-2.899686118508E-03));
#1237 = CARTESIAN_POINT('',(0.78268048872,-2.437703717225E-03));
#1238 = CARTESIAN_POINT('',(0.687534077842,-1.971477290193E-03));
#1239 = CARTESIAN_POINT('',(0.591290674984,-1.517446223557E-03));
#1240 = CARTESIAN_POINT('',(0.494177050702,-1.094237513376E-03));
#1241 = CARTESIAN_POINT('',(0.396337253931,-7.194553580484E-04));
#1242 = CARTESIAN_POINT('',(0.297902433668,-4.091135093366E-04));
#1243 = CARTESIAN_POINT('',(0.198979933601,-1.766454955886E-04));
#1244 = CARTESIAN_POINT('',(9.966385860853E-02,-3.277520472992E-05));
#1245 = CARTESIAN_POINT('',(3.324619137571E-02,3.292551511436E-07));
#1246 = CARTESIAN_POINT('',(0.,0.));
#1247 = ( GEOMETRIC_REPRESENTATION_CONTEXT(2) 
PARAMETRIC_REPRESENTATION_CONTEXT() REPRESENTATION_CONTEXT('2D SPACE',''
  ) );
#1248 = FACE_BOUND('',#1249,.F.);
#1249 = EDGE_LOOP('',(#1250));
#1250 = ORIENTED_EDGE('',*,*,#1251,.F.);
#1251 = EDGE_CURVE('',#1252,#1252,#1254,.T.);
#1252 = VERTEX_POINT('',#1253);
#1253 = CARTESIAN_POINT('',(13.758601918284,-21.46976649277,6.75));
#1254 = SURFACE_CURVE('',#1255,(#1300,#1373),.PCURVE_S1.);
#1255 = B_SPLINE_CURVE_WITH_KNOTS('',8,(#1256,#1257,#1258,#1259,#1260,
    #1261,#1262,#1263,#1264,#1265,#1266,#1267,#1268,#1269,#1270,#1271,
    #1272,#1273,#1274,#1275,#1276,#1277,#1278,#1279,#1280,#1281,#1282,
    #1283,#1284,#1285,#1286,#1287,#1288,#1289,#1290,#1291,#1292,#1293,
    #1294,#1295,#1296,#1297,#1298,#1299),.UNSPECIFIED.,.T.,.F.,(9,7,7,7,
    7,7,9),(0.500016915961,0.611652820035,0.751039903508,1.,
    1.248960096494,1.388369375388,1.500016915961),.UNSPECIFIED.);
#1256 = CARTESIAN_POINT('',(13.758601918284,-21.46976649277,6.75));
#1257 = CARTESIAN_POINT('',(13.719929356536,-21.4945492673,6.75));
#1258 = CARTESIAN_POINT('',(13.681297064768,-21.5191939512,
    6.754822435167));
#1259 = CARTESIAN_POINT('',(13.643244766193,-21.54335550853,
    6.764426779781));
#1260 = CARTESIAN_POINT('',(13.606303366672,-21.5667035466,
    6.778658487374));
#1261 = CARTESIAN_POINT('',(13.57098085637,-21.5889305358,6.797251595557
    ));
#1262 = CARTESIAN_POINT('',(13.537744001359,-21.60976154299,
    6.819832091667));
#1263 = CARTESIAN_POINT('',(13.506995825152,-21.62896547812,
    6.845922039221));
#1264 = CARTESIAN_POINT('',(13.444154701766,-21.66809622649,
    6.91118147463));
#1265 = CARTESIAN_POINT('',(13.41356869073,-21.68705272133,
    6.952051450158));
#1266 = CARTESIAN_POINT('',(13.387650011459,-21.70305259021,
    6.996744609269));
#1267 = CARTESIAN_POINT('',(13.366673281783,-21.71596185703,
    7.044467541488));
#1268 = CARTESIAN_POINT('',(13.350834678445,-21.72568892904,
    7.09443441557));
#1269 = CARTESIAN_POINT('',(13.340255185082,-21.73217959209,
    7.145862850408));
#1270 = CARTESIAN_POINT('',(13.334980982708,-21.73541539034,
    7.197974449647));
#1271 = CARTESIAN_POINT('',(13.334980982708,-21.73541539034,
    7.342923144048));
#1272 = CARTESIAN_POINT('',(13.35180675294,-21.72509261691,
    7.437436693175));
#1273 = CARTESIAN_POINT('',(13.386468032649,-21.70382702014,
    7.528392059568));
#1274 = CARTESIAN_POINT('',(13.438442590368,-21.67184073537,
    7.610142581251));
#1275 = CARTESIAN_POINT('',(13.505628810888,-21.63018681463,
    7.677245764544));
#1276 = CARTESIAN_POINT('',(13.584502902494,-21.58075367626,
    7.725022732207));
#1277 = CARTESIAN_POINT('',(13.670588753852,-21.52616850782,7.75));
#1278 = CARTESIAN_POINT('',(13.846615082717,-21.41336447771,7.75));
#1279 = CARTESIAN_POINT('',(13.932172377812,-21.35795451766,
    7.725022732206));
#1280 = CARTESIAN_POINT('',(14.01003594839,-21.30694450028,
    7.677245764544));
#1281 = CARTESIAN_POINT('',(14.075948886816,-21.26330367205,
    7.610142581252));
#1282 = CARTESIAN_POINT('',(14.126723343864,-21.22944467657,
    7.528392059568));
#1283 = CARTESIAN_POINT('',(14.160524582302,-21.20683701864,
    7.437436693175));
#1284 = CARTESIAN_POINT('',(14.176932609875,-21.19586237394,
    7.342923144047));
#1285 = CARTESIAN_POINT('',(14.176932609875,-21.19586237394,
    7.197966165315));
#1286 = CARTESIAN_POINT('',(14.171787680133,-21.1993035789,
    7.145853246856));
#1287 = CARTESIAN_POINT('',(14.161469952104,-21.20620463254,
    7.094427889546));
#1288 = CARTESIAN_POINT('',(14.146016304038,-21.21653073915,
    7.044465776365));
#1289 = CARTESIAN_POINT('',(14.125526200007,-21.23019485954,
    6.996746943433));
#1290 = CARTESIAN_POINT('',(14.100163681845,-21.24705778801,
    6.952055633093));
#1291 = CARTESIAN_POINT('',(14.07016351399,-21.2669271103,6.911184684996
    ));
#1292 = CARTESIAN_POINT('',(14.008354282587,-21.30767688512,
    6.845921064132));
#1293 = CARTESIAN_POINT('',(13.978060908598,-21.3275905772,
    6.819831486014));
#1294 = CARTESIAN_POINT('',(13.945250358169,-21.34908511672,
    6.797251799051));
#1295 = CARTESIAN_POINT('',(13.910300623045,-21.3718911053,
    6.778659317525));
#1296 = CARTESIAN_POINT('',(13.873656004893,-21.39569964177,
    6.764427729862));
#1297 = CARTESIAN_POINT('',(13.835807566017,-21.42017802797,
    6.754822993995));
#1298 = CARTESIAN_POINT('',(13.797276713714,-21.44498228681,6.75));
#1299 = CARTESIAN_POINT('',(13.758601918284,-21.46976649277,6.75));
#1300 = PCURVE('',#32,#1301);
#1301 = DEFINITIONAL_REPRESENTATION('',(#1302),#1372);
#1302 = B_SPLINE_CURVE_WITH_KNOTS('',3,(#1303,#1304,#1305,#1306,#1307,
    #1308,#1309,#1310,#1311,#1312,#1313,#1314,#1315,#1316,#1317,#1318,
    #1319,#1320,#1321,#1322,#1323,#1324,#1325,#1326,#1327,#1328,#1329,
    #1330,#1331,#1332,#1333,#1334,#1335,#1336,#1337,#1338,#1339,#1340,
    #1341,#1342,#1343,#1344,#1345,#1346,#1347,#1348,#1349,#1350,#1351,
    #1352,#1353,#1354,#1355,#1356,#1357,#1358,#1359,#1360,#1361,#1362,
    #1363,#1364,#1365,#1366,#1367,#1368,#1369,#1370,#1371),
  .UNSPECIFIED.,.T.,.F.,(4,1,1,1,1,1,1,1,1,1,1,1,1,1,1,1,1,1,1,1,1,1,1,1
    ,1,1,1,1,1,1,1,1,1,1,1,1,1,1,1,1,1,1,1,1,1,1,1,1,1,1,1,1,1,1,1,1,1,1
    ,1,1,1,1,1,1,1,1,4),(0.500016915961,0.515168431113,0.530319946264,
    0.545471461416,0.560622976567,0.575774491719,0.59092600687,
    0.606077522022,0.621229037174,0.636380552325,0.651532067477,
    0.666683582628,0.68183509778,0.696986612931,0.712138128083,
    0.727289643234,0.742441158386,0.757592673537,0.772744188689,
    0.78789570384,0.803047218992,0.818198734143,0.833350249295,
    0.848501764446,0.863653279598,0.878804794749,0.893956309901,
    0.909107825052,0.924259340204,0.939410855355,0.954562370507,
    0.969713885658,0.98486540081,1.000016915961,1.015168431113,
    1.030319946264,1.045471461416,1.060622976567,1.075774491719,
    1.09092600687,1.106077522022,1.121229037174,1.136380552325,
    1.151532067477,1.166683582628,1.18183509778,1.196986612931,
    1.212138128083,1.227289643234,1.242441158386,1.257592673537,
    1.272744188689,1.28789570384,1.303047218992,1.318198734143,
    1.333350249295,1.348501764446,1.363653279598,1.378804794749,
    1.393956309901,1.409107825052,1.424259340204,1.439410855355,
    1.454562370507,1.469713885658,1.48486540081,1.500016915961),
  .QUASI_UNIFORM_KNOTS.);
#1303 = CARTESIAN_POINT('',(-5.282295109543,-6.75));
#1304 = CARTESIAN_POINT('',(-5.281643136463,-6.749994670748));
#1305 = CARTESIAN_POINT('',(-5.28034083525,-6.751662476843));
#1306 = CARTESIAN_POINT('',(-5.278412565452,-6.759062894197));
#1307 = CARTESIAN_POINT('',(-5.276530010899,-6.771250233552));
#1308 = CARTESIAN_POINT('',(-5.27471270366,-6.788025560889));
#1309 = CARTESIAN_POINT('',(-5.272979193236,-6.809134564341));
#1310 = CARTESIAN_POINT('',(-5.271346751802,-6.834258796418));
#1311 = CARTESIAN_POINT('',(-5.269830896467,-6.863025785233));
#1312 = CARTESIAN_POINT('',(-5.268445826075,-6.894984772682));
#1313 = CARTESIAN_POINT('',(-5.267197902144,-6.929786808961));
#1314 = CARTESIAN_POINT('',(-5.266092891296,-6.967088961235));
#1315 = CARTESIAN_POINT('',(-5.265135760332,-7.006547441865));
#1316 = CARTESIAN_POINT('',(-5.264330639066,-7.047821495922));
#1317 = CARTESIAN_POINT('',(-5.263680855425,-7.090571350406));
#1318 = CARTESIAN_POINT('',(-5.263188957781,-7.134460064189));
#1319 = CARTESIAN_POINT('',(-5.262856683247,-7.179146643991));
#1320 = CARTESIAN_POINT('',(-5.262685122117,-7.224311126102));
#1321 = CARTESIAN_POINT('',(-5.26267411911,-7.26956145973));
#1322 = CARTESIAN_POINT('',(-5.262824826944,-7.31499439091));
#1323 = CARTESIAN_POINT('',(-5.263139745955,-7.360183447495));
#1324 = CARTESIAN_POINT('',(-5.263619217742,-7.404730858073));
#1325 = CARTESIAN_POINT('',(-5.264262163161,-7.448227234045));
#1326 = CARTESIAN_POINT('',(-5.265065900742,-7.490266869758));
#1327 = CARTESIAN_POINT('',(-5.266026221534,-7.530447953829));
#1328 = CARTESIAN_POINT('',(-5.267137404954,-7.568376632217));
#1329 = CARTESIAN_POINT('',(-5.26839226014,-7.603669840143));
#1330 = CARTESIAN_POINT('',(-5.269782167668,-7.635958254576));
#1331 = CARTESIAN_POINT('',(-5.271297133706,-7.664888992269));
#1332 = CARTESIAN_POINT('',(-5.27292582798,-7.690128138806));
#1333 = CARTESIAN_POINT('',(-5.274655701203,-7.711363067204));
#1334 = CARTESIAN_POINT('',(-5.276472819831,-7.728304540007));
#1335 = CARTESIAN_POINT('',(-5.278362761438,-7.740688562405));
#1336 = CARTESIAN_POINT('',(-5.280307548833,-7.748278012321));
#1337 = CARTESIAN_POINT('',(-5.282297354938,-7.750863854398));
#1338 = CARTESIAN_POINT('',(-5.284287058502,-7.748266550717));
#1339 = CARTESIAN_POINT('',(-5.286231747912,-7.740666172315));
#1340 = CARTESIAN_POINT('',(-5.288121542814,-7.72827169355));
#1341 = CARTESIAN_POINT('',(-5.289938483279,-7.711320331567));
#1342 = CARTESIAN_POINT('',(-5.291668145394,-7.690076130453));
#1343 = CARTESIAN_POINT('',(-5.293296599314,-7.664828384462));
#1344 = CARTESIAN_POINT('',(-5.294811298228,-7.635889769886));
#1345 = CARTESIAN_POINT('',(-5.296200914832,-7.60359424634));
#1346 = CARTESIAN_POINT('',(-5.297455458291,-7.5682947366));
#1347 = CARTESIAN_POINT('',(-5.298566312319,-7.530360597551));
#1348 = CARTESIAN_POINT('',(-5.299526289292,-7.490174921096));
#1349 = CARTESIAN_POINT('',(-5.300329671963,-7.448131583448));
#1350 = CARTESIAN_POINT('',(-5.300972254762,-7.404632404836));
#1351 = CARTESIAN_POINT('',(-5.301451359765,-7.360083115967));
#1352 = CARTESIAN_POINT('',(-5.301765911029,-7.314893034873));
#1353 = CARTESIAN_POINT('',(-5.301916254816,-7.26946018256));
#1354 = CARTESIAN_POINT('',(-5.301904890754,-7.224210047655));
#1355 = CARTESIAN_POINT('',(-5.301732990006,-7.179050665714));
#1356 = CARTESIAN_POINT('',(-5.301400436502,-7.134372488069));
#1357 = CARTESIAN_POINT('',(-5.300908336915,-7.09049433389));
#1358 = CARTESIAN_POINT('',(-5.300258433608,-7.047756027675));
#1359 = CARTESIAN_POINT('',(-5.299453267934,-7.006493493043));
#1360 = CARTESIAN_POINT('',(-5.298496151799,-6.967045652708));
#1361 = CARTESIAN_POINT('',(-5.297391187417,-6.929752552138));
#1362 = CARTESIAN_POINT('',(-5.296143317735,-6.894957686941));
#1363 = CARTESIAN_POINT('',(-5.294758237785,-6.86300319635));
#1364 = CARTESIAN_POINT('',(-5.293242445181,-6.834241500548));
#1365 = CARTESIAN_POINT('',(-5.291610134495,-6.809122535263));
#1366 = CARTESIAN_POINT('',(-5.289876803009,-6.788018178801));
#1367 = CARTESIAN_POINT('',(-5.288059701465,-6.771246472427));
#1368 = CARTESIAN_POINT('',(-5.286177354247,-6.759061537216));
#1369 = CARTESIAN_POINT('',(-5.284249266749,-6.751662307591));
#1370 = CARTESIAN_POINT('',(-5.282947052368,-6.749994690119));
#1371 = CARTESIAN_POINT('',(-5.282295109543,-6.75));
#1372 = ( GEOMETRIC_REPRESENTATION_CONTEXT(2) 
PARAMETRIC_REPRESENTATION_CONTEXT() REPRESENTATION_CONTEXT('2D SPACE',''
  ) );
#1373 = PCURVE('',#1374,#1379);
#1374 = CYLINDRICAL_SURFACE('',#1375,0.5);
#1375 = AXIS2_PLACEMENT_3D('',#1376,#1377,#1378);
#1376 = CARTESIAN_POINT('',(13.758601918284,-21.46976649277,7.25));
#1377 = DIRECTION('',(0.539553016403,-0.841951627168,1.110223024625E-16)
  );
#1378 = DIRECTION('',(5.990241818169E-17,-9.34754082102E-17,-1.));
#1379 = DEFINITIONAL_REPRESENTATION('',(#1380),#1450);
#1380 = B_SPLINE_CURVE_WITH_KNOTS('',3,(#1381,#1382,#1383,#1384,#1385,
    #1386,#1387,#1388,#1389,#1390,#1391,#1392,#1393,#1394,#1395,#1396,
    #1397,#1398,#1399,#1400,#1401,#1402,#1403,#1404,#1405,#1406,#1407,
    #1408,#1409,#1410,#1411,#1412,#1413,#1414,#1415,#1416,#1417,#1418,
    #1419,#1420,#1421,#1422,#1423,#1424,#1425,#1426,#1427,#1428,#1429,
    #1430,#1431,#1432,#1433,#1434,#1435,#1436,#1437,#1438,#1439,#1440,
    #1441,#1442,#1443,#1444,#1445,#1446,#1447,#1448,#1449),
  .UNSPECIFIED.,.F.,.F.,(4,1,1,1,1,1,1,1,1,1,1,1,1,1,1,1,1,1,1,1,1,1,1,1
    ,1,1,1,1,1,1,1,1,1,1,1,1,1,1,1,1,1,1,1,1,1,1,1,1,1,1,1,1,1,1,1,1,1,1
    ,1,1,1,1,1,1,1,1,4),(0.500016915961,0.515168431113,0.530319946264,
    0.545471461416,0.560622976567,0.575774491719,0.59092600687,
    0.606077522022,0.621229037174,0.636380552325,0.651532067477,
    0.666683582628,0.68183509778,0.696986612931,0.712138128083,
    0.727289643234,0.742441158386,0.757592673537,0.772744188689,
    0.78789570384,0.803047218992,0.818198734143,0.833350249295,
    0.848501764446,0.863653279598,0.878804794749,0.893956309901,
    0.909107825052,0.924259340204,0.939410855355,0.954562370507,
    0.969713885658,0.98486540081,1.000016915961,1.015168431113,
    1.030319946264,1.045471461416,1.060622976567,1.075774491719,
    1.09092600687,1.106077522022,1.121229037174,1.136380552325,
    1.151532067477,1.166683582628,1.18183509778,1.196986612931,
    1.212138128083,1.227289643234,1.242441158386,1.257592673537,
    1.272744188689,1.28789570384,1.303047218992,1.318198734143,
    1.333350249295,1.348501764446,1.363653279598,1.378804794749,
    1.393956309901,1.409107825052,1.424259340204,1.439410855355,
    1.454562370507,1.469713885658,1.48486540081,1.500016915961),
  .QUASI_UNIFORM_KNOTS.);
#1381 = CARTESIAN_POINT('',(6.28318530718,-3.552713678801E-15));
#1382 = CARTESIAN_POINT('',(6.249937564398,3.297207374291E-07));
#1383 = CARTESIAN_POINT('',(6.183515486928,-3.277867544023E-05));
#1384 = CARTESIAN_POINT('',(6.084189892262,-1.766719561254E-04));
#1385 = CARTESIAN_POINT('',(5.985256005344,-4.091847310425E-04));
#1386 = CARTESIAN_POINT('',(5.886808901052,-7.195900876978E-04));
#1387 = CARTESIAN_POINT('',(5.788956908366,-1.094446972671E-03));
#1388 = CARTESIAN_POINT('',(5.691832175609,-1.517730240236E-03));
#1389 = CARTESIAN_POINT('',(5.595579911995,-1.971821942848E-03));
#1390 = CARTESIAN_POINT('',(5.500427854299,-2.438083239781E-03));
#1391 = CARTESIAN_POINT('',(5.406221919374,-2.900120227811E-03));
#1392 = CARTESIAN_POINT('',(5.312830637265,-3.342444631247E-03));
#1393 = CARTESIAN_POINT('',(5.220140142769,-3.750772208724E-03));
#1394 = CARTESIAN_POINT('',(5.128044041067,-4.112362786235E-03));
#1395 = CARTESIAN_POINT('',(5.03644491563,-4.416256897447E-03));
#1396 = CARTESIAN_POINT('',(4.945248887711,-4.653478185659E-03));
#1397 = CARTESIAN_POINT('',(4.854378042985,-4.817215195818E-03));
#1398 = CARTESIAN_POINT('',(4.763719142889,-4.902858890951E-03));
#1399 = CARTESIAN_POINT('',(4.673309601495,-4.908376923989E-03));
#1400 = CARTESIAN_POINT('',(4.58221342027,-4.833054897584E-03));
#1401 = CARTESIAN_POINT('',(4.490516546886,-4.677536376641E-03));
#1402 = CARTESIAN_POINT('',(4.398226308723,-4.445610710996E-03));
#1403 = CARTESIAN_POINT('',(4.305361066821,-4.143817103493E-03));
#1404 = CARTESIAN_POINT('',(4.211926816726,-3.781393231215E-03));
#1405 = CARTESIAN_POINT('',(4.117923929911,-3.369999791015E-03));
#1406 = CARTESIAN_POINT('',(4.023345676181,-2.923385530807E-03));
#1407 = CARTESIAN_POINT('',(3.928178766612,-2.456962449898E-03));
#1408 = CARTESIAN_POINT('',(3.832403238307,-1.987314645205E-03));
#1409 = CARTESIAN_POINT('',(3.735992050673,-1.531651447523E-03));
#1410 = CARTESIAN_POINT('',(3.638911496082,-1.107220496062E-03));
#1411 = CARTESIAN_POINT('',(3.541117567938,-7.306966848384E-04));
#1412 = CARTESIAN_POINT('',(3.442566543488,-4.175642315177E-04));
#1413 = CARTESIAN_POINT('',(3.343171508883,-1.815110364019E-04));
#1414 = CARTESIAN_POINT('',(3.24295946048,-3.385297791624E-05));
#1415 = CARTESIAN_POINT('',(3.141478334567,1.698257517611E-05));
#1416 = CARTESIAN_POINT('',(3.040001261403,-3.407770266569E-05));
#1417 = CARTESIAN_POINT('',(2.93979082749,-1.819432743328E-04));
#1418 = CARTESIAN_POINT('',(2.840397832801,-4.181822819188E-04));
#1419 = CARTESIAN_POINT('',(2.741848541009,-7.314722783919E-04));
#1420 = CARTESIAN_POINT('',(2.644056264689,-1.108120875986E-03));
#1421 = CARTESIAN_POINT('',(2.546977247035,-1.532640467327E-03));
#1422 = CARTESIAN_POINT('',(2.45056751448,-1.988354203224E-03));
#1423 = CARTESIAN_POINT('',(2.3547933724,-2.458013851792E-03));
#1424 = CARTESIAN_POINT('',(2.259627797006,-2.924410837376E-03));
#1425 = CARTESIAN_POINT('',(2.165050840438,-3.370963088829E-03));
#1426 = CARTESIAN_POINT('',(2.071049227963,-3.782261796311E-03));
#1427 = CARTESIAN_POINT('',(1.977616246927,-4.144562430841E-03));
#1428 = CARTESIAN_POINT('',(1.884752274121,-4.446209358444E-03));
#1429 = CARTESIAN_POINT('',(1.792463358173,-4.677970682147E-03));
#1430 = CARTESIAN_POINT('',(1.700767738252,-4.833313226974E-03));
#1431 = CARTESIAN_POINT('',(1.609673277367,-4.908454622999E-03));
#1432 = CARTESIAN_POINT('',(1.519264010868,-4.902755462781E-03));
#1433 = CARTESIAN_POINT('',(1.428613571495,-4.816943875441E-03));
#1434 = CARTESIAN_POINT('',(1.33775653842,-4.653075505466E-03));
#1435 = CARTESIAN_POINT('',(1.246577932324,-4.415768838319E-03));
#1436 = CARTESIAN_POINT('',(1.154998075622,-4.111837165062E-03));
#1437 = CARTESIAN_POINT('',(1.062921529943,-3.75025106086E-03));
#1438 = CARTESIAN_POINT('',(0.970249473068,-3.341959043436E-03));
#1439 = CARTESIAN_POINT('',(0.876874007579,-2.899686117595E-03));
#1440 = CARTESIAN_POINT('',(0.782680488553,-2.437703716414E-03));
#1441 = CARTESIAN_POINT('',(0.687534077694,-1.971477289469E-03));
#1442 = CARTESIAN_POINT('',(0.591290674856,-1.517446222981E-03));
#1443 = CARTESIAN_POINT('',(0.494177050594,-1.09423751293E-03));
#1444 = CARTESIAN_POINT('',(0.396337253844,-7.194553577421E-04));
#1445 = CARTESIAN_POINT('',(0.297902433603,-4.091135091741E-04));
#1446 = CARTESIAN_POINT('',(0.198979933558,-1.766454955215E-04));
#1447 = CARTESIAN_POINT('',(9.966385858654E-02,-3.277520471323E-05));
#1448 = CARTESIAN_POINT('',(3.324619136837E-02,3.29255152723E-07));
#1449 = CARTESIAN_POINT('',(-5.329070518201E-15,-3.552713678801E-15));
#1450 = ( GEOMETRIC_REPRESENTATION_CONTEXT(2) 
PARAMETRIC_REPRESENTATION_CONTEXT() REPRESENTATION_CONTEXT('2D SPACE',''
  ) );
#1451 = FACE_BOUND('',#1452,.F.);
#1452 = EDGE_LOOP('',(#1453,#1481,#1536,#1569,#1624,#1650,#1705,#1738));
#1453 = ORIENTED_EDGE('',*,*,#1454,.F.);
#1454 = EDGE_CURVE('',#1455,#1457,#1459,.T.);
#1455 = VERTEX_POINT('',#1456);
#1456 = CARTESIAN_POINT('',(-6.5,24.657656011876,3.54));
#1457 = VERTEX_POINT('',#1458);
#1458 = CARTESIAN_POINT('',(-6.5,24.657656011876,2.46));
#1459 = SURFACE_CURVE('',#1460,(#1464,#1470),.PCURVE_S1.);
#1460 = LINE('',#1461,#1462);
#1461 = CARTESIAN_POINT('',(-6.5,24.657656011876,0.));
#1462 = VECTOR('',#1463,1.);
#1463 = DIRECTION('',(-0.,-0.,-1.));
#1464 = PCURVE('',#32,#1465);
#1465 = DEFINITIONAL_REPRESENTATION('',(#1466),#1469);
#1466 = B_SPLINE_CURVE_WITH_KNOTS('',1,(#1467,#1468),.UNSPECIFIED.,.F.,
  .F.,(2,2),(-3.648,-2.352),.PIECEWISE_BEZIER_KNOTS.);
#1467 = CARTESIAN_POINT('',(-1.828542640259,-3.648));
#1468 = CARTESIAN_POINT('',(-1.828542640259,-2.352));
#1469 = ( GEOMETRIC_REPRESENTATION_CONTEXT(2) 
PARAMETRIC_REPRESENTATION_CONTEXT() REPRESENTATION_CONTEXT('2D SPACE',''
  ) );
#1470 = PCURVE('',#1471,#1476);
#1471 = PLANE('',#1472);
#1472 = AXIS2_PLACEMENT_3D('',#1473,#1474,#1475);
#1473 = CARTESIAN_POINT('',(-6.5,24.5,2.));
#1474 = DIRECTION('',(1.,0.,0.));
#1475 = DIRECTION('',(0.,0.,1.));
#1476 = DEFINITIONAL_REPRESENTATION('',(#1477),#1480);
#1477 = B_SPLINE_CURVE_WITH_KNOTS('',1,(#1478,#1479),.UNSPECIFIED.,.F.,
  .F.,(2,2),(-3.648,-2.352),.PIECEWISE_BEZIER_KNOTS.);
#1478 = CARTESIAN_POINT('',(1.648,-0.157656011876));
#1479 = CARTESIAN_POINT('',(0.352,-0.157656011876));
#1480 = ( GEOMETRIC_REPRESENTATION_CONTEXT(2) 
PARAMETRIC_REPRESENTATION_CONTEXT() REPRESENTATION_CONTEXT('2D SPACE',''
  ) );
#1481 = ORIENTED_EDGE('',*,*,#1482,.T.);
#1482 = EDGE_CURVE('',#1455,#1483,#1485,.T.);
#1483 = VERTEX_POINT('',#1484);
#1484 = CARTESIAN_POINT('',(-6.04,24.774349638285,4.));
#1485 = SURFACE_CURVE('',#1486,(#1499,#1515),.PCURVE_S1.);
#1486 = B_SPLINE_CURVE_WITH_KNOTS('',6,(#1487,#1488,#1489,#1490,#1491,
    #1492,#1493,#1494,#1495,#1496,#1497,#1498),.UNSPECIFIED.,.F.,.F.,(7,
    5,7),(0.,0.541739095316,1.),.UNSPECIFIED.);
#1487 = CARTESIAN_POINT('',(-6.5,24.657656011876,3.54));
#1488 = CARTESIAN_POINT('',(-6.5,24.657656011876,3.60292993382));
#1489 = CARTESIAN_POINT('',(-6.489669269859,24.66037927403,
    3.665988751914));
#1490 = CARTESIAN_POINT('',(-6.468927393298,24.665847127418,
    3.727201187808));
#1491 = CARTESIAN_POINT('',(-6.438119833782,24.673933355251,
    3.784580245021));
#1492 = CARTESIAN_POINT('',(-6.397964788279,24.684378497552,
    3.836208771616));
#1493 = CARTESIAN_POINT('',(-6.308661593286,24.707338472483,
    3.91746842678));
#1494 = CARTESIAN_POINT('',(-6.261788508792,24.719302811762,
    3.949321883397));
#1495 = CARTESIAN_POINT('',(-6.20995806611,24.732408053972,
    3.974320010746));
#1496 = CARTESIAN_POINT('',(-6.154609215238,24.746238881781,
    3.991408686823));
#1497 = CARTESIAN_POINT('',(-6.097386871295,24.760358687657,4.));
#1498 = CARTESIAN_POINT('',(-6.04,24.774349638285,4.));
#1499 = PCURVE('',#32,#1500);
#1500 = DEFINITIONAL_REPRESENTATION('',(#1501),#1514);
#1501 = B_SPLINE_CURVE_WITH_KNOTS('',6,(#1502,#1503,#1504,#1505,#1506,
    #1507,#1508,#1509,#1510,#1511,#1512,#1513),.UNSPECIFIED.,.F.,.F.,(7,
    5,7),(0.,0.541739095316,1.),.UNSPECIFIED.);
#1502 = CARTESIAN_POINT('',(-1.828542640259,-3.54));
#1503 = CARTESIAN_POINT('',(-1.828542640259,-3.60292993382));
#1504 = CARTESIAN_POINT('',(-1.828123674126,-3.665988751914));
#1505 = CARTESIAN_POINT('',(-1.827282478582,-3.727201187808));
#1506 = CARTESIAN_POINT('',(-1.826033417461,-3.784580245021));
#1507 = CARTESIAN_POINT('',(-1.824406313941,-3.836208771616));
#1508 = CARTESIAN_POINT('',(-1.820790333968,-3.91746842678));
#1509 = CARTESIAN_POINT('',(-1.818893241146,-3.949321883397));
#1510 = CARTESIAN_POINT('',(-1.816796716709,-3.974320010746));
#1511 = CARTESIAN_POINT('',(-1.814559447396,-3.991408686823));
#1512 = CARTESIAN_POINT('',(-1.812248136342,-4.));
#1513 = CARTESIAN_POINT('',(-1.809931753788,-4.));
#1514 = ( GEOMETRIC_REPRESENTATION_CONTEXT(2) 
PARAMETRIC_REPRESENTATION_CONTEXT() REPRESENTATION_CONTEXT('2D SPACE',''
  ) );
#1515 = PCURVE('',#1516,#1521);
#1516 = CYLINDRICAL_SURFACE('',#1517,0.46);
#1517 = AXIS2_PLACEMENT_3D('',#1518,#1519,#1520);
#1518 = CARTESIAN_POINT('',(-6.04,24.5,3.54));
#1519 = DIRECTION('',(0.,1.,0.));
#1520 = DIRECTION('',(-1.,0.,0.));
#1521 = DEFINITIONAL_REPRESENTATION('',(#1522),#1535);
#1522 = B_SPLINE_CURVE_WITH_KNOTS('',6,(#1523,#1524,#1525,#1526,#1527,
    #1528,#1529,#1530,#1531,#1532,#1533,#1534),.UNSPECIFIED.,.F.,.F.,(7,
    5,7),(0.,0.541739095316,1.),.UNSPECIFIED.);
#1523 = CARTESIAN_POINT('',(0.,0.157656011876));
#1524 = CARTESIAN_POINT('',(0.136804203957,0.157656011876));
#1525 = CARTESIAN_POINT('',(0.273888685469,0.16037927403));
#1526 = CARTESIAN_POINT('',(0.41156742081,0.165847127418));
#1527 = CARTESIAN_POINT('',(0.550225506092,0.173933355251));
#1528 = CARTESIAN_POINT('',(0.690327100137,0.184378497552));
#1529 = CARTESIAN_POINT('',(0.952805762456,0.207338472483));
#1530 = CARTESIAN_POINT('',(1.074775633955,0.219302811762));
#1531 = CARTESIAN_POINT('',(1.197824435441,0.232408053972));
#1532 = CARTESIAN_POINT('',(1.321646576628,0.246238881781));
#1533 = CARTESIAN_POINT('',(1.446042258762,0.260358687657));
#1534 = CARTESIAN_POINT('',(1.570796326795,0.274349638285));
#1535 = ( GEOMETRIC_REPRESENTATION_CONTEXT(2) 
PARAMETRIC_REPRESENTATION_CONTEXT() REPRESENTATION_CONTEXT('2D SPACE',''
  ) );
#1536 = ORIENTED_EDGE('',*,*,#1537,.T.);
#1537 = EDGE_CURVE('',#1483,#1538,#1540,.T.);
#1538 = VERTEX_POINT('',#1539);
#1539 = CARTESIAN_POINT('',(6.04,24.774349638285,4.));
#1540 = SURFACE_CURVE('',#1541,(#1546,#1553),.PCURVE_S1.);
#1541 = CIRCLE('',#1542,25.5);
#1542 = AXIS2_PLACEMENT_3D('',#1543,#1544,#1545);
#1543 = CARTESIAN_POINT('',(0.,0.,4.));
#1544 = DIRECTION('',(0.,0.,-1.));
#1545 = DIRECTION('',(1.,0.,0.));
#1546 = PCURVE('',#32,#1547);
#1547 = DEFINITIONAL_REPRESENTATION('',(#1548),#1552);
#1548 = LINE('',#1549,#1550);
#1549 = CARTESIAN_POINT('',(-6.28318530718,-4.));
#1550 = VECTOR('',#1551,1.);
#1551 = DIRECTION('',(1.,-0.));
#1552 = ( GEOMETRIC_REPRESENTATION_CONTEXT(2) 
PARAMETRIC_REPRESENTATION_CONTEXT() REPRESENTATION_CONTEXT('2D SPACE',''
  ) );
#1553 = PCURVE('',#1554,#1559);
#1554 = PLANE('',#1555);
#1555 = AXIS2_PLACEMENT_3D('',#1556,#1557,#1558);
#1556 = CARTESIAN_POINT('',(-6.5,24.5,4.));
#1557 = DIRECTION('',(0.,0.,1.));
#1558 = DIRECTION('',(1.,0.,0.));
#1559 = DEFINITIONAL_REPRESENTATION('',(#1560),#1568);
#1560 = ( BOUNDED_CURVE() B_SPLINE_CURVE(2,(#1561,#1562,#1563,#1564,
#1565,#1566,#1567),.UNSPECIFIED.,.T.,.F.) B_SPLINE_CURVE_WITH_KNOTS((1,2
    ,2,2,2,1),(-2.094395102393,0.,2.094395102393,4.188790204786,
6.28318530718,8.377580409573),.UNSPECIFIED.) CURVE() 
GEOMETRIC_REPRESENTATION_ITEM() RATIONAL_B_SPLINE_CURVE((1.,0.5,1.,0.5,
1.,0.5,1.)) REPRESENTATION_ITEM('') );
#1561 = CARTESIAN_POINT('',(32.,-24.5));
#1562 = CARTESIAN_POINT('',(32.,-68.667295593));
#1563 = CARTESIAN_POINT('',(-6.25,-46.5836477965));
#1564 = CARTESIAN_POINT('',(-44.5,-24.5));
#1565 = CARTESIAN_POINT('',(-6.25,-2.416352203497));
#1566 = CARTESIAN_POINT('',(32.,19.667295593006));
#1567 = CARTESIAN_POINT('',(32.,-24.5));
#1568 = ( GEOMETRIC_REPRESENTATION_CONTEXT(2) 
PARAMETRIC_REPRESENTATION_CONTEXT() REPRESENTATION_CONTEXT('2D SPACE',''
  ) );
#1569 = ORIENTED_EDGE('',*,*,#1570,.F.);
#1570 = EDGE_CURVE('',#1571,#1538,#1573,.T.);
#1571 = VERTEX_POINT('',#1572);
#1572 = CARTESIAN_POINT('',(6.5,24.657656011876,3.54));
#1573 = SURFACE_CURVE('',#1574,(#1587,#1603),.PCURVE_S1.);
#1574 = B_SPLINE_CURVE_WITH_KNOTS('',6,(#1575,#1576,#1577,#1578,#1579,
    #1580,#1581,#1582,#1583,#1584,#1585,#1586),.UNSPECIFIED.,.F.,.F.,(7,
    5,7),(0.,0.531789774214,1.),.UNSPECIFIED.);
#1575 = CARTESIAN_POINT('',(6.5,24.657656011876,3.54));
#1576 = CARTESIAN_POINT('',(6.5,24.657656011876,3.601779620053));
#1577 = CARTESIAN_POINT('',(6.490043467325,24.66028063721,3.663668106712
    ));
#1578 = CARTESIAN_POINT('',(6.470063721139,24.665547563319,3.72380708267
    ));
#1579 = CARTESIAN_POINT('',(6.440378076685,24.673340562521,
    3.780328301281));
#1580 = CARTESIAN_POINT('',(6.401644324072,24.683421166868,
    3.831421902933));
#1581 = CARTESIAN_POINT('',(6.313728652106,24.70604454587,3.913980214149
    ));
#1582 = CARTESIAN_POINT('',(6.266276256746,24.718167660503,
    3.947130409749));
#1583 = CARTESIAN_POINT('',(6.213560819811,24.731507477898,
    3.973192908962));
#1584 = CARTESIAN_POINT('',(6.157101229848,24.74562386021,3.991028781287
    ));
#1585 = CARTESIAN_POINT('',(6.098641863472,24.760052719878,4.));
#1586 = CARTESIAN_POINT('',(6.04,24.774349638285,4.));
#1587 = PCURVE('',#32,#1588);
#1588 = DEFINITIONAL_REPRESENTATION('',(#1589),#1602);
#1589 = B_SPLINE_CURVE_WITH_KNOTS('',6,(#1590,#1591,#1592,#1593,#1594,
    #1595,#1596,#1597,#1598,#1599,#1600,#1601),.UNSPECIFIED.,.F.,.F.,(7,
    5,7),(0.,0.531789774214,1.),.UNSPECIFIED.);
#1590 = CARTESIAN_POINT('',(-1.313050013331,-3.54));
#1591 = CARTESIAN_POINT('',(-1.313050013331,-3.601779620053));
#1592 = CARTESIAN_POINT('',(-1.313453803829,-3.663668106712));
#1593 = CARTESIAN_POINT('',(-1.314264090591,-3.72380708267));
#1594 = CARTESIAN_POINT('',(-1.31546767741,-3.780328301281));
#1595 = CARTESIAN_POINT('',(-1.317037240835,-3.831421902933));
#1596 = CARTESIAN_POINT('',(-1.320597235274,-3.913980214149));
#1597 = CARTESIAN_POINT('',(-1.322517880355,-3.947130409749));
#1598 = CARTESIAN_POINT('',(-1.324650306246,-3.973192908962));
#1599 = CARTESIAN_POINT('',(-1.326932548332,-3.991028781287));
#1600 = CARTESIAN_POINT('',(-1.329293860331,-4.));
#1601 = CARTESIAN_POINT('',(-1.331660899802,-4.));
#1602 = ( GEOMETRIC_REPRESENTATION_CONTEXT(2) 
PARAMETRIC_REPRESENTATION_CONTEXT() REPRESENTATION_CONTEXT('2D SPACE',''
  ) );
#1603 = PCURVE('',#1604,#1609);
#1604 = CYLINDRICAL_SURFACE('',#1605,0.46);
#1605 = AXIS2_PLACEMENT_3D('',#1606,#1607,#1608);
#1606 = CARTESIAN_POINT('',(6.04,24.5,3.54));
#1607 = DIRECTION('',(0.,1.,0.));
#1608 = DIRECTION('',(1.,0.,0.));
#1609 = DEFINITIONAL_REPRESENTATION('',(#1610),#1623);
#1610 = B_SPLINE_CURVE_WITH_KNOTS('',6,(#1611,#1612,#1613,#1614,#1615,
    #1616,#1617,#1618,#1619,#1620,#1621,#1622),.UNSPECIFIED.,.F.,.F.,(7,
    5,7),(0.,0.531789774214,1.),.UNSPECIFIED.);
#1611 = CARTESIAN_POINT('',(0.,0.157656011876));
#1612 = CARTESIAN_POINT('',(-0.134303521855,0.157656011876));
#1613 = CARTESIAN_POINT('',(-0.268843821112,0.16028063721));
#1614 = CARTESIAN_POINT('',(-0.403940703708,0.165547563319));
#1615 = CARTESIAN_POINT('',(-0.539972374587,0.173340562521));
#1616 = CARTESIAN_POINT('',(-0.677389424115,0.183421166868));
#1617 = CARTESIAN_POINT('',(-0.939569467017,0.20604454587));
#1618 = CARTESIAN_POINT('',(-1.064099252507,0.218167660503));
#1619 = CARTESIAN_POINT('',(-1.189757601225,0.231507477898));
#1620 = CARTESIAN_POINT('',(-1.316229258501,0.24562386021));
#1621 = CARTESIAN_POINT('',(-1.443314014899,0.260052719878));
#1622 = CARTESIAN_POINT('',(-1.570796326795,0.274349638285));
#1623 = ( GEOMETRIC_REPRESENTATION_CONTEXT(2) 
PARAMETRIC_REPRESENTATION_CONTEXT() REPRESENTATION_CONTEXT('2D SPACE',''
  ) );
#1624 = ORIENTED_EDGE('',*,*,#1625,.T.);
#1625 = EDGE_CURVE('',#1571,#1626,#1628,.T.);
#1626 = VERTEX_POINT('',#1627);
#1627 = CARTESIAN_POINT('',(6.5,24.657656011876,2.46));
#1628 = SURFACE_CURVE('',#1629,(#1633,#1639),.PCURVE_S1.);
#1629 = LINE('',#1630,#1631);
#1630 = CARTESIAN_POINT('',(6.5,24.657656011876,0.));
#1631 = VECTOR('',#1632,1.);
#1632 = DIRECTION('',(-0.,-0.,-1.));
#1633 = PCURVE('',#32,#1634);
#1634 = DEFINITIONAL_REPRESENTATION('',(#1635),#1638);
#1635 = B_SPLINE_CURVE_WITH_KNOTS('',1,(#1636,#1637),.UNSPECIFIED.,.F.,
  .F.,(2,2),(-3.648,-2.352),.PIECEWISE_BEZIER_KNOTS.);
#1636 = CARTESIAN_POINT('',(-1.313050013331,-3.648));
#1637 = CARTESIAN_POINT('',(-1.313050013331,-2.352));
#1638 = ( GEOMETRIC_REPRESENTATION_CONTEXT(2) 
PARAMETRIC_REPRESENTATION_CONTEXT() REPRESENTATION_CONTEXT('2D SPACE',''
  ) );
#1639 = PCURVE('',#1640,#1645);
#1640 = PLANE('',#1641);
#1641 = AXIS2_PLACEMENT_3D('',#1642,#1643,#1644);
#1642 = CARTESIAN_POINT('',(6.5,24.5,2.));
#1643 = DIRECTION('',(1.,0.,0.));
#1644 = DIRECTION('',(0.,0.,1.));
#1645 = DEFINITIONAL_REPRESENTATION('',(#1646),#1649);
#1646 = B_SPLINE_CURVE_WITH_KNOTS('',1,(#1647,#1648),.UNSPECIFIED.,.F.,
  .F.,(2,2),(-3.648,-2.352),.PIECEWISE_BEZIER_KNOTS.);
#1647 = CARTESIAN_POINT('',(1.648,-0.157656011876));
#1648 = CARTESIAN_POINT('',(0.352,-0.157656011876));
#1649 = ( GEOMETRIC_REPRESENTATION_CONTEXT(2) 
PARAMETRIC_REPRESENTATION_CONTEXT() REPRESENTATION_CONTEXT('2D SPACE',''
  ) );
#1650 = ORIENTED_EDGE('',*,*,#1651,.T.);
#1651 = EDGE_CURVE('',#1626,#1652,#1654,.T.);
#1652 = VERTEX_POINT('',#1653);
#1653 = CARTESIAN_POINT('',(6.04,24.774349638285,2.));
#1654 = SURFACE_CURVE('',#1655,(#1668,#1684),.PCURVE_S1.);
#1655 = B_SPLINE_CURVE_WITH_KNOTS('',6,(#1656,#1657,#1658,#1659,#1660,
    #1661,#1662,#1663,#1664,#1665,#1666,#1667),.UNSPECIFIED.,.F.,.F.,(7,
    5,7),(0.,0.531789774241,1.),.UNSPECIFIED.);
#1656 = CARTESIAN_POINT('',(6.5,24.657656011876,2.46));
#1657 = CARTESIAN_POINT('',(6.5,24.657656011876,2.398220379954));
#1658 = CARTESIAN_POINT('',(6.490043467327,24.66028063721,2.336331893285
    ));
#1659 = CARTESIAN_POINT('',(6.470063721135,24.665547563319,
    2.276192917322));
#1660 = CARTESIAN_POINT('',(6.440378076682,24.673340562521,
    2.219671698719));
#1661 = CARTESIAN_POINT('',(6.401644324077,24.683421166866,
    2.168578097072));
#1662 = CARTESIAN_POINT('',(6.313728652106,24.70604454587,2.086019785851
    ));
#1663 = CARTESIAN_POINT('',(6.266276256746,24.718167660503,
    2.052869590251));
#1664 = CARTESIAN_POINT('',(6.213560819811,24.731507477898,
    2.026807091038));
#1665 = CARTESIAN_POINT('',(6.157101229848,24.74562386021,2.008971218713
    ));
#1666 = CARTESIAN_POINT('',(6.098641863472,24.760052719878,2.));
#1667 = CARTESIAN_POINT('',(6.04,24.774349638285,2.));
#1668 = PCURVE('',#32,#1669);
#1669 = DEFINITIONAL_REPRESENTATION('',(#1670),#1683);
#1670 = B_SPLINE_CURVE_WITH_KNOTS('',6,(#1671,#1672,#1673,#1674,#1675,
    #1676,#1677,#1678,#1679,#1680,#1681,#1682),.UNSPECIFIED.,.F.,.F.,(7,
    5,7),(0.,0.531789774241,1.),.UNSPECIFIED.);
#1671 = CARTESIAN_POINT('',(-1.313050013331,-2.46));
#1672 = CARTESIAN_POINT('',(-1.313050013331,-2.398220379954));
#1673 = CARTESIAN_POINT('',(-1.313453803829,-2.336331893285));
#1674 = CARTESIAN_POINT('',(-1.314264090591,-2.276192917322));
#1675 = CARTESIAN_POINT('',(-1.31546767741,-2.219671698719));
#1676 = CARTESIAN_POINT('',(-1.317037240834,-2.168578097072));
#1677 = CARTESIAN_POINT('',(-1.320597235274,-2.086019785851));
#1678 = CARTESIAN_POINT('',(-1.322517880355,-2.052869590251));
#1679 = CARTESIAN_POINT('',(-1.324650306246,-2.026807091038));
#1680 = CARTESIAN_POINT('',(-1.326932548332,-2.008971218713));
#1681 = CARTESIAN_POINT('',(-1.329293860331,-2.));
#1682 = CARTESIAN_POINT('',(-1.331660899802,-2.));
#1683 = ( GEOMETRIC_REPRESENTATION_CONTEXT(2) 
PARAMETRIC_REPRESENTATION_CONTEXT() REPRESENTATION_CONTEXT('2D SPACE',''
  ) );
#1684 = PCURVE('',#1685,#1690);
#1685 = CYLINDRICAL_SURFACE('',#1686,0.46);
#1686 = AXIS2_PLACEMENT_3D('',#1687,#1688,#1689);
#1687 = CARTESIAN_POINT('',(6.04,24.5,2.46));
#1688 = DIRECTION('',(0.,1.,0.));
#1689 = DIRECTION('',(1.,0.,0.));
#1690 = DEFINITIONAL_REPRESENTATION('',(#1691),#1704);
#1691 = B_SPLINE_CURVE_WITH_KNOTS('',6,(#1692,#1693,#1694,#1695,#1696,
    #1697,#1698,#1699,#1700,#1701,#1702,#1703),.UNSPECIFIED.,.F.,.F.,(7,
    5,7),(0.,0.531789774241,1.),.UNSPECIFIED.);
#1692 = CARTESIAN_POINT('',(0.,0.157656011876));
#1693 = CARTESIAN_POINT('',(0.134303521839,0.157656011876));
#1694 = CARTESIAN_POINT('',(0.268843821118,0.16028063721));
#1695 = CARTESIAN_POINT('',(0.403940703722,0.165547563319));
#1696 = CARTESIAN_POINT('',(0.539972374591,0.173340562521));
#1697 = CARTESIAN_POINT('',(0.6773894241,0.183421166866));
#1698 = CARTESIAN_POINT('',(0.939569467017,0.20604454587));
#1699 = CARTESIAN_POINT('',(1.064099252507,0.218167660503));
#1700 = CARTESIAN_POINT('',(1.189757601225,0.231507477898));
#1701 = CARTESIAN_POINT('',(1.316229258501,0.24562386021));
#1702 = CARTESIAN_POINT('',(1.443314014899,0.260052719878));
#1703 = CARTESIAN_POINT('',(1.570796326795,0.274349638285));
#1704 = ( GEOMETRIC_REPRESENTATION_CONTEXT(2) 
PARAMETRIC_REPRESENTATION_CONTEXT() REPRESENTATION_CONTEXT('2D SPACE',''
  ) );
#1705 = ORIENTED_EDGE('',*,*,#1706,.F.);
#1706 = EDGE_CURVE('',#1707,#1652,#1709,.T.);
#1707 = VERTEX_POINT('',#1708);
#1708 = CARTESIAN_POINT('',(-6.04,24.774349638285,2.));
#1709 = SURFACE_CURVE('',#1710,(#1715,#1722),.PCURVE_S1.);
#1710 = CIRCLE('',#1711,25.5);
#1711 = AXIS2_PLACEMENT_3D('',#1712,#1713,#1714);
#1712 = CARTESIAN_POINT('',(0.,0.,2.));
#1713 = DIRECTION('',(0.,0.,-1.));
#1714 = DIRECTION('',(1.,0.,0.));
#1715 = PCURVE('',#32,#1716);
#1716 = DEFINITIONAL_REPRESENTATION('',(#1717),#1721);
#1717 = LINE('',#1718,#1719);
#1718 = CARTESIAN_POINT('',(-6.28318530718,-2.));
#1719 = VECTOR('',#1720,1.);
#1720 = DIRECTION('',(1.,-0.));
#1721 = ( GEOMETRIC_REPRESENTATION_CONTEXT(2) 
PARAMETRIC_REPRESENTATION_CONTEXT() REPRESENTATION_CONTEXT('2D SPACE',''
  ) );
#1722 = PCURVE('',#1723,#1728);
#1723 = PLANE('',#1724);
#1724 = AXIS2_PLACEMENT_3D('',#1725,#1726,#1727);
#1725 = CARTESIAN_POINT('',(-6.5,24.5,2.));
#1726 = DIRECTION('',(0.,0.,1.));
#1727 = DIRECTION('',(1.,0.,0.));
#1728 = DEFINITIONAL_REPRESENTATION('',(#1729),#1737);
#1729 = ( BOUNDED_CURVE() B_SPLINE_CURVE(2,(#1730,#1731,#1732,#1733,
#1734,#1735,#1736),.UNSPECIFIED.,.T.,.F.) B_SPLINE_CURVE_WITH_KNOTS((1,2
    ,2,2,2,1),(-2.094395102393,0.,2.094395102393,4.188790204786,
6.28318530718,8.377580409573),.UNSPECIFIED.) CURVE() 
GEOMETRIC_REPRESENTATION_ITEM() RATIONAL_B_SPLINE_CURVE((1.,0.5,1.,0.5,
1.,0.5,1.)) REPRESENTATION_ITEM('') );
#1730 = CARTESIAN_POINT('',(32.,-24.5));
#1731 = CARTESIAN_POINT('',(32.,-68.667295593));
#1732 = CARTESIAN_POINT('',(-6.25,-46.5836477965));
#1733 = CARTESIAN_POINT('',(-44.5,-24.5));
#1734 = CARTESIAN_POINT('',(-6.25,-2.416352203497));
#1735 = CARTESIAN_POINT('',(32.,19.667295593006));
#1736 = CARTESIAN_POINT('',(32.,-24.5));
#1737 = ( GEOMETRIC_REPRESENTATION_CONTEXT(2) 
PARAMETRIC_REPRESENTATION_CONTEXT() REPRESENTATION_CONTEXT('2D SPACE',''
  ) );
#1738 = ORIENTED_EDGE('',*,*,#1739,.F.);
#1739 = EDGE_CURVE('',#1457,#1707,#1740,.T.);
#1740 = SURFACE_CURVE('',#1741,(#1754,#1770),.PCURVE_S1.);
#1741 = B_SPLINE_CURVE_WITH_KNOTS('',6,(#1742,#1743,#1744,#1745,#1746,
    #1747,#1748,#1749,#1750,#1751,#1752,#1753),.UNSPECIFIED.,.F.,.F.,(7,
    5,7),(0.,0.541739095316,1.),.UNSPECIFIED.);
#1742 = CARTESIAN_POINT('',(-6.5,24.657656011876,2.46));
#1743 = CARTESIAN_POINT('',(-6.5,24.657656011876,2.39707006618));
#1744 = CARTESIAN_POINT('',(-6.489669269859,24.66037927403,
    2.334011248086));
#1745 = CARTESIAN_POINT('',(-6.468927393298,24.665847127418,
    2.272798812192));
#1746 = CARTESIAN_POINT('',(-6.438119833782,24.673933355251,
    2.215419754979));
#1747 = CARTESIAN_POINT('',(-6.397964788279,24.684378497552,
    2.163791228384));
#1748 = CARTESIAN_POINT('',(-6.308661593286,24.707338472483,
    2.08253157322));
#1749 = CARTESIAN_POINT('',(-6.261788508792,24.719302811762,
    2.050678116603));
#1750 = CARTESIAN_POINT('',(-6.20995806611,24.732408053972,
    2.025679989254));
#1751 = CARTESIAN_POINT('',(-6.154609215238,24.746238881781,
    2.008591313177));
#1752 = CARTESIAN_POINT('',(-6.097386871295,24.760358687657,2.));
#1753 = CARTESIAN_POINT('',(-6.04,24.774349638285,2.));
#1754 = PCURVE('',#32,#1755);
#1755 = DEFINITIONAL_REPRESENTATION('',(#1756),#1769);
#1756 = B_SPLINE_CURVE_WITH_KNOTS('',6,(#1757,#1758,#1759,#1760,#1761,
    #1762,#1763,#1764,#1765,#1766,#1767,#1768),.UNSPECIFIED.,.F.,.F.,(7,
    5,7),(0.,0.541739095316,1.),.UNSPECIFIED.);
#1757 = CARTESIAN_POINT('',(-1.828542640259,-2.46));
#1758 = CARTESIAN_POINT('',(-1.828542640259,-2.39707006618));
#1759 = CARTESIAN_POINT('',(-1.828123674126,-2.334011248086));
#1760 = CARTESIAN_POINT('',(-1.827282478582,-2.272798812192));
#1761 = CARTESIAN_POINT('',(-1.826033417461,-2.215419754979));
#1762 = CARTESIAN_POINT('',(-1.824406313941,-2.163791228384));
#1763 = CARTESIAN_POINT('',(-1.820790333968,-2.08253157322));
#1764 = CARTESIAN_POINT('',(-1.818893241146,-2.050678116603));
#1765 = CARTESIAN_POINT('',(-1.816796716709,-2.025679989254));
#1766 = CARTESIAN_POINT('',(-1.814559447396,-2.008591313177));
#1767 = CARTESIAN_POINT('',(-1.812248136342,-2.));
#1768 = CARTESIAN_POINT('',(-1.809931753788,-2.));
#1769 = ( GEOMETRIC_REPRESENTATION_CONTEXT(2) 
PARAMETRIC_REPRESENTATION_CONTEXT() REPRESENTATION_CONTEXT('2D SPACE',''
  ) );
#1770 = PCURVE('',#1771,#1776);
#1771 = CYLINDRICAL_SURFACE('',#1772,0.46);
#1772 = AXIS2_PLACEMENT_3D('',#1773,#1774,#1775);
#1773 = CARTESIAN_POINT('',(-6.04,24.5,2.46));
#1774 = DIRECTION('',(0.,1.,0.));
#1775 = DIRECTION('',(-1.,0.,0.));
#1776 = DEFINITIONAL_REPRESENTATION('',(#1777),#1790);
#1777 = B_SPLINE_CURVE_WITH_KNOTS('',6,(#1778,#1779,#1780,#1781,#1782,
    #1783,#1784,#1785,#1786,#1787,#1788,#1789),.UNSPECIFIED.,.F.,.F.,(7,
    5,7),(0.,0.541739095316,1.),.UNSPECIFIED.);
#1778 = CARTESIAN_POINT('',(0.,0.157656011876));
#1779 = CARTESIAN_POINT('',(-0.136804203957,0.157656011876));
#1780 = CARTESIAN_POINT('',(-0.273888685469,0.16037927403));
#1781 = CARTESIAN_POINT('',(-0.411567420811,0.165847127418));
#1782 = CARTESIAN_POINT('',(-0.550225506092,0.173933355251));
#1783 = CARTESIAN_POINT('',(-0.690327100137,0.184378497552));
#1784 = CARTESIAN_POINT('',(-0.952805762456,0.207338472483));
#1785 = CARTESIAN_POINT('',(-1.074775633956,0.219302811762));
#1786 = CARTESIAN_POINT('',(-1.197824435441,0.232408053972));
#1787 = CARTESIAN_POINT('',(-1.321646576628,0.246238881781));
#1788 = CARTESIAN_POINT('',(-1.446042258762,0.260358687657));
#1789 = CARTESIAN_POINT('',(-1.570796326795,0.274349638285));
#1790 = ( GEOMETRIC_REPRESENTATION_CONTEXT(2) 
PARAMETRIC_REPRESENTATION_CONTEXT() REPRESENTATION_CONTEXT('2D SPACE',''
  ) );
#1791 = ADVANCED_FACE('',(#1792),#1771,.F.);
#1792 = FACE_BOUND('',#1793,.T.);
#1793 = EDGE_LOOP('',(#1794,#1817,#1850,#1871));
#1794 = ORIENTED_EDGE('',*,*,#1795,.F.);
#1795 = EDGE_CURVE('',#1796,#1457,#1798,.T.);
#1796 = VERTEX_POINT('',#1797);
#1797 = CARTESIAN_POINT('',(-6.5,24.5,2.46));
#1798 = SURFACE_CURVE('',#1799,(#1803,#1810),.PCURVE_S1.);
#1799 = LINE('',#1800,#1801);
#1800 = CARTESIAN_POINT('',(-6.5,24.5,2.46));
#1801 = VECTOR('',#1802,1.);
#1802 = DIRECTION('',(0.,1.,0.));
#1803 = PCURVE('',#1771,#1804);
#1804 = DEFINITIONAL_REPRESENTATION('',(#1805),#1809);
#1805 = LINE('',#1806,#1807);
#1806 = CARTESIAN_POINT('',(-0.,0.));
#1807 = VECTOR('',#1808,1.);
#1808 = DIRECTION('',(-0.,1.));
#1809 = ( GEOMETRIC_REPRESENTATION_CONTEXT(2) 
PARAMETRIC_REPRESENTATION_CONTEXT() REPRESENTATION_CONTEXT('2D SPACE',''
  ) );
#1810 = PCURVE('',#1471,#1811);
#1811 = DEFINITIONAL_REPRESENTATION('',(#1812),#1816);
#1812 = LINE('',#1813,#1814);
#1813 = CARTESIAN_POINT('',(0.46,0.));
#1814 = VECTOR('',#1815,1.);
#1815 = DIRECTION('',(0.,-1.));
#1816 = ( GEOMETRIC_REPRESENTATION_CONTEXT(2) 
PARAMETRIC_REPRESENTATION_CONTEXT() REPRESENTATION_CONTEXT('2D SPACE',''
  ) );
#1817 = ORIENTED_EDGE('',*,*,#1818,.T.);
#1818 = EDGE_CURVE('',#1796,#1819,#1821,.T.);
#1819 = VERTEX_POINT('',#1820);
#1820 = CARTESIAN_POINT('',(-6.04,24.5,2.));
#1821 = SURFACE_CURVE('',#1822,(#1827,#1834),.PCURVE_S1.);
#1822 = CIRCLE('',#1823,0.46);
#1823 = AXIS2_PLACEMENT_3D('',#1824,#1825,#1826);
#1824 = CARTESIAN_POINT('',(-6.04,24.5,2.46));
#1825 = DIRECTION('',(0.,-1.,0.));
#1826 = DIRECTION('',(0.,0.,1.));
#1827 = PCURVE('',#1771,#1828);
#1828 = DEFINITIONAL_REPRESENTATION('',(#1829),#1833);
#1829 = LINE('',#1830,#1831);
#1830 = CARTESIAN_POINT('',(1.570796326795,-0.));
#1831 = VECTOR('',#1832,1.);
#1832 = DIRECTION('',(-1.,0.));
#1833 = ( GEOMETRIC_REPRESENTATION_CONTEXT(2) 
PARAMETRIC_REPRESENTATION_CONTEXT() REPRESENTATION_CONTEXT('2D SPACE',''
  ) );
#1834 = PCURVE('',#1835,#1840);
#1835 = PLANE('',#1836);
#1836 = AXIS2_PLACEMENT_3D('',#1837,#1838,#1839);
#1837 = CARTESIAN_POINT('',(-6.5,24.5,2.));
#1838 = DIRECTION('',(0.,1.,0.));
#1839 = DIRECTION('',(0.,0.,1.));
#1840 = DEFINITIONAL_REPRESENTATION('',(#1841),#1849);
#1841 = ( BOUNDED_CURVE() B_SPLINE_CURVE(2,(#1842,#1843,#1844,#1845,
#1846,#1847,#1848),.UNSPECIFIED.,.T.,.F.) B_SPLINE_CURVE_WITH_KNOTS((1,2
    ,2,2,2,1),(-2.094395102393,0.,2.094395102393,4.188790204786,
6.28318530718,8.377580409573),.UNSPECIFIED.) CURVE() 
GEOMETRIC_REPRESENTATION_ITEM() RATIONAL_B_SPLINE_CURVE((1.,0.5,1.,0.5,
1.,0.5,1.)) REPRESENTATION_ITEM('') );
#1842 = CARTESIAN_POINT('',(0.92,0.46));
#1843 = CARTESIAN_POINT('',(0.92,-0.336743371482));
#1844 = CARTESIAN_POINT('',(0.23,6.162831425916E-02));
#1845 = CARTESIAN_POINT('',(-0.46,0.46));
#1846 = CARTESIAN_POINT('',(0.23,0.858371685741));
#1847 = CARTESIAN_POINT('',(0.92,1.256743371482));
#1848 = CARTESIAN_POINT('',(0.92,0.46));
#1849 = ( GEOMETRIC_REPRESENTATION_CONTEXT(2) 
PARAMETRIC_REPRESENTATION_CONTEXT() REPRESENTATION_CONTEXT('2D SPACE',''
  ) );
#1850 = ORIENTED_EDGE('',*,*,#1851,.T.);
#1851 = EDGE_CURVE('',#1819,#1707,#1852,.T.);
#1852 = SURFACE_CURVE('',#1853,(#1857,#1864),.PCURVE_S1.);
#1853 = LINE('',#1854,#1855);
#1854 = CARTESIAN_POINT('',(-6.04,24.5,2.));
#1855 = VECTOR('',#1856,1.);
#1856 = DIRECTION('',(0.,1.,0.));
#1857 = PCURVE('',#1771,#1858);
#1858 = DEFINITIONAL_REPRESENTATION('',(#1859),#1863);
#1859 = LINE('',#1860,#1861);
#1860 = CARTESIAN_POINT('',(-1.570796326795,0.));
#1861 = VECTOR('',#1862,1.);
#1862 = DIRECTION('',(-0.,1.));
#1863 = ( GEOMETRIC_REPRESENTATION_CONTEXT(2) 
PARAMETRIC_REPRESENTATION_CONTEXT() REPRESENTATION_CONTEXT('2D SPACE',''
  ) );
#1864 = PCURVE('',#1723,#1865);
#1865 = DEFINITIONAL_REPRESENTATION('',(#1866),#1870);
#1866 = LINE('',#1867,#1868);
#1867 = CARTESIAN_POINT('',(0.46,0.));
#1868 = VECTOR('',#1869,1.);
#1869 = DIRECTION('',(0.,1.));
#1870 = ( GEOMETRIC_REPRESENTATION_CONTEXT(2) 
PARAMETRIC_REPRESENTATION_CONTEXT() REPRESENTATION_CONTEXT('2D SPACE',''
  ) );
#1871 = ORIENTED_EDGE('',*,*,#1739,.F.);
#1872 = ADVANCED_FACE('',(#1873),#1835,.T.);
#1873 = FACE_BOUND('',#1874,.T.);
#1874 = EDGE_LOOP('',(#1875,#1898,#1899,#1922,#1946,#1969));
#1875 = ORIENTED_EDGE('',*,*,#1876,.F.);
#1876 = EDGE_CURVE('',#1819,#1877,#1879,.T.);
#1877 = VERTEX_POINT('',#1878);
#1878 = CARTESIAN_POINT('',(-4.974937185533,24.5,2.));
#1879 = SURFACE_CURVE('',#1880,(#1884,#1891),.PCURVE_S1.);
#1880 = LINE('',#1881,#1882);
#1881 = CARTESIAN_POINT('',(-6.5,24.5,2.));
#1882 = VECTOR('',#1883,1.);
#1883 = DIRECTION('',(1.,0.,0.));
#1884 = PCURVE('',#1835,#1885);
#1885 = DEFINITIONAL_REPRESENTATION('',(#1886),#1890);
#1886 = LINE('',#1887,#1888);
#1887 = CARTESIAN_POINT('',(0.,0.));
#1888 = VECTOR('',#1889,1.);
#1889 = DIRECTION('',(0.,1.));
#1890 = ( GEOMETRIC_REPRESENTATION_CONTEXT(2) 
PARAMETRIC_REPRESENTATION_CONTEXT() REPRESENTATION_CONTEXT('2D SPACE',''
  ) );
#1891 = PCURVE('',#1723,#1892);
#1892 = DEFINITIONAL_REPRESENTATION('',(#1893),#1897);
#1893 = LINE('',#1894,#1895);
#1894 = CARTESIAN_POINT('',(0.,0.));
#1895 = VECTOR('',#1896,1.);
#1896 = DIRECTION('',(1.,0.));
#1897 = ( GEOMETRIC_REPRESENTATION_CONTEXT(2) 
PARAMETRIC_REPRESENTATION_CONTEXT() REPRESENTATION_CONTEXT('2D SPACE',''
  ) );
#1898 = ORIENTED_EDGE('',*,*,#1818,.F.);
#1899 = ORIENTED_EDGE('',*,*,#1900,.T.);
#1900 = EDGE_CURVE('',#1796,#1901,#1903,.T.);
#1901 = VERTEX_POINT('',#1902);
#1902 = CARTESIAN_POINT('',(-6.5,24.5,3.54));
#1903 = SURFACE_CURVE('',#1904,(#1908,#1915),.PCURVE_S1.);
#1904 = LINE('',#1905,#1906);
#1905 = CARTESIAN_POINT('',(-6.5,24.5,2.));
#1906 = VECTOR('',#1907,1.);
#1907 = DIRECTION('',(0.,0.,1.));
#1908 = PCURVE('',#1835,#1909);
#1909 = DEFINITIONAL_REPRESENTATION('',(#1910),#1914);
#1910 = LINE('',#1911,#1912);
#1911 = CARTESIAN_POINT('',(0.,0.));
#1912 = VECTOR('',#1913,1.);
#1913 = DIRECTION('',(1.,0.));
#1914 = ( GEOMETRIC_REPRESENTATION_CONTEXT(2) 
PARAMETRIC_REPRESENTATION_CONTEXT() REPRESENTATION_CONTEXT('2D SPACE',''
  ) );
#1915 = PCURVE('',#1471,#1916);
#1916 = DEFINITIONAL_REPRESENTATION('',(#1917),#1921);
#1917 = LINE('',#1918,#1919);
#1918 = CARTESIAN_POINT('',(0.,0.));
#1919 = VECTOR('',#1920,1.);
#1920 = DIRECTION('',(1.,0.));
#1921 = ( GEOMETRIC_REPRESENTATION_CONTEXT(2) 
PARAMETRIC_REPRESENTATION_CONTEXT() REPRESENTATION_CONTEXT('2D SPACE',''
  ) );
#1922 = ORIENTED_EDGE('',*,*,#1923,.T.);
#1923 = EDGE_CURVE('',#1901,#1924,#1926,.T.);
#1924 = VERTEX_POINT('',#1925);
#1925 = CARTESIAN_POINT('',(-6.04,24.5,4.));
#1926 = SURFACE_CURVE('',#1927,(#1932,#1939),.PCURVE_S1.);
#1927 = CIRCLE('',#1928,0.46);
#1928 = AXIS2_PLACEMENT_3D('',#1929,#1930,#1931);
#1929 = CARTESIAN_POINT('',(-6.04,24.5,3.54));
#1930 = DIRECTION('',(0.,1.,0.));
#1931 = DIRECTION('',(0.,0.,1.));
#1932 = PCURVE('',#1835,#1933);
#1933 = DEFINITIONAL_REPRESENTATION('',(#1934),#1938);
#1934 = CIRCLE('',#1935,0.46);
#1935 = AXIS2_PLACEMENT_2D('',#1936,#1937);
#1936 = CARTESIAN_POINT('',(1.54,0.46));
#1937 = DIRECTION('',(1.,0.));
#1938 = ( GEOMETRIC_REPRESENTATION_CONTEXT(2) 
PARAMETRIC_REPRESENTATION_CONTEXT() REPRESENTATION_CONTEXT('2D SPACE',''
  ) );
#1939 = PCURVE('',#1516,#1940);
#1940 = DEFINITIONAL_REPRESENTATION('',(#1941),#1945);
#1941 = LINE('',#1942,#1943);
#1942 = CARTESIAN_POINT('',(-4.712388980385,0.));
#1943 = VECTOR('',#1944,1.);
#1944 = DIRECTION('',(1.,0.));
#1945 = ( GEOMETRIC_REPRESENTATION_CONTEXT(2) 
PARAMETRIC_REPRESENTATION_CONTEXT() REPRESENTATION_CONTEXT('2D SPACE',''
  ) );
#1946 = ORIENTED_EDGE('',*,*,#1947,.T.);
#1947 = EDGE_CURVE('',#1924,#1948,#1950,.T.);
#1948 = VERTEX_POINT('',#1949);
#1949 = CARTESIAN_POINT('',(-4.974937185533,24.5,4.));
#1950 = SURFACE_CURVE('',#1951,(#1955,#1962),.PCURVE_S1.);
#1951 = LINE('',#1952,#1953);
#1952 = CARTESIAN_POINT('',(-6.5,24.5,4.));
#1953 = VECTOR('',#1954,1.);
#1954 = DIRECTION('',(1.,0.,0.));
#1955 = PCURVE('',#1835,#1956);
#1956 = DEFINITIONAL_REPRESENTATION('',(#1957),#1961);
#1957 = LINE('',#1958,#1959);
#1958 = CARTESIAN_POINT('',(2.,0.));
#1959 = VECTOR('',#1960,1.);
#1960 = DIRECTION('',(0.,1.));
#1961 = ( GEOMETRIC_REPRESENTATION_CONTEXT(2) 
PARAMETRIC_REPRESENTATION_CONTEXT() REPRESENTATION_CONTEXT('2D SPACE',''
  ) );
#1962 = PCURVE('',#1554,#1963);
#1963 = DEFINITIONAL_REPRESENTATION('',(#1964),#1968);
#1964 = LINE('',#1965,#1966);
#1965 = CARTESIAN_POINT('',(0.,0.));
#1966 = VECTOR('',#1967,1.);
#1967 = DIRECTION('',(1.,0.));
#1968 = ( GEOMETRIC_REPRESENTATION_CONTEXT(2) 
PARAMETRIC_REPRESENTATION_CONTEXT() REPRESENTATION_CONTEXT('2D SPACE',''
  ) );
#1969 = ORIENTED_EDGE('',*,*,#1970,.T.);
#1970 = EDGE_CURVE('',#1948,#1877,#1971,.T.);
#1971 = SURFACE_CURVE('',#1972,(#1976,#1982),.PCURVE_S1.);
#1972 = LINE('',#1973,#1974);
#1973 = CARTESIAN_POINT('',(-4.974937185533,24.5,0.));
#1974 = VECTOR('',#1975,1.);
#1975 = DIRECTION('',(-0.,-0.,-1.));
#1976 = PCURVE('',#1835,#1977);
#1977 = DEFINITIONAL_REPRESENTATION('',(#1978),#1981);
#1978 = B_SPLINE_CURVE_WITH_KNOTS('',1,(#1979,#1980),.UNSPECIFIED.,.F.,
  .F.,(2,2),(-4.2,-1.9999994),.PIECEWISE_BEZIER_KNOTS.);
#1979 = CARTESIAN_POINT('',(2.2,1.525062814467));
#1980 = CARTESIAN_POINT('',(-5.999999999062E-07,1.525062814467));
#1981 = ( GEOMETRIC_REPRESENTATION_CONTEXT(2) 
PARAMETRIC_REPRESENTATION_CONTEXT() REPRESENTATION_CONTEXT('2D SPACE',''
  ) );
#1982 = PCURVE('',#1983,#1988);
#1983 = CYLINDRICAL_SURFACE('',#1984,25.);
#1984 = AXIS2_PLACEMENT_3D('',#1985,#1986,#1987);
#1985 = CARTESIAN_POINT('',(1.206597174321E-13,-1.432215206943E-15,0.));
#1986 = DIRECTION('',(-0.,-0.,-1.));
#1987 = DIRECTION('',(1.,0.,0.));
#1988 = DEFINITIONAL_REPRESENTATION('',(#1989),#1992);
#1989 = B_SPLINE_CURVE_WITH_KNOTS('',1,(#1990,#1991),.UNSPECIFIED.,.F.,
  .F.,(2,2),(-4.2,-1.9999994),.PIECEWISE_BEZIER_KNOTS.);
#1990 = CARTESIAN_POINT('',(-1.771131169118,-4.2));
#1991 = CARTESIAN_POINT('',(-1.771131169118,-1.9999994));
#1992 = ( GEOMETRIC_REPRESENTATION_CONTEXT(2) 
PARAMETRIC_REPRESENTATION_CONTEXT() REPRESENTATION_CONTEXT('2D SPACE',''
  ) );
#1993 = ADVANCED_FACE('',(#1994,#2264,#2598,#2788,#2978,#3126),#1983,.F.
  );
#1994 = FACE_BOUND('',#1995,.T.);
#1995 = EDGE_LOOP('',(#1996,#2024,#2057,#2080,#2102,#2103,#2131,#2157,
    #2183,#2184,#2212,#2238));
#1996 = ORIENTED_EDGE('',*,*,#1997,.F.);
#1997 = EDGE_CURVE('',#1998,#2000,#2002,.T.);
#1998 = VERTEX_POINT('',#1999);
#1999 = CARTESIAN_POINT('',(8.641479531782,23.459003207762,4.5));
#2000 = VERTEX_POINT('',#2001);
#2001 = CARTESIAN_POINT('',(8.641479531782,23.459003207762,2.));
#2002 = SURFACE_CURVE('',#2003,(#2007,#2013),.PCURVE_S1.);
#2003 = LINE('',#2004,#2005);
#2004 = CARTESIAN_POINT('',(8.641479531782,23.459003207762,0.));
#2005 = VECTOR('',#2006,1.);
#2006 = DIRECTION('',(-0.,-0.,-1.));
#2007 = PCURVE('',#1983,#2008);
#2008 = DEFINITIONAL_REPRESENTATION('',(#2009),#2012);
#2009 = B_SPLINE_CURVE_WITH_KNOTS('',1,(#2010,#2011),.UNSPECIFIED.,.F.,
  .F.,(2,2),(-4.75,-1.75),.PIECEWISE_BEZIER_KNOTS.);
#2010 = CARTESIAN_POINT('',(-1.217855150324,-4.75));
#2011 = CARTESIAN_POINT('',(-1.217855150324,-1.75));
#2012 = ( GEOMETRIC_REPRESENTATION_CONTEXT(2) 
PARAMETRIC_REPRESENTATION_CONTEXT() REPRESENTATION_CONTEXT('2D SPACE',''
  ) );
#2013 = PCURVE('',#2014,#2019);
#2014 = PLANE('',#2015);
#2015 = AXIS2_PLACEMENT_3D('',#2016,#2017,#2018);
#2016 = CARTESIAN_POINT('',(0.,0.,2.));
#2017 = DIRECTION('',(-0.93836012831,0.345659181271,0.));
#2018 = DIRECTION('',(0.345659181271,0.93836012831,0.));
#2019 = DEFINITIONAL_REPRESENTATION('',(#2020),#2023);
#2020 = B_SPLINE_CURVE_WITH_KNOTS('',1,(#2021,#2022),.UNSPECIFIED.,.F.,
  .F.,(2,2),(-4.75,-1.75),.PIECEWISE_BEZIER_KNOTS.);
#2021 = CARTESIAN_POINT('',(25.,-2.75));
#2022 = CARTESIAN_POINT('',(25.,0.25));
#2023 = ( GEOMETRIC_REPRESENTATION_CONTEXT(2) 
PARAMETRIC_REPRESENTATION_CONTEXT() REPRESENTATION_CONTEXT('2D SPACE',''
  ) );
#2024 = ORIENTED_EDGE('',*,*,#2025,.T.);
#2025 = EDGE_CURVE('',#1998,#2026,#2028,.T.);
#2026 = VERTEX_POINT('',#2027);
#2027 = CARTESIAN_POINT('',(25.,-1.432215206943E-15,4.5));
#2028 = SURFACE_CURVE('',#2029,(#2034,#2041),.PCURVE_S1.);
#2029 = CIRCLE('',#2030,25.);
#2030 = AXIS2_PLACEMENT_3D('',#2031,#2032,#2033);
#2031 = CARTESIAN_POINT('',(1.206597174321E-13,-1.432215206943E-15,4.5)
  );
#2032 = DIRECTION('',(0.,0.,-1.));
#2033 = DIRECTION('',(1.,0.,0.));
#2034 = PCURVE('',#1983,#2035);
#2035 = DEFINITIONAL_REPRESENTATION('',(#2036),#2040);
#2036 = LINE('',#2037,#2038);
#2037 = CARTESIAN_POINT('',(-6.28318530718,-4.5));
#2038 = VECTOR('',#2039,1.);
#2039 = DIRECTION('',(1.,-0.));
#2040 = ( GEOMETRIC_REPRESENTATION_CONTEXT(2) 
PARAMETRIC_REPRESENTATION_CONTEXT() REPRESENTATION_CONTEXT('2D SPACE',''
  ) );
#2041 = PCURVE('',#2042,#2047);
#2042 = PLANE('',#2043);
#2043 = AXIS2_PLACEMENT_3D('',#2044,#2045,#2046);
#2044 = CARTESIAN_POINT('',(-2.620244565345E-15,2.471079343172E-15,4.5)
  );
#2045 = DIRECTION('',(0.,0.,1.));
#2046 = DIRECTION('',(1.,0.,-0.));
#2047 = DEFINITIONAL_REPRESENTATION('',(#2048),#2056);
#2048 = ( BOUNDED_CURVE() B_SPLINE_CURVE(2,(#2049,#2050,#2051,#2052,
#2053,#2054,#2055),.UNSPECIFIED.,.T.,.F.) B_SPLINE_CURVE_WITH_KNOTS((1,2
    ,2,2,2,1),(-2.094395102393,0.,2.094395102393,4.188790204786,
6.28318530718,8.377580409573),.UNSPECIFIED.) CURVE() 
GEOMETRIC_REPRESENTATION_ITEM() RATIONAL_B_SPLINE_CURVE((1.,0.5,1.,0.5,
1.,0.5,1.)) REPRESENTATION_ITEM('') );
#2049 = CARTESIAN_POINT('',(25.,-3.903294550115E-15));
#2050 = CARTESIAN_POINT('',(25.,-43.30127018922));
#2051 = CARTESIAN_POINT('',(-12.5,-21.65063509461));
#2052 = CARTESIAN_POINT('',(-50.,-1.002652854585E-14));
#2053 = CARTESIAN_POINT('',(-12.5,21.650635094611));
#2054 = CARTESIAN_POINT('',(25.,43.301270189222));
#2055 = CARTESIAN_POINT('',(25.,-3.903294550115E-15));
#2056 = ( GEOMETRIC_REPRESENTATION_CONTEXT(2) 
PARAMETRIC_REPRESENTATION_CONTEXT() REPRESENTATION_CONTEXT('2D SPACE',''
  ) );
#2057 = ORIENTED_EDGE('',*,*,#2058,.T.);
#2058 = EDGE_CURVE('',#2026,#2059,#2061,.T.);
#2059 = VERTEX_POINT('',#2060);
#2060 = CARTESIAN_POINT('',(25.,-1.432215206943E-15,10.5));
#2061 = SEAM_CURVE('',#2062,(#2066,#2073),.PCURVE_S1.);
#2062 = LINE('',#2063,#2064);
#2063 = CARTESIAN_POINT('',(25.,-1.432215206943E-15,0.));
#2064 = VECTOR('',#2065,1.);
#2065 = DIRECTION('',(0.,0.,1.));
#2066 = PCURVE('',#1983,#2067);
#2067 = DEFINITIONAL_REPRESENTATION('',(#2068),#2072);
#2068 = LINE('',#2069,#2070);
#2069 = CARTESIAN_POINT('',(-6.28318530718,0.));
#2070 = VECTOR('',#2071,1.);
#2071 = DIRECTION('',(-0.,-1.));
#2072 = ( GEOMETRIC_REPRESENTATION_CONTEXT(2) 
PARAMETRIC_REPRESENTATION_CONTEXT() REPRESENTATION_CONTEXT('2D SPACE',''
  ) );
#2073 = PCURVE('',#1983,#2074);
#2074 = DEFINITIONAL_REPRESENTATION('',(#2075),#2079);
#2075 = LINE('',#2076,#2077);
#2076 = CARTESIAN_POINT('',(-0.,0.));
#2077 = VECTOR('',#2078,1.);
#2078 = DIRECTION('',(-0.,-1.));
#2079 = ( GEOMETRIC_REPRESENTATION_CONTEXT(2) 
PARAMETRIC_REPRESENTATION_CONTEXT() REPRESENTATION_CONTEXT('2D SPACE',''
  ) );
#2080 = ORIENTED_EDGE('',*,*,#2081,.T.);
#2081 = EDGE_CURVE('',#2059,#2059,#2082,.T.);
#2082 = SURFACE_CURVE('',#2083,(#2088,#2095),.PCURVE_S1.);
#2083 = CIRCLE('',#2084,25.);
#2084 = AXIS2_PLACEMENT_3D('',#2085,#2086,#2087);
#2085 = CARTESIAN_POINT('',(1.206597174321E-13,-1.432215206943E-15,10.5)
  );
#2086 = DIRECTION('',(0.,0.,1.));
#2087 = DIRECTION('',(1.,0.,0.));
#2088 = PCURVE('',#1983,#2089);
#2089 = DEFINITIONAL_REPRESENTATION('',(#2090),#2094);
#2090 = LINE('',#2091,#2092);
#2091 = CARTESIAN_POINT('',(-0.,-10.5));
#2092 = VECTOR('',#2093,1.);
#2093 = DIRECTION('',(-1.,0.));
#2094 = ( GEOMETRIC_REPRESENTATION_CONTEXT(2) 
PARAMETRIC_REPRESENTATION_CONTEXT() REPRESENTATION_CONTEXT('2D SPACE',''
  ) );
#2095 = PCURVE('',#94,#2096);
#2096 = DEFINITIONAL_REPRESENTATION('',(#2097),#2101);
#2097 = CIRCLE('',#2098,25.);
#2098 = AXIS2_PLACEMENT_2D('',#2099,#2100);
#2099 = CARTESIAN_POINT('',(1.223757207357E-13,-2.107268731247E-15));
#2100 = DIRECTION('',(1.,0.));
#2101 = ( GEOMETRIC_REPRESENTATION_CONTEXT(2) 
PARAMETRIC_REPRESENTATION_CONTEXT() REPRESENTATION_CONTEXT('2D SPACE',''
  ) );
#2102 = ORIENTED_EDGE('',*,*,#2058,.F.);
#2103 = ORIENTED_EDGE('',*,*,#2104,.T.);
#2104 = EDGE_CURVE('',#2026,#2105,#2107,.T.);
#2105 = VERTEX_POINT('',#2106);
#2106 = CARTESIAN_POINT('',(-8.641479531782,23.459003207762,4.5));
#2107 = SURFACE_CURVE('',#2108,(#2113,#2120),.PCURVE_S1.);
#2108 = CIRCLE('',#2109,25.);
#2109 = AXIS2_PLACEMENT_3D('',#2110,#2111,#2112);
#2110 = CARTESIAN_POINT('',(1.206597174321E-13,-1.432215206943E-15,4.5)
  );
#2111 = DIRECTION('',(0.,0.,-1.));
#2112 = DIRECTION('',(1.,0.,0.));
#2113 = PCURVE('',#1983,#2114);
#2114 = DEFINITIONAL_REPRESENTATION('',(#2115),#2119);
#2115 = LINE('',#2116,#2117);
#2116 = CARTESIAN_POINT('',(-6.28318530718,-4.5));
#2117 = VECTOR('',#2118,1.);
#2118 = DIRECTION('',(1.,-0.));
#2119 = ( GEOMETRIC_REPRESENTATION_CONTEXT(2) 
PARAMETRIC_REPRESENTATION_CONTEXT() REPRESENTATION_CONTEXT('2D SPACE',''
  ) );
#2120 = PCURVE('',#2042,#2121);
#2121 = DEFINITIONAL_REPRESENTATION('',(#2122),#2130);
#2122 = ( BOUNDED_CURVE() B_SPLINE_CURVE(2,(#2123,#2124,#2125,#2126,
#2127,#2128,#2129),.UNSPECIFIED.,.T.,.F.) B_SPLINE_CURVE_WITH_KNOTS((1,2
    ,2,2,2,1),(-2.094395102393,0.,2.094395102393,4.188790204786,
6.28318530718,8.377580409573),.UNSPECIFIED.) CURVE() 
GEOMETRIC_REPRESENTATION_ITEM() RATIONAL_B_SPLINE_CURVE((1.,0.5,1.,0.5,
1.,0.5,1.)) REPRESENTATION_ITEM('') );
#2123 = CARTESIAN_POINT('',(25.,-3.903294550115E-15));
#2124 = CARTESIAN_POINT('',(25.,-43.30127018922));
#2125 = CARTESIAN_POINT('',(-12.5,-21.65063509461));
#2126 = CARTESIAN_POINT('',(-50.,-1.002652854585E-14));
#2127 = CARTESIAN_POINT('',(-12.5,21.650635094611));
#2128 = CARTESIAN_POINT('',(25.,43.301270189222));
#2129 = CARTESIAN_POINT('',(25.,-3.903294550115E-15));
#2130 = ( GEOMETRIC_REPRESENTATION_CONTEXT(2) 
PARAMETRIC_REPRESENTATION_CONTEXT() REPRESENTATION_CONTEXT('2D SPACE',''
  ) );
#2131 = ORIENTED_EDGE('',*,*,#2132,.T.);
#2132 = EDGE_CURVE('',#2105,#2133,#2135,.T.);
#2133 = VERTEX_POINT('',#2134);
#2134 = CARTESIAN_POINT('',(-8.641479531782,23.459003207762,2.));
#2135 = SURFACE_CURVE('',#2136,(#2140,#2146),.PCURVE_S1.);
#2136 = LINE('',#2137,#2138);
#2137 = CARTESIAN_POINT('',(-8.641479531782,23.459003207762,0.));
#2138 = VECTOR('',#2139,1.);
#2139 = DIRECTION('',(-0.,-0.,-1.));
#2140 = PCURVE('',#1983,#2141);
#2141 = DEFINITIONAL_REPRESENTATION('',(#2142),#2145);
#2142 = B_SPLINE_CURVE_WITH_KNOTS('',1,(#2143,#2144),.UNSPECIFIED.,.F.,
  .F.,(2,2),(-4.75,-1.75),.PIECEWISE_BEZIER_KNOTS.);
#2143 = CARTESIAN_POINT('',(-1.923737503265,-4.75));
#2144 = CARTESIAN_POINT('',(-1.923737503265,-1.75));
#2145 = ( GEOMETRIC_REPRESENTATION_CONTEXT(2) 
PARAMETRIC_REPRESENTATION_CONTEXT() REPRESENTATION_CONTEXT('2D SPACE',''
  ) );
#2146 = PCURVE('',#2147,#2152);
#2147 = PLANE('',#2148);
#2148 = AXIS2_PLACEMENT_3D('',#2149,#2150,#2151);
#2149 = CARTESIAN_POINT('',(-8.676045449909,23.552839220593,2.));
#2150 = DIRECTION('',(0.93836012831,0.345659181271,-0.));
#2151 = DIRECTION('',(0.345659181271,-0.93836012831,0.));
#2152 = DEFINITIONAL_REPRESENTATION('',(#2153),#2156);
#2153 = B_SPLINE_CURVE_WITH_KNOTS('',1,(#2154,#2155),.UNSPECIFIED.,.F.,
  .F.,(2,2),(-4.75,-1.75),.PIECEWISE_BEZIER_KNOTS.);
#2154 = CARTESIAN_POINT('',(0.1,-2.75));
#2155 = CARTESIAN_POINT('',(0.1,0.25));
#2156 = ( GEOMETRIC_REPRESENTATION_CONTEXT(2) 
PARAMETRIC_REPRESENTATION_CONTEXT() REPRESENTATION_CONTEXT('2D SPACE',''
  ) );
#2157 = ORIENTED_EDGE('',*,*,#2158,.T.);
#2158 = EDGE_CURVE('',#2133,#1877,#2159,.T.);
#2159 = SURFACE_CURVE('',#2160,(#2165,#2172),.PCURVE_S1.);
#2160 = CIRCLE('',#2161,25.);
#2161 = AXIS2_PLACEMENT_3D('',#2162,#2163,#2164);
#2162 = CARTESIAN_POINT('',(1.206597174321E-13,-1.432215206943E-15,2.));
#2163 = DIRECTION('',(0.,0.,-1.));
#2164 = DIRECTION('',(1.,0.,0.));
#2165 = PCURVE('',#1983,#2166);
#2166 = DEFINITIONAL_REPRESENTATION('',(#2167),#2171);
#2167 = LINE('',#2168,#2169);
#2168 = CARTESIAN_POINT('',(-6.28318530718,-2.));
#2169 = VECTOR('',#2170,1.);
#2170 = DIRECTION('',(1.,-0.));
#2171 = ( GEOMETRIC_REPRESENTATION_CONTEXT(2) 
PARAMETRIC_REPRESENTATION_CONTEXT() REPRESENTATION_CONTEXT('2D SPACE',''
  ) );
#2172 = PCURVE('',#1723,#2173);
#2173 = DEFINITIONAL_REPRESENTATION('',(#2174),#2182);
#2174 = ( BOUNDED_CURVE() B_SPLINE_CURVE(2,(#2175,#2176,#2177,#2178,
#2179,#2180,#2181),.UNSPECIFIED.,.T.,.F.) B_SPLINE_CURVE_WITH_KNOTS((1,2
    ,2,2,2,1),(-2.094395102393,0.,2.094395102393,4.188790204786,
6.28318530718,8.377580409573),.UNSPECIFIED.) CURVE() 
GEOMETRIC_REPRESENTATION_ITEM() RATIONAL_B_SPLINE_CURVE((1.,0.5,1.,0.5,
1.,0.5,1.)) REPRESENTATION_ITEM('') );
#2175 = CARTESIAN_POINT('',(31.5,-24.5));
#2176 = CARTESIAN_POINT('',(31.5,-67.80127018922));
#2177 = CARTESIAN_POINT('',(-6.,-46.15063509461));
#2178 = CARTESIAN_POINT('',(-43.5,-24.5));
#2179 = CARTESIAN_POINT('',(-6.,-2.849364905389));
#2180 = CARTESIAN_POINT('',(31.5,18.801270189222));
#2181 = CARTESIAN_POINT('',(31.5,-24.5));
#2182 = ( GEOMETRIC_REPRESENTATION_CONTEXT(2) 
PARAMETRIC_REPRESENTATION_CONTEXT() REPRESENTATION_CONTEXT('2D SPACE',''
  ) );
#2183 = ORIENTED_EDGE('',*,*,#1970,.F.);
#2184 = ORIENTED_EDGE('',*,*,#2185,.T.);
#2185 = EDGE_CURVE('',#1948,#2186,#2188,.T.);
#2186 = VERTEX_POINT('',#2187);
#2187 = CARTESIAN_POINT('',(4.974937185533,24.5,4.));
#2188 = SURFACE_CURVE('',#2189,(#2194,#2201),.PCURVE_S1.);
#2189 = CIRCLE('',#2190,25.);
#2190 = AXIS2_PLACEMENT_3D('',#2191,#2192,#2193);
#2191 = CARTESIAN_POINT('',(1.206597174321E-13,-1.432215206943E-15,4.));
#2192 = DIRECTION('',(0.,0.,-1.));
#2193 = DIRECTION('',(1.,0.,0.));
#2194 = PCURVE('',#1983,#2195);
#2195 = DEFINITIONAL_REPRESENTATION('',(#2196),#2200);
#2196 = LINE('',#2197,#2198);
#2197 = CARTESIAN_POINT('',(-6.28318530718,-4.));
#2198 = VECTOR('',#2199,1.);
#2199 = DIRECTION('',(1.,-0.));
#2200 = ( GEOMETRIC_REPRESENTATION_CONTEXT(2) 
PARAMETRIC_REPRESENTATION_CONTEXT() REPRESENTATION_CONTEXT('2D SPACE',''
  ) );
#2201 = PCURVE('',#1554,#2202);
#2202 = DEFINITIONAL_REPRESENTATION('',(#2203),#2211);
#2203 = ( BOUNDED_CURVE() B_SPLINE_CURVE(2,(#2204,#2205,#2206,#2207,
#2208,#2209,#2210),.UNSPECIFIED.,.T.,.F.) B_SPLINE_CURVE_WITH_KNOTS((1,2
    ,2,2,2,1),(-2.094395102393,0.,2.094395102393,4.188790204786,
6.28318530718,8.377580409573),.UNSPECIFIED.) CURVE() 
GEOMETRIC_REPRESENTATION_ITEM() RATIONAL_B_SPLINE_CURVE((1.,0.5,1.,0.5,
1.,0.5,1.)) REPRESENTATION_ITEM('') );
#2204 = CARTESIAN_POINT('',(31.5,-24.5));
#2205 = CARTESIAN_POINT('',(31.5,-67.80127018922));
#2206 = CARTESIAN_POINT('',(-6.,-46.15063509461));
#2207 = CARTESIAN_POINT('',(-43.5,-24.5));
#2208 = CARTESIAN_POINT('',(-6.,-2.849364905389));
#2209 = CARTESIAN_POINT('',(31.5,18.801270189222));
#2210 = CARTESIAN_POINT('',(31.5,-24.5));
#2211 = ( GEOMETRIC_REPRESENTATION_CONTEXT(2) 
PARAMETRIC_REPRESENTATION_CONTEXT() REPRESENTATION_CONTEXT('2D SPACE',''
  ) );
#2212 = ORIENTED_EDGE('',*,*,#2213,.T.);
#2213 = EDGE_CURVE('',#2186,#2214,#2216,.T.);
#2214 = VERTEX_POINT('',#2215);
#2215 = CARTESIAN_POINT('',(4.974937185533,24.5,2.));
#2216 = SURFACE_CURVE('',#2217,(#2221,#2227),.PCURVE_S1.);
#2217 = LINE('',#2218,#2219);
#2218 = CARTESIAN_POINT('',(4.974937185533,24.5,0.));
#2219 = VECTOR('',#2220,1.);
#2220 = DIRECTION('',(-0.,-0.,-1.));
#2221 = PCURVE('',#1983,#2222);
#2222 = DEFINITIONAL_REPRESENTATION('',(#2223),#2226);
#2223 = B_SPLINE_CURVE_WITH_KNOTS('',1,(#2224,#2225),.UNSPECIFIED.,.F.,
  .F.,(2,2),(-4.2,-1.9999994),.PIECEWISE_BEZIER_KNOTS.);
#2224 = CARTESIAN_POINT('',(-1.370461484472,-4.2));
#2225 = CARTESIAN_POINT('',(-1.370461484472,-1.9999994));
#2226 = ( GEOMETRIC_REPRESENTATION_CONTEXT(2) 
PARAMETRIC_REPRESENTATION_CONTEXT() REPRESENTATION_CONTEXT('2D SPACE',''
  ) );
#2227 = PCURVE('',#2228,#2233);
#2228 = PLANE('',#2229);
#2229 = AXIS2_PLACEMENT_3D('',#2230,#2231,#2232);
#2230 = CARTESIAN_POINT('',(-6.5,24.5,2.));
#2231 = DIRECTION('',(0.,1.,0.));
#2232 = DIRECTION('',(0.,0.,1.));
#2233 = DEFINITIONAL_REPRESENTATION('',(#2234),#2237);
#2234 = B_SPLINE_CURVE_WITH_KNOTS('',1,(#2235,#2236),.UNSPECIFIED.,.F.,
  .F.,(2,2),(-4.2,-1.9999994),.PIECEWISE_BEZIER_KNOTS.);
#2235 = CARTESIAN_POINT('',(2.2,11.474937185533));
#2236 = CARTESIAN_POINT('',(-5.999999999062E-07,11.474937185533));
#2237 = ( GEOMETRIC_REPRESENTATION_CONTEXT(2) 
PARAMETRIC_REPRESENTATION_CONTEXT() REPRESENTATION_CONTEXT('2D SPACE',''
  ) );
#2238 = ORIENTED_EDGE('',*,*,#2239,.T.);
#2239 = EDGE_CURVE('',#2214,#2000,#2240,.T.);
#2240 = SURFACE_CURVE('',#2241,(#2246,#2253),.PCURVE_S1.);
#2241 = CIRCLE('',#2242,25.);
#2242 = AXIS2_PLACEMENT_3D('',#2243,#2244,#2245);
#2243 = CARTESIAN_POINT('',(1.206597174321E-13,-1.432215206943E-15,2.));
#2244 = DIRECTION('',(0.,0.,-1.));
#2245 = DIRECTION('',(1.,0.,0.));
#2246 = PCURVE('',#1983,#2247);
#2247 = DEFINITIONAL_REPRESENTATION('',(#2248),#2252);
#2248 = LINE('',#2249,#2250);
#2249 = CARTESIAN_POINT('',(-6.28318530718,-2.));
#2250 = VECTOR('',#2251,1.);
#2251 = DIRECTION('',(1.,-0.));
#2252 = ( GEOMETRIC_REPRESENTATION_CONTEXT(2) 
PARAMETRIC_REPRESENTATION_CONTEXT() REPRESENTATION_CONTEXT('2D SPACE',''
  ) );
#2253 = PCURVE('',#1723,#2254);
#2254 = DEFINITIONAL_REPRESENTATION('',(#2255),#2263);
#2255 = ( BOUNDED_CURVE() B_SPLINE_CURVE(2,(#2256,#2257,#2258,#2259,
#2260,#2261,#2262),.UNSPECIFIED.,.T.,.F.) B_SPLINE_CURVE_WITH_KNOTS((1,2
    ,2,2,2,1),(-2.094395102393,0.,2.094395102393,4.188790204786,
6.28318530718,8.377580409573),.UNSPECIFIED.) CURVE() 
GEOMETRIC_REPRESENTATION_ITEM() RATIONAL_B_SPLINE_CURVE((1.,0.5,1.,0.5,
1.,0.5,1.)) REPRESENTATION_ITEM('') );
#2256 = CARTESIAN_POINT('',(31.5,-24.5));
#2257 = CARTESIAN_POINT('',(31.5,-67.80127018922));
#2258 = CARTESIAN_POINT('',(-6.,-46.15063509461));
#2259 = CARTESIAN_POINT('',(-43.5,-24.5));
#2260 = CARTESIAN_POINT('',(-6.,-2.849364905389));
#2261 = CARTESIAN_POINT('',(31.5,18.801270189222));
#2262 = CARTESIAN_POINT('',(31.5,-24.5));
#2263 = ( GEOMETRIC_REPRESENTATION_CONTEXT(2) 
PARAMETRIC_REPRESENTATION_CONTEXT() REPRESENTATION_CONTEXT('2D SPACE',''
  ) );
#2264 = FACE_BOUND('',#2265,.T.);
#2265 = EDGE_LOOP('',(#2266,#2294,#2350,#2378,#2434,#2460,#2516,#2544));
#2266 = ORIENTED_EDGE('',*,*,#2267,.F.);
#2267 = EDGE_CURVE('',#2268,#2270,#2272,.T.);
#2268 = VERTEX_POINT('',#2269);
#2269 = CARTESIAN_POINT('',(4.974937185533,-24.5,8.273057317667));
#2270 = VERTEX_POINT('',#2271);
#2271 = CARTESIAN_POINT('',(4.974937185533,-24.5,7.226942682333));
#2272 = SURFACE_CURVE('',#2273,(#2277,#2283),.PCURVE_S1.);
#2273 = LINE('',#2274,#2275);
#2274 = CARTESIAN_POINT('',(4.974937185533,-24.5,0.));
#2275 = VECTOR('',#2276,1.);
#2276 = DIRECTION('',(-0.,-0.,-1.));
#2277 = PCURVE('',#1983,#2278);
#2278 = DEFINITIONAL_REPRESENTATION('',(#2279),#2282);
#2279 = B_SPLINE_CURVE_WITH_KNOTS('',1,(#2280,#2281),.UNSPECIFIED.,.F.,
  .F.,(2,2),(-9.85,-5.65),.PIECEWISE_BEZIER_KNOTS.);
#2280 = CARTESIAN_POINT('',(-4.912723822708,-9.85));
#2281 = CARTESIAN_POINT('',(-4.912723822708,-5.65));
#2282 = ( GEOMETRIC_REPRESENTATION_CONTEXT(2) 
PARAMETRIC_REPRESENTATION_CONTEXT() REPRESENTATION_CONTEXT('2D SPACE',''
  ) );
#2283 = PCURVE('',#2284,#2289);
#2284 = PLANE('',#2285);
#2285 = AXIS2_PLACEMENT_3D('',#2286,#2287,#2288);
#2286 = CARTESIAN_POINT('',(5.,-24.5,6.));
#2287 = DIRECTION('',(-1.224646799147E-16,-1.,0.));
#2288 = DIRECTION('',(0.,0.,1.));
#2289 = DEFINITIONAL_REPRESENTATION('',(#2290),#2293);
#2290 = B_SPLINE_CURVE_WITH_KNOTS('',1,(#2291,#2292),.UNSPECIFIED.,.F.,
  .F.,(2,2),(-9.85,-5.65),.PIECEWISE_BEZIER_KNOTS.);
#2291 = CARTESIAN_POINT('',(3.85,2.506281446678E-02));
#2292 = CARTESIAN_POINT('',(-0.35,2.506281446678E-02));
#2293 = ( GEOMETRIC_REPRESENTATION_CONTEXT(2) 
PARAMETRIC_REPRESENTATION_CONTEXT() REPRESENTATION_CONTEXT('2D SPACE',''
  ) );
#2294 = ORIENTED_EDGE('',*,*,#2295,.T.);
#2295 = EDGE_CURVE('',#2268,#2296,#2298,.T.);
#2296 = VERTEX_POINT('',#2297);
#2297 = CARTESIAN_POINT('',(3.5,-24.75378758897,9.5));
#2298 = SURFACE_CURVE('',#2299,(#2314,#2332),.PCURVE_S1.);
#2299 = B_SPLINE_CURVE_WITH_KNOTS('',7,(#2300,#2301,#2302,#2303,#2304,
    #2305,#2306,#2307,#2308,#2309,#2310,#2311,#2312,#2313),
  .UNSPECIFIED.,.F.,.F.,(8,6,8),(0.,0.60681525384,1.),.UNSPECIFIED.);
#2300 = CARTESIAN_POINT('',(4.974940140343,-24.4999994,8.273041356581));
#2301 = CARTESIAN_POINT('',(4.945894453723,-24.50589738187,
    8.429943042233));
#2302 = CARTESIAN_POINT('',(4.897094577434,-24.51576475472,8.5847617044)
  );
#2303 = CARTESIAN_POINT('',(4.828206757818,-24.52956721049,
    8.735490835363));
#2304 = CARTESIAN_POINT('',(4.738735731898,-24.54719478274,
    8.879761633783));
#2305 = CARTESIAN_POINT('',(4.628183690436,-24.56842330811,9.01467365349
    ));
#2306 = CARTESIAN_POINT('',(4.496223555233,-24.59284738099,
    9.136575236099));
#2307 = CARTESIAN_POINT('',(4.243925203327,-24.6373546818,9.308037018997
    ));
#2308 = CARTESIAN_POINT('',(4.135317268502,-24.65603293348,
    9.368319040139));
#2309 = CARTESIAN_POINT('',(4.018328988623,-24.67554672396,
    9.419236211477));
#2310 = CARTESIAN_POINT('',(3.894422656337,-24.69548084532,
    9.458982008457));
#2311 = CARTESIAN_POINT('',(3.765383764634,-24.71541140564,
    9.486198307888));
#2312 = CARTESIAN_POINT('',(3.633209915042,-24.73495270558,9.5));
#2313 = CARTESIAN_POINT('',(3.5,-24.75378758897,9.5));
#2314 = PCURVE('',#1983,#2315);
#2315 = DEFINITIONAL_REPRESENTATION('',(#2316),#2331);
#2316 = B_SPLINE_CURVE_WITH_KNOTS('',7,(#2317,#2318,#2319,#2320,#2321,
    #2322,#2323,#2324,#2325,#2326,#2327,#2328,#2329,#2330),
  .UNSPECIFIED.,.F.,.F.,(8,6,8),(0.,0.60681525384,1.),.UNSPECIFIED.);
#2317 = CARTESIAN_POINT('',(-4.912723943312,-8.273041356581));
#2318 = CARTESIAN_POINT('',(-4.911538405054,-8.429943042233));
#2319 = CARTESIAN_POINT('',(-4.90954690637,-8.5847617044));
#2320 = CARTESIAN_POINT('',(-4.906736636169,-8.735490835363));
#2321 = CARTESIAN_POINT('',(-4.903089030366,-8.879761633782));
#2322 = CARTESIAN_POINT('',(-4.898586278684,-9.01467365349));
#2323 = CARTESIAN_POINT('',(-4.893218413008,-9.136575236099));
#2324 = CARTESIAN_POINT('',(-4.882970653588,-9.308037018997));
#2325 = CARTESIAN_POINT('',(-4.878562599502,-9.368319040139));
#2326 = CARTESIAN_POINT('',(-4.873818517079,-9.419236211477));
#2327 = CARTESIAN_POINT('',(-4.86879869385,-9.458982008457));
#2328 = CARTESIAN_POINT('',(-4.863576107382,-9.486198307888));
#2329 = CARTESIAN_POINT('',(-4.858231790348,-9.5));
#2330 = CARTESIAN_POINT('',(-4.852850395095,-9.5));
#2331 = ( GEOMETRIC_REPRESENTATION_CONTEXT(2) 
PARAMETRIC_REPRESENTATION_CONTEXT() REPRESENTATION_CONTEXT('2D SPACE',''
  ) );
#2332 = PCURVE('',#696,#2333);
#2333 = DEFINITIONAL_REPRESENTATION('',(#2334),#2349);
#2334 = B_SPLINE_CURVE_WITH_KNOTS('',7,(#2335,#2336,#2337,#2338,#2339,
    #2340,#2341,#2342,#2343,#2344,#2345,#2346,#2347,#2348),
  .UNSPECIFIED.,.F.,.F.,(8,6,8),(0.,0.60681525384,1.),.UNSPECIFIED.);
#2335 = CARTESIAN_POINT('',(0.183048079645,-6.E-07));
#2336 = CARTESIAN_POINT('',(0.289426420949,5.897381869814E-03));
#2337 = CARTESIAN_POINT('',(0.396836190266,1.576475472748E-02));
#2338 = CARTESIAN_POINT('',(0.505970802679,2.956721049241E-02));
#2339 = CARTESIAN_POINT('',(0.617469097364,4.719478274457E-02));
#2340 = CARTESIAN_POINT('',(0.73204836309,6.842330811906E-02));
#2341 = CARTESIAN_POINT('',(0.85048898776,9.284738099439E-02));
#2342 = CARTESIAN_POINT('',(1.053853577018,0.137354681808));
#2343 = CARTESIAN_POINT('',(1.136327469189,0.156032933487));
#2344 = CARTESIAN_POINT('',(1.220748492598,0.175546723966));
#2345 = CARTESIAN_POINT('',(1.306703518331,0.195480845329));
#2346 = CARTESIAN_POINT('',(1.393873958462,0.21541140564));
#2347 = CARTESIAN_POINT('',(1.481989716767,0.234952705585));
#2348 = CARTESIAN_POINT('',(1.570796326795,0.253787588973));
#2349 = ( GEOMETRIC_REPRESENTATION_CONTEXT(2) 
PARAMETRIC_REPRESENTATION_CONTEXT() REPRESENTATION_CONTEXT('2D SPACE',''
  ) );
#2350 = ORIENTED_EDGE('',*,*,#2351,.T.);
#2351 = EDGE_CURVE('',#2296,#2352,#2354,.T.);
#2352 = VERTEX_POINT('',#2353);
#2353 = CARTESIAN_POINT('',(-3.5,-24.75378758897,9.5));
#2354 = SURFACE_CURVE('',#2355,(#2360,#2367),.PCURVE_S1.);
#2355 = CIRCLE('',#2356,25.);
#2356 = AXIS2_PLACEMENT_3D('',#2357,#2358,#2359);
#2357 = CARTESIAN_POINT('',(1.206597174321E-13,-1.432215206943E-15,9.5)
  );
#2358 = DIRECTION('',(0.,0.,-1.));
#2359 = DIRECTION('',(1.,0.,0.));
#2360 = PCURVE('',#1983,#2361);
#2361 = DEFINITIONAL_REPRESENTATION('',(#2362),#2366);
#2362 = LINE('',#2363,#2364);
#2363 = CARTESIAN_POINT('',(-6.28318530718,-9.5));
#2364 = VECTOR('',#2365,1.);
#2365 = DIRECTION('',(1.,-0.));
#2366 = ( GEOMETRIC_REPRESENTATION_CONTEXT(2) 
PARAMETRIC_REPRESENTATION_CONTEXT() REPRESENTATION_CONTEXT('2D SPACE',''
  ) );
#2367 = PCURVE('',#736,#2368);
#2368 = DEFINITIONAL_REPRESENTATION('',(#2369),#2377);
#2369 = ( BOUNDED_CURVE() B_SPLINE_CURVE(2,(#2370,#2371,#2372,#2373,
#2374,#2375,#2376),.UNSPECIFIED.,.T.,.F.) B_SPLINE_CURVE_WITH_KNOTS((1,2
    ,2,2,2,1),(-2.094395102393,0.,2.094395102393,4.188790204786,
6.28318530718,8.377580409573),.UNSPECIFIED.) CURVE() 
GEOMETRIC_REPRESENTATION_ITEM() RATIONAL_B_SPLINE_CURVE((1.,0.5,1.,0.5,
1.,0.5,1.)) REPRESENTATION_ITEM('') );
#2370 = CARTESIAN_POINT('',(-20.,-24.5));
#2371 = CARTESIAN_POINT('',(-20.,18.801270189222));
#2372 = CARTESIAN_POINT('',(17.5,-2.849364905389));
#2373 = CARTESIAN_POINT('',(55.,-24.5));
#2374 = CARTESIAN_POINT('',(17.5,-46.15063509461));
#2375 = CARTESIAN_POINT('',(-20.,-67.80127018922));
#2376 = CARTESIAN_POINT('',(-20.,-24.5));
#2377 = ( GEOMETRIC_REPRESENTATION_CONTEXT(2) 
PARAMETRIC_REPRESENTATION_CONTEXT() REPRESENTATION_CONTEXT('2D SPACE',''
  ) );
#2378 = ORIENTED_EDGE('',*,*,#2379,.F.);
#2379 = EDGE_CURVE('',#2380,#2352,#2382,.T.);
#2380 = VERTEX_POINT('',#2381);
#2381 = CARTESIAN_POINT('',(-4.974937185533,-24.5,8.273057317668));
#2382 = SURFACE_CURVE('',#2383,(#2398,#2416),.PCURVE_S1.);
#2383 = B_SPLINE_CURVE_WITH_KNOTS('',7,(#2384,#2385,#2386,#2387,#2388,
    #2389,#2390,#2391,#2392,#2393,#2394,#2395,#2396,#2397),
  .UNSPECIFIED.,.F.,.F.,(8,6,8),(0.,0.606815253832,1.),.UNSPECIFIED.);
#2384 = CARTESIAN_POINT('',(-4.974940140343,-24.4999994,8.273041356582)
  );
#2385 = CARTESIAN_POINT('',(-4.945894453723,-24.50589738187,
    8.429943042234));
#2386 = CARTESIAN_POINT('',(-4.897094577434,-24.51576475472,
    8.584761704401));
#2387 = CARTESIAN_POINT('',(-4.828206757818,-24.52956721049,
    8.735490835363));
#2388 = CARTESIAN_POINT('',(-4.738735731897,-24.54719478274,
    8.879761633783));
#2389 = CARTESIAN_POINT('',(-4.628183690436,-24.56842330811,
    9.01467365349));
#2390 = CARTESIAN_POINT('',(-4.496223555233,-24.59284738099,
    9.136575236099));
#2391 = CARTESIAN_POINT('',(-4.243925203324,-24.6373546818,
    9.308037018999));
#2392 = CARTESIAN_POINT('',(-4.135317268505,-24.65603293348,
    9.368319040137));
#2393 = CARTESIAN_POINT('',(-4.018328988627,-24.67554672396,
    9.419236211477));
#2394 = CARTESIAN_POINT('',(-3.894422656335,-24.69548084532,
    9.458982008459));
#2395 = CARTESIAN_POINT('',(-3.765383764629,-24.71541140564,
    9.486198307887));
#2396 = CARTESIAN_POINT('',(-3.633209915046,-24.73495270558,9.5));
#2397 = CARTESIAN_POINT('',(-3.5,-24.75378758897,9.5));
#2398 = PCURVE('',#1983,#2399);
#2399 = DEFINITIONAL_REPRESENTATION('',(#2400),#2415);
#2400 = B_SPLINE_CURVE_WITH_KNOTS('',7,(#2401,#2402,#2403,#2404,#2405,
    #2406,#2407,#2408,#2409,#2410,#2411,#2412,#2413,#2414),
  .UNSPECIFIED.,.F.,.F.,(8,6,8),(0.,0.606815253832,1.),.UNSPECIFIED.);
#2401 = CARTESIAN_POINT('',(-4.512054017457,-8.273041356582));
#2402 = CARTESIAN_POINT('',(-4.513239555716,-8.429943042234));
#2403 = CARTESIAN_POINT('',(-4.515231054399,-8.584761704401));
#2404 = CARTESIAN_POINT('',(-4.5180413246,-8.735490835363));
#2405 = CARTESIAN_POINT('',(-4.521688930404,-8.879761633783));
#2406 = CARTESIAN_POINT('',(-4.526191682085,-9.01467365349));
#2407 = CARTESIAN_POINT('',(-4.531559547761,-9.136575236099));
#2408 = CARTESIAN_POINT('',(-4.541807307181,-9.308037018999));
#2409 = CARTESIAN_POINT('',(-4.546215361268,-9.368319040137));
#2410 = CARTESIAN_POINT('',(-4.55095944369,-9.419236211477));
#2411 = CARTESIAN_POINT('',(-4.555979266919,-9.458982008459));
#2412 = CARTESIAN_POINT('',(-4.561201853388,-9.486198307887));
#2413 = CARTESIAN_POINT('',(-4.566546170421,-9.5));
#2414 = CARTESIAN_POINT('',(-4.571927565675,-9.5));
#2415 = ( GEOMETRIC_REPRESENTATION_CONTEXT(2) 
PARAMETRIC_REPRESENTATION_CONTEXT() REPRESENTATION_CONTEXT('2D SPACE',''
  ) );
#2416 = PCURVE('',#802,#2417);
#2417 = DEFINITIONAL_REPRESENTATION('',(#2418),#2433);
#2418 = B_SPLINE_CURVE_WITH_KNOTS('',7,(#2419,#2420,#2421,#2422,#2423,
    #2424,#2425,#2426,#2427,#2428,#2429,#2430,#2431,#2432),
  .UNSPECIFIED.,.F.,.F.,(8,6,8),(0.,0.606815253832,1.),.UNSPECIFIED.);
#2419 = CARTESIAN_POINT('',(-0.183048079646,-6.E-07));
#2420 = CARTESIAN_POINT('',(-0.28942642095,5.897381869835E-03));
#2421 = CARTESIAN_POINT('',(-0.396836190267,1.576475472751E-02));
#2422 = CARTESIAN_POINT('',(-0.505970802679,2.956721049245E-02));
#2423 = CARTESIAN_POINT('',(-0.617469097364,4.71947827446E-02));
#2424 = CARTESIAN_POINT('',(-0.73204836309,6.842330811906E-02));
#2425 = CARTESIAN_POINT('',(-0.850488987761,9.284738099439E-02));
#2426 = CARTESIAN_POINT('',(-1.053853577021,0.137354681808));
#2427 = CARTESIAN_POINT('',(-1.136327469186,0.156032933487));
#2428 = CARTESIAN_POINT('',(-1.220748492596,0.175546723966));
#2429 = CARTESIAN_POINT('',(-1.306703518333,0.195480845329));
#2430 = CARTESIAN_POINT('',(-1.393873958464,0.21541140564));
#2431 = CARTESIAN_POINT('',(-1.481989716764,0.234952705585));
#2432 = CARTESIAN_POINT('',(-1.570796326795,0.253787588973));
#2433 = ( GEOMETRIC_REPRESENTATION_CONTEXT(2) 
PARAMETRIC_REPRESENTATION_CONTEXT() REPRESENTATION_CONTEXT('2D SPACE',''
  ) );
#2434 = ORIENTED_EDGE('',*,*,#2435,.T.);
#2435 = EDGE_CURVE('',#2380,#2436,#2438,.T.);
#2436 = VERTEX_POINT('',#2437);
#2437 = CARTESIAN_POINT('',(-4.974937185533,-24.5,7.226942682332));
#2438 = SURFACE_CURVE('',#2439,(#2443,#2449),.PCURVE_S1.);
#2439 = LINE('',#2440,#2441);
#2440 = CARTESIAN_POINT('',(-4.974937185533,-24.5,0.));
#2441 = VECTOR('',#2442,1.);
#2442 = DIRECTION('',(-0.,-0.,-1.));
#2443 = PCURVE('',#1983,#2444);
#2444 = DEFINITIONAL_REPRESENTATION('',(#2445),#2448);
#2445 = B_SPLINE_CURVE_WITH_KNOTS('',1,(#2446,#2447),.UNSPECIFIED.,.F.,
  .F.,(2,2),(-9.85,-5.65),.PIECEWISE_BEZIER_KNOTS.);
#2446 = CARTESIAN_POINT('',(-4.512054138062,-9.85));
#2447 = CARTESIAN_POINT('',(-4.512054138062,-5.65));
#2448 = ( GEOMETRIC_REPRESENTATION_CONTEXT(2) 
PARAMETRIC_REPRESENTATION_CONTEXT() REPRESENTATION_CONTEXT('2D SPACE',''
  ) );
#2449 = PCURVE('',#2450,#2455);
#2450 = PLANE('',#2451);
#2451 = AXIS2_PLACEMENT_3D('',#2452,#2453,#2454);
#2452 = CARTESIAN_POINT('',(5.,-24.5,6.));
#2453 = DIRECTION('',(-1.224646799147E-16,-1.,0.));
#2454 = DIRECTION('',(0.,0.,1.));
#2455 = DEFINITIONAL_REPRESENTATION('',(#2456),#2459);
#2456 = B_SPLINE_CURVE_WITH_KNOTS('',1,(#2457,#2458),.UNSPECIFIED.,.F.,
  .F.,(2,2),(-9.85,-5.65),.PIECEWISE_BEZIER_KNOTS.);
#2457 = CARTESIAN_POINT('',(3.85,9.974937185533));
#2458 = CARTESIAN_POINT('',(-0.35,9.974937185533));
#2459 = ( GEOMETRIC_REPRESENTATION_CONTEXT(2) 
PARAMETRIC_REPRESENTATION_CONTEXT() REPRESENTATION_CONTEXT('2D SPACE',''
  ) );
#2460 = ORIENTED_EDGE('',*,*,#2461,.T.);
#2461 = EDGE_CURVE('',#2436,#2462,#2464,.T.);
#2462 = VERTEX_POINT('',#2463);
#2463 = CARTESIAN_POINT('',(-3.5,-24.75378758897,6.));
#2464 = SURFACE_CURVE('',#2465,(#2480,#2498),.PCURVE_S1.);
#2465 = B_SPLINE_CURVE_WITH_KNOTS('',7,(#2466,#2467,#2468,#2469,#2470,
    #2471,#2472,#2473,#2474,#2475,#2476,#2477,#2478,#2479),
  .UNSPECIFIED.,.F.,.F.,(8,6,8),(0.,0.606815253989,1.),.UNSPECIFIED.);
#2466 = CARTESIAN_POINT('',(-4.974940140343,-24.4999994,7.226958643418)
  );
#2467 = CARTESIAN_POINT('',(-4.945894453723,-24.50589738187,
    7.070056957766));
#2468 = CARTESIAN_POINT('',(-4.897094577434,-24.51576475472,
    6.915238295599));
#2469 = CARTESIAN_POINT('',(-4.828206757818,-24.52956721049,
    6.764509164637));
#2470 = CARTESIAN_POINT('',(-4.738735731897,-24.54719478274,
    6.620238366217));
#2471 = CARTESIAN_POINT('',(-4.628183690436,-24.56842330811,
    6.48532634651));
#2472 = CARTESIAN_POINT('',(-4.496223555233,-24.59284738099,
    6.363424763901));
#2473 = CARTESIAN_POINT('',(-4.24392520339,-24.63735468179,
    6.191962981046));
#2474 = CARTESIAN_POINT('',(-4.135317268504,-24.65603293348,
    6.131680959845));
#2475 = CARTESIAN_POINT('',(-4.018328988567,-24.67554672397,
    6.080763788496));
#2476 = CARTESIAN_POINT('',(-3.894422656291,-24.69548084533,
    6.041017991542));
#2477 = CARTESIAN_POINT('',(-3.765383764651,-24.71541140563,
    6.013801692125));
#2478 = CARTESIAN_POINT('',(-3.6332099151,-24.73495270557,6.));
#2479 = CARTESIAN_POINT('',(-3.5,-24.75378758897,6.));
#2480 = PCURVE('',#1983,#2481);
#2481 = DEFINITIONAL_REPRESENTATION('',(#2482),#2497);
#2482 = B_SPLINE_CURVE_WITH_KNOTS('',7,(#2483,#2484,#2485,#2486,#2487,
    #2488,#2489,#2490,#2491,#2492,#2493,#2494,#2495,#2496),
  .UNSPECIFIED.,.F.,.F.,(8,6,8),(0.,0.606815253989,1.),.UNSPECIFIED.);
#2483 = CARTESIAN_POINT('',(-4.512054017457,-7.226958643418));
#2484 = CARTESIAN_POINT('',(-4.513239555716,-7.070056957766));
#2485 = CARTESIAN_POINT('',(-4.515231054399,-6.915238295599));
#2486 = CARTESIAN_POINT('',(-4.5180413246,-6.764509164637));
#2487 = CARTESIAN_POINT('',(-4.521688930404,-6.620238366217));
#2488 = CARTESIAN_POINT('',(-4.526191682085,-6.48532634651));
#2489 = CARTESIAN_POINT('',(-4.531559547761,-6.363424763901));
#2490 = CARTESIAN_POINT('',(-4.541807307178,-6.191962981046));
#2491 = CARTESIAN_POINT('',(-4.546215361268,-6.131680959845));
#2492 = CARTESIAN_POINT('',(-4.550959443693,-6.080763788496));
#2493 = CARTESIAN_POINT('',(-4.555979266921,-6.041017991542));
#2494 = CARTESIAN_POINT('',(-4.561201853387,-6.013801692125));
#2495 = CARTESIAN_POINT('',(-4.566546170419,-6.));
#2496 = CARTESIAN_POINT('',(-4.571927565675,-6.));
#2497 = ( GEOMETRIC_REPRESENTATION_CONTEXT(2) 
PARAMETRIC_REPRESENTATION_CONTEXT() REPRESENTATION_CONTEXT('2D SPACE',''
  ) );
#2498 = PCURVE('',#919,#2499);
#2499 = DEFINITIONAL_REPRESENTATION('',(#2500),#2515);
#2500 = B_SPLINE_CURVE_WITH_KNOTS('',7,(#2501,#2502,#2503,#2504,#2505,
    #2506,#2507,#2508,#2509,#2510,#2511,#2512,#2513,#2514),
  .UNSPECIFIED.,.F.,.F.,(8,6,8),(0.,0.606815253989,1.),.UNSPECIFIED.);
#2501 = CARTESIAN_POINT('',(0.183048079646,-6.E-07));
#2502 = CARTESIAN_POINT('',(0.28942642095,5.897381869837E-03));
#2503 = CARTESIAN_POINT('',(0.396836190267,1.576475472752E-02));
#2504 = CARTESIAN_POINT('',(0.505970802679,2.956721049243E-02));
#2505 = CARTESIAN_POINT('',(0.617469097364,4.719478274462E-02));
#2506 = CARTESIAN_POINT('',(0.73204836309,6.842330811906E-02));
#2507 = CARTESIAN_POINT('',(0.850488987761,9.284738099439E-02));
#2508 = CARTESIAN_POINT('',(1.053853576968,0.137354681796));
#2509 = CARTESIAN_POINT('',(1.136327469193,0.156032933488));
#2510 = CARTESIAN_POINT('',(1.220748492638,0.175546723976));
#2511 = CARTESIAN_POINT('',(1.30670351836,0.195480845336));
#2512 = CARTESIAN_POINT('',(1.39387395845,0.215411405637));
#2513 = CARTESIAN_POINT('',(1.481989716728,0.234952705577));
#2514 = CARTESIAN_POINT('',(1.570796326795,0.253787588973));
#2515 = ( GEOMETRIC_REPRESENTATION_CONTEXT(2) 
PARAMETRIC_REPRESENTATION_CONTEXT() REPRESENTATION_CONTEXT('2D SPACE',''
  ) );
#2516 = ORIENTED_EDGE('',*,*,#2517,.F.);
#2517 = EDGE_CURVE('',#2518,#2462,#2520,.T.);
#2518 = VERTEX_POINT('',#2519);
#2519 = CARTESIAN_POINT('',(3.5,-24.75378758897,6.));
#2520 = SURFACE_CURVE('',#2521,(#2526,#2533),.PCURVE_S1.);
#2521 = CIRCLE('',#2522,25.);
#2522 = AXIS2_PLACEMENT_3D('',#2523,#2524,#2525);
#2523 = CARTESIAN_POINT('',(1.206597174321E-13,-1.432215206943E-15,6.));
#2524 = DIRECTION('',(0.,0.,-1.));
#2525 = DIRECTION('',(1.,0.,0.));
#2526 = PCURVE('',#1983,#2527);
#2527 = DEFINITIONAL_REPRESENTATION('',(#2528),#2532);
#2528 = LINE('',#2529,#2530);
#2529 = CARTESIAN_POINT('',(-6.28318530718,-6.));
#2530 = VECTOR('',#2531,1.);
#2531 = DIRECTION('',(1.,-0.));
#2532 = ( GEOMETRIC_REPRESENTATION_CONTEXT(2) 
PARAMETRIC_REPRESENTATION_CONTEXT() REPRESENTATION_CONTEXT('2D SPACE',''
  ) );
#2533 = PCURVE('',#971,#2534);
#2534 = DEFINITIONAL_REPRESENTATION('',(#2535),#2543);
#2535 = ( BOUNDED_CURVE() B_SPLINE_CURVE(2,(#2536,#2537,#2538,#2539,
#2540,#2541,#2542),.UNSPECIFIED.,.T.,.F.) B_SPLINE_CURVE_WITH_KNOTS((1,2
    ,2,2,2,1),(-2.094395102393,0.,2.094395102393,4.188790204786,
6.28318530718,8.377580409573),.UNSPECIFIED.) CURVE() 
GEOMETRIC_REPRESENTATION_ITEM() RATIONAL_B_SPLINE_CURVE((1.,0.5,1.,0.5,
1.,0.5,1.)) REPRESENTATION_ITEM('') );
#2536 = CARTESIAN_POINT('',(-20.,-24.5));
#2537 = CARTESIAN_POINT('',(-20.,18.801270189222));
#2538 = CARTESIAN_POINT('',(17.5,-2.849364905389));
#2539 = CARTESIAN_POINT('',(55.,-24.5));
#2540 = CARTESIAN_POINT('',(17.5,-46.15063509461));
#2541 = CARTESIAN_POINT('',(-20.,-67.80127018922));
#2542 = CARTESIAN_POINT('',(-20.,-24.5));
#2543 = ( GEOMETRIC_REPRESENTATION_CONTEXT(2) 
PARAMETRIC_REPRESENTATION_CONTEXT() REPRESENTATION_CONTEXT('2D SPACE',''
  ) );
#2544 = ORIENTED_EDGE('',*,*,#2545,.F.);
#2545 = EDGE_CURVE('',#2270,#2518,#2546,.T.);
#2546 = SURFACE_CURVE('',#2547,(#2562,#2580),.PCURVE_S1.);
#2547 = B_SPLINE_CURVE_WITH_KNOTS('',7,(#2548,#2549,#2550,#2551,#2552,
    #2553,#2554,#2555,#2556,#2557,#2558,#2559,#2560,#2561),
  .UNSPECIFIED.,.F.,.F.,(8,6,8),(0.,0.606815254078,1.),.UNSPECIFIED.);
#2548 = CARTESIAN_POINT('',(4.974940140343,-24.4999994,7.226958643419));
#2549 = CARTESIAN_POINT('',(4.945894453723,-24.50589738187,
    7.070056957767));
#2550 = CARTESIAN_POINT('',(4.897094577434,-24.51576475472,6.9152382956)
  );
#2551 = CARTESIAN_POINT('',(4.828206757818,-24.52956721049,
    6.764509164637));
#2552 = CARTESIAN_POINT('',(4.738735731898,-24.54719478274,
    6.620238366217));
#2553 = CARTESIAN_POINT('',(4.628183690436,-24.56842330811,6.48532634651
    ));
#2554 = CARTESIAN_POINT('',(4.496223555233,-24.59284738099,
    6.363424763901));
#2555 = CARTESIAN_POINT('',(4.243925203427,-24.63735468179,6.19196298107
    ));
#2556 = CARTESIAN_POINT('',(4.135317268522,-24.65603293348,
    6.131680959848));
#2557 = CARTESIAN_POINT('',(4.018328988537,-24.67554672398,
    6.080763788473));
#2558 = CARTESIAN_POINT('',(3.894422656235,-24.69548084534,
    6.041017991531));
#2559 = CARTESIAN_POINT('',(3.76538376464,-24.71541140563,6.013801692139
    ));
#2560 = CARTESIAN_POINT('',(3.633209915176,-24.73495270556,6.));
#2561 = CARTESIAN_POINT('',(3.5,-24.75378758897,6.));
#2562 = PCURVE('',#1983,#2563);
#2563 = DEFINITIONAL_REPRESENTATION('',(#2564),#2579);
#2564 = B_SPLINE_CURVE_WITH_KNOTS('',7,(#2565,#2566,#2567,#2568,#2569,
    #2570,#2571,#2572,#2573,#2574,#2575,#2576,#2577,#2578),
  .UNSPECIFIED.,.F.,.F.,(8,6,8),(0.,0.606815254078,1.),.UNSPECIFIED.);
#2565 = CARTESIAN_POINT('',(-4.912723943312,-7.226958643419));
#2566 = CARTESIAN_POINT('',(-4.911538405054,-7.070056957767));
#2567 = CARTESIAN_POINT('',(-4.90954690637,-6.9152382956));
#2568 = CARTESIAN_POINT('',(-4.906736636169,-6.764509164637));
#2569 = CARTESIAN_POINT('',(-4.903089030366,-6.620238366217));
#2570 = CARTESIAN_POINT('',(-4.898586278684,-6.48532634651));
#2571 = CARTESIAN_POINT('',(-4.893218413008,-6.363424763901));
#2572 = CARTESIAN_POINT('',(-4.882970653592,-6.19196298107));
#2573 = CARTESIAN_POINT('',(-4.878562599502,-6.131680959848));
#2574 = CARTESIAN_POINT('',(-4.873818517075,-6.080763788473));
#2575 = CARTESIAN_POINT('',(-4.868798693846,-6.041017991531));
#2576 = CARTESIAN_POINT('',(-4.863576107382,-6.013801692139));
#2577 = CARTESIAN_POINT('',(-4.858231790354,-6.));
#2578 = CARTESIAN_POINT('',(-4.852850395095,-6.));
#2579 = ( GEOMETRIC_REPRESENTATION_CONTEXT(2) 
PARAMETRIC_REPRESENTATION_CONTEXT() REPRESENTATION_CONTEXT('2D SPACE',''
  ) );
#2580 = PCURVE('',#1023,#2581);
#2581 = DEFINITIONAL_REPRESENTATION('',(#2582),#2597);
#2582 = B_SPLINE_CURVE_WITH_KNOTS('',7,(#2583,#2584,#2585,#2586,#2587,
    #2588,#2589,#2590,#2591,#2592,#2593,#2594,#2595,#2596),
  .UNSPECIFIED.,.F.,.F.,(8,6,8),(0.,0.606815254078,1.),.UNSPECIFIED.);
#2583 = CARTESIAN_POINT('',(-0.183048079645,-6.E-07));
#2584 = CARTESIAN_POINT('',(-0.289426420949,5.897381869815E-03));
#2585 = CARTESIAN_POINT('',(-0.396836190266,1.576475472748E-02));
#2586 = CARTESIAN_POINT('',(-0.505970802678,2.956721049241E-02));
#2587 = CARTESIAN_POINT('',(-0.617469097364,4.719478274457E-02));
#2588 = CARTESIAN_POINT('',(-0.73204836309,6.842330811905E-02));
#2589 = CARTESIAN_POINT('',(-0.85048898776,9.284738099439E-02));
#2590 = CARTESIAN_POINT('',(-1.053853576938,0.13735468179));
#2591 = CARTESIAN_POINT('',(-1.136327469182,0.156032933485));
#2592 = CARTESIAN_POINT('',(-1.220748492661,0.175546723981));
#2593 = CARTESIAN_POINT('',(-1.306703518397,0.195480845344));
#2594 = CARTESIAN_POINT('',(-1.393873958457,0.215411405637));
#2595 = CARTESIAN_POINT('',(-1.481989716678,0.234952705566));
#2596 = CARTESIAN_POINT('',(-1.570796326795,0.253787588973));
#2597 = ( GEOMETRIC_REPRESENTATION_CONTEXT(2) 
PARAMETRIC_REPRESENTATION_CONTEXT() REPRESENTATION_CONTEXT('2D SPACE',''
  ) );
#2598 = FACE_BOUND('',#2599,.T.);
#2599 = EDGE_LOOP('',(#2600));
#2600 = ORIENTED_EDGE('',*,*,#2601,.T.);
#2601 = EDGE_CURVE('',#2602,#2602,#2604,.T.);
#2602 = VERTEX_POINT('',#2603);
#2603 = CARTESIAN_POINT('',(14.075577096791,20.661029243295,5.));
#2604 = SURFACE_CURVE('',#2605,(#2664,#2726),.PCURVE_S1.);
#2605 = B_SPLINE_CURVE_WITH_KNOTS('',8,(#2606,#2607,#2608,#2609,#2610,
    #2611,#2612,#2613,#2614,#2615,#2616,#2617,#2618,#2619,#2620,#2621,
    #2622,#2623,#2624,#2625,#2626,#2627,#2628,#2629,#2630,#2631,#2632,
    #2633,#2634,#2635,#2636,#2637,#2638,#2639,#2640,#2641,#2642,#2643,
    #2644,#2645,#2646,#2647,#2648,#2649,#2650,#2651,#2652,#2653,#2654,
    #2655,#2656,#2657,#2658,#2659,#2660,#2661,#2662,#2663),
  .UNSPECIFIED.,.T.,.F.,(9,7,7,7,7,7,7,7,9),(0.,0.142604180091,
    0.278347090749,0.447887292995,0.59420482596,0.688950736013,
    0.793180217819,0.894062185237,1.),.UNSPECIFIED.);
#2606 = CARTESIAN_POINT('',(14.075577096791,20.661029243295,5.));
#2607 = CARTESIAN_POINT('',(13.886019050163,20.790167964712,5.));
#2608 = CARTESIAN_POINT('',(13.699633716051,20.91423515965,
    5.031644218748));
#2609 = CARTESIAN_POINT('',(13.520558441529,21.030655618008,
    5.09228971896));
#2610 = CARTESIAN_POINT('',(13.352506917097,21.137478272172,
    5.178564191762));
#2611 = CARTESIAN_POINT('',(13.198653580374,21.233343927819,
    5.286393388142));
#2612 = CARTESIAN_POINT('',(13.061431305946,21.317442764209,
    5.41104349199));
#2613 = CARTESIAN_POINT('',(12.942298703135,21.389499694015,
    5.547173718219));
#2614 = CARTESIAN_POINT('',(12.745616216642,21.507249122234,
    5.823796359077));
#2615 = CARTESIAN_POINT('',(12.664252807756,21.555293697171,
    5.966701561681));
#2616 = CARTESIAN_POINT('',(12.597127044114,21.594509451227,
    6.115489034166));
#2617 = CARTESIAN_POINT('',(12.543885545227,21.625371747906,
    6.268519562853));
#2618 = CARTESIAN_POINT('',(12.504202010962,21.648256674912,
    6.424493487124));
#2619 = CARTESIAN_POINT('',(12.477827316447,21.66342671297,
    6.582341169627));
#2620 = CARTESIAN_POINT('',(12.464629738523,21.671017638347,
    6.741133528873));
#2621 = CARTESIAN_POINT('',(12.464629738523,21.671017638347,
    7.098421070495));
#2622 = CARTESIAN_POINT('',(12.485217742458,21.659175793584,
    7.296742867595));
#2623 = CARTESIAN_POINT('',(12.526356626129,21.635514263967,
    7.493280304284));
#2624 = CARTESIAN_POINT('',(12.58840053729,21.599681596301,
    7.686213304152));
#2625 = CARTESIAN_POINT('',(12.671946613034,21.551046453995,
    7.873263243602));
#2626 = CARTESIAN_POINT('',(12.777714937149,21.488721343266,
    8.051475637947));
#2627 = CARTESIAN_POINT('',(12.906363296964,21.411619900772,
    8.216902170193));
#2628 = CARTESIAN_POINT('',(13.189133325058,21.238417032811,
    8.490902916083));
#2629 = CARTESIAN_POINT('',(13.341660260391,21.143726051852,
    8.608335714447));
#2630 = CARTESIAN_POINT('',(13.513120582773,21.035425594468,
    8.706511788671));
#2631 = CARTESIAN_POINT('',(13.69896988858,20.915500521889,
    8.778107644447));
#2632 = CARTESIAN_POINT('',(13.893249564473,20.786990716771,
    8.818257258885));
#2633 = CARTESIAN_POINT('',(14.089515258533,20.653824393023,
    8.824646931242));
#2634 = CARTESIAN_POINT('',(14.281466635778,20.520466699824,
    8.797619938097));
#2635 = CARTESIAN_POINT('',(14.581480552186,20.30766663536,
    8.703196451297));
#2636 = CARTESIAN_POINT('',(14.696141360402,20.225166384044,
    8.653109987814));
#2637 = CARTESIAN_POINT('',(14.806473809119,20.144658646926,
    8.590402020897));
#2638 = CARTESIAN_POINT('',(14.911482646348,20.067002627926,
    8.515591148747));
#2639 = CARTESIAN_POINT('',(15.010252083023,19.993049064322,
    8.429356453006));
#2640 = CARTESIAN_POINT('',(15.101951528654,19.923620654222,
    8.332529110234));
#2641 = CARTESIAN_POINT('',(15.185846118585,19.859485283569,
    8.22608032442));
#2642 = CARTESIAN_POINT('',(15.344331691894,19.737336985564,
    7.984622464045));
#2643 = CARTESIAN_POINT('',(15.417159857506,19.680572800426,
    7.847805818836));
#2644 = CARTESIAN_POINT('',(15.478962346694,19.631935904823,
    7.702109596309));
#2645 = CARTESIAN_POINT('',(15.529078012684,19.592198429429,
    7.549130766126));
#2646 = CARTESIAN_POINT('',(15.56700702133,19.561970253014,7.39058991238
    ));
#2647 = CARTESIAN_POINT('',(15.592408303503,19.541674987008,
    7.22830298024));
#2648 = CARTESIAN_POINT('',(15.605106183504,19.531529919634,
    7.06414417307));
#2649 = CARTESIAN_POINT('',(15.605106183504,19.531529919634,
    6.741127607728));
#2650 = CARTESIAN_POINT('',(15.59321066814,19.541034070473,
    6.582335733966));
#2651 = CARTESIAN_POINT('',(15.569439731228,19.560026370909,
    6.424490952814));
#2652 = CARTESIAN_POINT('',(15.533618856047,19.588579650652,
    6.268519612629));
#2653 = CARTESIAN_POINT('',(15.485411855654,19.626830297527,
    6.115489999342));
#2654 = CARTESIAN_POINT('',(15.424348535327,19.674944936345,
    5.96670188502));
#2655 = CARTESIAN_POINT('',(15.349857187911,19.733078364922,
    5.823795806577));
#2656 = CARTESIAN_POINT('',(15.16832930795,19.872985872682,5.54723225206
    ));
#2657 = CARTESIAN_POINT('',(15.057673269933,19.957475486184,
    5.411082260485));
#2658 = CARTESIAN_POINT('',(14.929156761234,20.054417479363,
    5.286386715276));
#2659 = CARTESIAN_POINT('',(14.783581554964,20.162544676145,
    5.178521739747));
#2660 = CARTESIAN_POINT('',(14.622611772004,20.279873046011,
    5.092239288365));
#2661 = CARTESIAN_POINT('',(14.448699357733,20.403927862689,
    5.031614097323));
#2662 = CARTESIAN_POINT('',(14.265044903353,20.531951999019,5.));
#2663 = CARTESIAN_POINT('',(14.075577096791,20.661029243295,5.));
#2664 = PCURVE('',#1983,#2665);
#2665 = DEFINITIONAL_REPRESENTATION('',(#2666),#2725);
#2666 = B_SPLINE_CURVE_WITH_KNOTS('',8,(#2667,#2668,#2669,#2670,#2671,
    #2672,#2673,#2674,#2675,#2676,#2677,#2678,#2679,#2680,#2681,#2682,
    #2683,#2684,#2685,#2686,#2687,#2688,#2689,#2690,#2691,#2692,#2693,
    #2694,#2695,#2696,#2697,#2698,#2699,#2700,#2701,#2702,#2703,#2704,
    #2705,#2706,#2707,#2708,#2709,#2710,#2711,#2712,#2713,#2714,#2715,
    #2716,#2717,#2718,#2719,#2720,#2721,#2722,#2723,#2724),
  .UNSPECIFIED.,.T.,.F.,(9,7,7,7,7,7,7,7,9),(0.,0.142604180091,
    0.278347090749,0.447887292995,0.59420482596,0.688950736013,
    0.793180217819,0.894062185237,1.),.UNSPECIFIED.);
#2667 = CARTESIAN_POINT('',(-0.972757111109,-5.));
#2668 = CARTESIAN_POINT('',(-0.981931777307,-5.));
#2669 = CARTESIAN_POINT('',(-0.990887347388,-5.031644218748));
#2670 = CARTESIAN_POINT('',(-0.999430219917,-5.09228971896));
#2671 = CARTESIAN_POINT('',(-1.007394662087,-5.178564191762));
#2672 = CARTESIAN_POINT('',(-1.01464527605,-5.286393388142));
#2673 = CARTESIAN_POINT('',(-1.021082802792,-5.41104349199));
#2674 = CARTESIAN_POINT('',(-1.026651913371,-5.547173718219));
#2675 = CARTESIAN_POINT('',(-1.035821334581,-5.823796359077));
#2676 = CARTESIAN_POINT('',(-1.039600849735,-5.966701561681));
#2677 = CARTESIAN_POINT('',(-1.042710467998,-6.115489034166));
#2678 = CARTESIAN_POINT('',(-1.045172043893,-6.268519562853));
#2679 = CARTESIAN_POINT('',(-1.047004419007,-6.424493487124));
#2680 = CARTESIAN_POINT('',(-1.04822146781,-6.582341169627));
#2681 = CARTESIAN_POINT('',(-1.048830464596,-6.741133528873));
#2682 = CARTESIAN_POINT('',(-1.048830464596,-7.098421070495));
#2683 = CARTESIAN_POINT('',(-1.047880437014,-7.296742867595));
#2684 = CARTESIAN_POINT('',(-1.045982111154,-7.493280304284));
#2685 = CARTESIAN_POINT('',(-1.04311619883,-7.686213304152));
#2686 = CARTESIAN_POINT('',(-1.039249400088,-7.873263243602));
#2687 = CARTESIAN_POINT('',(-1.034338948103,-8.051475637947));
#2688 = CARTESIAN_POINT('',(-1.028339890311,-8.216902170193));
#2689 = CARTESIAN_POINT('',(-1.015075916713,-8.490902916083));
#2690 = CARTESIAN_POINT('',(-1.007894866241,-8.608335714447));
#2691 = CARTESIAN_POINT('',(-0.999783300096,-8.706511788671));
#2692 = CARTESIAN_POINT('',(-0.990936859141,-8.778107644447));
#2693 = CARTESIAN_POINT('',(-0.981620672224,-8.818257258884));
#2694 = CARTESIAN_POINT('',(-0.972134504637,-8.824646931242));
#2695 = CARTESIAN_POINT('',(-0.962785758908,-8.797619938097));
#2696 = CARTESIAN_POINT('',(-0.948072922745,-8.703196451297));
#2697 = CARTESIAN_POINT('',(-0.942422792805,-8.653109987814));
#2698 = CARTESIAN_POINT('',(-0.936959696188,-8.590402020897));
#2699 = CARTESIAN_POINT('',(-0.931735748369,-8.515591148747));
#2700 = CARTESIAN_POINT('',(-0.926800388818,-8.429356453006));
#2701 = CARTESIAN_POINT('',(-0.922199762171,-8.332529110234));
#2702 = CARTESIAN_POINT('',(-0.917975740242,-8.22608032442));
#2703 = CARTESIAN_POINT('',(-0.909971952773,-7.984622464045));
#2704 = CARTESIAN_POINT('',(-0.906278530354,-7.847805818836));
#2705 = CARTESIAN_POINT('',(-0.903132760134,-7.702109596309));
#2706 = CARTESIAN_POINT('',(-0.900574454145,-7.549130766126));
#2707 = CARTESIAN_POINT('',(-0.898634414672,-7.39058991238));
#2708 = CARTESIAN_POINT('',(-0.897333874632,-7.22830298024));
#2709 = CARTESIAN_POINT('',(-0.896683757621,-7.06414417307));
#2710 = CARTESIAN_POINT('',(-0.896683757621,-6.741127607728));
#2711 = CARTESIAN_POINT('',(-0.897292799011,-6.582335733966));
#2712 = CARTESIAN_POINT('',(-0.898509854624,-6.424490952814));
#2713 = CARTESIAN_POINT('',(-0.90034219573,-6.268519612629));
#2714 = CARTESIAN_POINT('',(-0.902803735323,-6.115489999342));
#2715 = CARTESIAN_POINT('',(-0.905913354631,-5.96670188502));
#2716 = CARTESIAN_POINT('',(-0.90969290595,-5.823795806577));
#2717 = CARTESIAN_POINT('',(-0.918860368581,-5.54723225206));
#2718 = CARTESIAN_POINT('',(-0.924429260181,-5.411082260485));
#2719 = CARTESIAN_POINT('',(-0.93086823799,-5.286386715276));
#2720 = CARTESIAN_POINT('',(-0.938121339583,-5.178521739747));
#2721 = CARTESIAN_POINT('',(-0.946088273457,-5.092239288365));
#2722 = CARTESIAN_POINT('',(-0.954632404935,-5.031614097323));
#2723 = CARTESIAN_POINT('',(-0.963586812556,-5.));
#2724 = CARTESIAN_POINT('',(-0.972757111109,-5.));
#2725 = ( GEOMETRIC_REPRESENTATION_CONTEXT(2) 
PARAMETRIC_REPRESENTATION_CONTEXT() REPRESENTATION_CONTEXT('2D SPACE',''
  ) );
#2726 = PCURVE('',#267,#2727);
#2727 = DEFINITIONAL_REPRESENTATION('',(#2728),#2787);
#2728 = B_SPLINE_CURVE_WITH_KNOTS('',8,(#2729,#2730,#2731,#2732,#2733,
    #2734,#2735,#2736,#2737,#2738,#2739,#2740,#2741,#2742,#2743,#2744,
    #2745,#2746,#2747,#2748,#2749,#2750,#2751,#2752,#2753,#2754,#2755,
    #2756,#2757,#2758,#2759,#2760,#2761,#2762,#2763,#2764,#2765,#2766,
    #2767,#2768,#2769,#2770,#2771,#2772,#2773,#2774,#2775,#2776,#2777,
    #2778,#2779,#2780,#2781,#2782,#2783,#2784,#2785,#2786),
  .UNSPECIFIED.,.F.,.F.,(9,7,7,7,7,7,7,7,9),(0.,0.142604180091,
    0.278347090749,0.447887292995,0.59420482596,0.688950736013,
    0.793180217819,0.894062185237,1.),.UNSPECIFIED.);
#2729 = CARTESIAN_POINT('',(0.,-0.5));
#2730 = CARTESIAN_POINT('',(0.120719292088,-0.5));
#2731 = CARTESIAN_POINT('',(0.238555675528,-0.50240500789));
#2732 = CARTESIAN_POINT('',(0.353627315399,-0.507013861411));
#2733 = CARTESIAN_POINT('',(0.465884197566,-0.513348109684));
#2734 = CARTESIAN_POINT('',(0.575130716273,-0.5207437652));
#2735 = CARTESIAN_POINT('',(0.680993920212,-0.528500332604));
#2736 = CARTESIAN_POINT('',(0.782840542881,-0.536023924673));
#2737 = CARTESIAN_POINT('',(0.971793640021,-0.549447729569));
#2738 = CARTESIAN_POINT('',(1.061380286128,-0.555551192245));
#2739 = CARTESIAN_POINT('',(1.148929128347,-0.560935033044));
#2740 = CARTESIAN_POINT('',(1.234878704411,-0.565405353369));
#2741 = CARTESIAN_POINT('',(1.319638773414,-0.568835053366));
#2742 = CARTESIAN_POINT('',(1.403607542342,-0.57114747121));
#2743 = CARTESIAN_POINT('',(1.487182394623,-0.572304558985));
#2744 = CARTESIAN_POINT('',(1.675228469161,-0.572304558985));
#2745 = CARTESIAN_POINT('',(1.779607931787,-0.570499625556));
#2746 = CARTESIAN_POINT('',(1.884785816112,-0.566892346619));
#2747 = CARTESIAN_POINT('',(1.991526683149,-0.561573784202));
#2748 = CARTESIAN_POINT('',(2.100593774363,-0.554729498888));
#2749 = CARTESIAN_POINT('',(2.212785668486,-0.546687528285));
#2750 = CARTESIAN_POINT('',(2.329005300599,-0.537975338328));
#2751 = CARTESIAN_POINT('',(2.555245481716,-0.521911265884));
#2752 = CARTESIAN_POINT('',(2.667382352082,-0.514291605446));
#2753 = CARTESIAN_POINT('',(2.784264432196,-0.50725944266));
#2754 = CARTESIAN_POINT('',(2.904250997584,-0.501733010631));
#2755 = CARTESIAN_POINT('',(3.026153867241,-0.49855486204));
#2756 = CARTESIAN_POINT('',(3.148944053821,-0.498106878079));
#2757 = CARTESIAN_POINT('',(3.271627740499,-0.500246109669));
#2758 = CARTESIAN_POINT('',(3.471461246264,-0.507198083443));
#2759 = CARTESIAN_POINT('',(3.550003096303,-0.510823005804));
#2760 = CARTESIAN_POINT('',(3.628539988874,-0.515238198711));
#2761 = CARTESIAN_POINT('',(3.707075901376,-0.52029393052));
#2762 = CARTESIAN_POINT('',(3.785615518269,-0.525802727302));
#2763 = CARTESIAN_POINT('',(3.864159312102,-0.53155231909));
#2764 = CARTESIAN_POINT('',(3.942702602994,-0.537321839089));
#2765 = CARTESIAN_POINT('',(4.107635633801,-0.54903918514));
#2766 = CARTESIAN_POINT('',(4.194033548828,-0.554947506309));
#2767 = CARTESIAN_POINT('',(4.280423438348,-0.560346811149));
#2768 = CARTESIAN_POINT('',(4.366810184322,-0.564971219981));
#2769 = CARTESIAN_POINT('',(4.453200935372,-0.568598122039));
#2770 = CARTESIAN_POINT('',(4.53959816553,-0.571069457194));
#2771 = CARTESIAN_POINT('',(4.625997310348,-0.572304558985));
#2772 = CARTESIAN_POINT('',(4.796006028949,-0.572304558985));
#2773 = CARTESIAN_POINT('',(4.879580618863,-0.571147387193));
#2774 = CARTESIAN_POINT('',(4.963547972414,-0.568834954411));
#2775 = CARTESIAN_POINT('',(5.048306685519,-0.565405328113));
#2776 = CARTESIAN_POINT('',(5.134255633091,-0.560935072792));
#2777 = CARTESIAN_POINT('',(5.22180474419,-0.555551213327));
#2778 = CARTESIAN_POINT('',(5.311392044556,-0.549447702758));
#2779 = CARTESIAN_POINT('',(5.500304781488,-0.536026765174));
#2780 = CARTESIAN_POINT('',(5.602157588833,-0.528502973935));
#2781 = CARTESIAN_POINT('',(5.708049594696,-0.520743880752));
#2782 = CARTESIAN_POINT('',(5.817331486851,-0.513345315333));
#2783 = CARTESIAN_POINT('',(5.929617950602,-0.507010023711));
#2784 = CARTESIAN_POINT('',(6.044702407977,-0.502402719711));
#2785 = CARTESIAN_POINT('',(6.162523484121,-0.5));
#2786 = CARTESIAN_POINT('',(6.28318530718,-0.5));
#2787 = ( GEOMETRIC_REPRESENTATION_CONTEXT(2) 
PARAMETRIC_REPRESENTATION_CONTEXT() REPRESENTATION_CONTEXT('2D SPACE',''
  ) );
#2788 = FACE_BOUND('',#2789,.T.);
#2789 = EDGE_LOOP('',(#2790));
#2790 = ORIENTED_EDGE('',*,*,#2791,.T.);
#2791 = EDGE_CURVE('',#2792,#2792,#2794,.T.);
#2792 = VERTEX_POINT('',#2793);
#2793 = CARTESIAN_POINT('',(-14.07557709679,20.661029243295,5.));
#2794 = SURFACE_CURVE('',#2795,(#2854,#2916),.PCURVE_S1.);
#2795 = B_SPLINE_CURVE_WITH_KNOTS('',8,(#2796,#2797,#2798,#2799,#2800,
    #2801,#2802,#2803,#2804,#2805,#2806,#2807,#2808,#2809,#2810,#2811,
    #2812,#2813,#2814,#2815,#2816,#2817,#2818,#2819,#2820,#2821,#2822,
    #2823,#2824,#2825,#2826,#2827,#2828,#2829,#2830,#2831,#2832,#2833,
    #2834,#2835,#2836,#2837,#2838,#2839,#2840,#2841,#2842,#2843,#2844,
    #2845,#2846,#2847,#2848,#2849,#2850,#2851,#2852,#2853),
  .UNSPECIFIED.,.T.,.F.,(9,7,7,7,7,7,7,7,9),(0.,0.142604179136,
    0.278347088884,0.447887289993,0.594204821977,0.688950731388,
    0.793180212495,0.894062181357,1.),.UNSPECIFIED.);
#2796 = CARTESIAN_POINT('',(-14.07557709679,20.661029243295,5.));
#2797 = CARTESIAN_POINT('',(-14.26513514341,20.531890521878,5.));
#2798 = CARTESIAN_POINT('',(-14.44881232761,20.403848131872,
    5.031644218748));
#2799 = CARTESIAN_POINT('',(-14.62269782029,20.279809780925,
    5.09228971896));
#2800 = CARTESIAN_POINT('',(-14.78361668872,20.162517359655,
    5.178564191762));
#2801 = CARTESIAN_POINT('',(-14.9291421759,20.054427555617,
    5.286393388142));
#2802 = CARTESIAN_POINT('',(-15.05763019732,19.957508025949,
    5.41104349199));
#2803 = CARTESIAN_POINT('',(-15.16829088812,19.873015483684,
    5.547173718219));
#2804 = CARTESIAN_POINT('',(-15.34985755055,19.733078085424,
    5.823796359077));
#2805 = CARTESIAN_POINT('',(-15.42434817868,19.674945204821,
    5.966701561681));
#2806 = CARTESIAN_POINT('',(-15.48541148902,19.62683059539,
    6.115489034166));
#2807 = CARTESIAN_POINT('',(-15.53361920084,19.588579385194,
    6.268519562853));
#2808 = CARTESIAN_POINT('',(-15.56944073457,19.560025567634,
    6.424493487124));
#2809 = CARTESIAN_POINT('',(-15.59321153983,19.541033374959,
    6.582341169627));
#2810 = CARTESIAN_POINT('',(-15.6051061835,19.531529919634,
    6.741133528873));
#2811 = CARTESIAN_POINT('',(-15.6051061835,19.531529919634,
    7.098421070495));
#2812 = CARTESIAN_POINT('',(-15.58655061793,19.546355106985,
    7.296742867594));
#2813 = CARTESIAN_POINT('',(-15.54947369689,19.575979044251,
    7.493280304284));
#2814 = CARTESIAN_POINT('',(-15.49341873255,19.620602669807,
    7.686213304152));
#2815 = CARTESIAN_POINT('',(-15.41757963806,19.680550610434,
    7.873263243601));
#2816 = CARTESIAN_POINT('',(-15.32086694412,19.756168152349,
    8.051475637947));
#2817 = CARTESIAN_POINT('',(-15.20202891242,19.847669819759,
    8.216902170193));
#2818 = CARTESIAN_POINT('',(-14.93734777154,20.047424709365,
    8.490902916083));
#2819 = CARTESIAN_POINT('',(-14.79340092564,20.154710092493,
    8.608335714447));
#2820 = CARTESIAN_POINT('',(-14.62985914322,20.274633887556,
    8.70651178867));
#2821 = CARTESIAN_POINT('',(-14.45023285502,20.403693502033,
    8.778107644448));
#2822 = CARTESIAN_POINT('',(-14.25953192116,20.537456412833,
    8.818257258883));
#2823 = CARTESIAN_POINT('',(-14.06377067773,20.671363201355,
    8.824646931243));
#2824 = CARTESIAN_POINT('',(-13.86941042695,20.80118499644,
    8.797619938097));
#2825 = CARTESIAN_POINT('',(-13.56156826713,21.002494266221,8.7031964513
    ));
#2826 = CARTESIAN_POINT('',(-13.44282562896,21.079002947398,
    8.653109987814));
#2827 = CARTESIAN_POINT('',(-13.32752146919,21.152212890135,
    8.59040202089));
#2828 = CARTESIAN_POINT('',(-13.21681964454,21.221512379307,
    8.515591148743));
#2829 = CARTESIAN_POINT('',(-13.11184704837,21.286360549995,
    8.429356453013));
#2830 = CARTESIAN_POINT('',(-13.01367329693,21.346285561373,
    8.332529110243));
#2831 = CARTESIAN_POINT('',(-12.9232819611,21.400884594318,
    8.226080324409));
#2832 = CARTESIAN_POINT('',(-12.75160211519,21.503665497966,
    7.984622464044));
#2833 = CARTESIAN_POINT('',(-12.67212090717,21.550663923388,
    7.847805818835));
#2834 = CARTESIAN_POINT('',(-12.60423855145,21.590376403375,
    7.702109596309));
#2835 = CARTESIAN_POINT('',(-12.54891558762,21.622470275081,
    7.549130766126));
#2836 = CARTESIAN_POINT('',(-12.50690251981,21.646703609136,
    7.39058991238));
#2837 = CARTESIAN_POINT('',(-12.47871840016,21.66291404891,7.22830298024
    ));
#2838 = CARTESIAN_POINT('',(-12.46462973852,21.671017638346,
    7.06414417307));
#2839 = CARTESIAN_POINT('',(-12.46462973852,21.671017638346,
    6.741127604393));
#2840 = CARTESIAN_POINT('',(-12.47782828333,21.663426155967,
    6.582335740009));
#2841 = CARTESIAN_POINT('',(-12.50420312367,21.648256036432,
    6.424490952127));
#2842 = CARTESIAN_POINT('',(-12.54388592013,21.625371523198,
    6.268519607512));
#2843 = CARTESIAN_POINT('',(-12.59712663477,21.594509682169,
    6.115490000012));
#2844 = CARTESIAN_POINT('',(-12.66425242318,21.555293933307,
    5.966701889923));
#2845 = CARTESIAN_POINT('',(-12.74561661161,21.507248885771,
    5.823795803566));
#2846 = CARTESIAN_POINT('',(-12.94225708477,21.389524610003,
    5.54723225206));
#2847 = CARTESIAN_POINT('',(-13.06138525908,21.317470938166,
    5.411082260486));
#2848 = CARTESIAN_POINT('',(-13.19863886492,21.23335381308,
    5.286386715276));
#2849 = CARTESIAN_POINT('',(-13.35254519743,21.137455574416,
    5.178521739747));
#2850 = CARTESIAN_POINT('',(-13.52064881124,21.030598696189,
    5.092239288366));
#2851 = CARTESIAN_POINT('',(-13.69974926252,20.914159210923,
    5.031614097323));
#2852 = CARTESIAN_POINT('',(-13.88610929022,20.79010648757,5.));
#2853 = CARTESIAN_POINT('',(-14.07557709679,20.661029243295,5.));
#2854 = PCURVE('',#1983,#2855);
#2855 = DEFINITIONAL_REPRESENTATION('',(#2856),#2915);
#2856 = B_SPLINE_CURVE_WITH_KNOTS('',8,(#2857,#2858,#2859,#2860,#2861,
    #2862,#2863,#2864,#2865,#2866,#2867,#2868,#2869,#2870,#2871,#2872,
    #2873,#2874,#2875,#2876,#2877,#2878,#2879,#2880,#2881,#2882,#2883,
    #2884,#2885,#2886,#2887,#2888,#2889,#2890,#2891,#2892,#2893,#2894,
    #2895,#2896,#2897,#2898,#2899,#2900,#2901,#2902,#2903,#2904,#2905,
    #2906,#2907,#2908,#2909,#2910,#2911,#2912,#2913,#2914),
  .UNSPECIFIED.,.T.,.F.,(9,7,7,7,7,7,7,7,9),(0.,0.142604179136,
    0.278347088884,0.447887289993,0.594204821977,0.688950731388,
    0.793180212495,0.894062181357,1.),.UNSPECIFIED.);
#2857 = CARTESIAN_POINT('',(-2.168835542481,-5.));
#2858 = CARTESIAN_POINT('',(-2.17801020868,-5.));
#2859 = CARTESIAN_POINT('',(-2.186965778761,-5.031644218747));
#2860 = CARTESIAN_POINT('',(-2.195508651289,-5.09228971896));
#2861 = CARTESIAN_POINT('',(-2.203473093459,-5.178564191762));
#2862 = CARTESIAN_POINT('',(-2.210723707423,-5.286393388142));
#2863 = CARTESIAN_POINT('',(-2.217161234165,-5.41104349199));
#2864 = CARTESIAN_POINT('',(-2.222730344743,-5.547173718219));
#2865 = CARTESIAN_POINT('',(-2.231899765954,-5.823796359077));
#2866 = CARTESIAN_POINT('',(-2.235679281108,-5.966701561681));
#2867 = CARTESIAN_POINT('',(-2.23878889937,-6.115489034166));
#2868 = CARTESIAN_POINT('',(-2.241250475266,-6.268519562853));
#2869 = CARTESIAN_POINT('',(-2.24308285038,-6.424493487124));
#2870 = CARTESIAN_POINT('',(-2.244299899183,-6.582341169627));
#2871 = CARTESIAN_POINT('',(-2.244908895969,-6.741133528873));
#2872 = CARTESIAN_POINT('',(-2.244908895969,-7.098421070495));
#2873 = CARTESIAN_POINT('',(-2.243958868387,-7.296742867594));
#2874 = CARTESIAN_POINT('',(-2.242060542526,-7.493280304284));
#2875 = CARTESIAN_POINT('',(-2.239194630202,-7.686213304152));
#2876 = CARTESIAN_POINT('',(-2.235327831461,-7.873263243601));
#2877 = CARTESIAN_POINT('',(-2.230417379475,-8.051475637947));
#2878 = CARTESIAN_POINT('',(-2.224418321683,-8.216902170193));
#2879 = CARTESIAN_POINT('',(-2.211154348085,-8.490902916083));
#2880 = CARTESIAN_POINT('',(-2.203973297613,-8.608335714446));
#2881 = CARTESIAN_POINT('',(-2.195861731469,-8.706511788671));
#2882 = CARTESIAN_POINT('',(-2.187015290514,-8.778107644447));
#2883 = CARTESIAN_POINT('',(-2.177699103596,-8.818257258884));
#2884 = CARTESIAN_POINT('',(-2.16821293601,-8.824646931242));
#2885 = CARTESIAN_POINT('',(-2.158864190281,-8.797619938097));
#2886 = CARTESIAN_POINT('',(-2.144151354118,-8.7031964513));
#2887 = CARTESIAN_POINT('',(-2.138501224177,-8.653109987814));
#2888 = CARTESIAN_POINT('',(-2.13303812756,-8.59040202089));
#2889 = CARTESIAN_POINT('',(-2.127814179741,-8.515591148743));
#2890 = CARTESIAN_POINT('',(-2.122878820191,-8.429356453013));
#2891 = CARTESIAN_POINT('',(-2.118278193544,-8.332529110243));
#2892 = CARTESIAN_POINT('',(-2.114054171614,-8.226080324409));
#2893 = CARTESIAN_POINT('',(-2.106050384146,-7.984622464044));
#2894 = CARTESIAN_POINT('',(-2.102356961726,-7.847805818835));
#2895 = CARTESIAN_POINT('',(-2.099211191506,-7.702109596309));
#2896 = CARTESIAN_POINT('',(-2.096652885517,-7.549130766126));
#2897 = CARTESIAN_POINT('',(-2.094712846044,-7.39058991238));
#2898 = CARTESIAN_POINT('',(-2.093412306005,-7.22830298024));
#2899 = CARTESIAN_POINT('',(-2.092762188994,-7.06414417307));
#2900 = CARTESIAN_POINT('',(-2.092762188994,-6.741127604393));
#2901 = CARTESIAN_POINT('',(-2.093371230412,-6.582335740009));
#2902 = CARTESIAN_POINT('',(-2.0945882859,-6.424490952127));
#2903 = CARTESIAN_POINT('',(-2.09642062718,-6.268519607512));
#2904 = CARTESIAN_POINT('',(-2.098882166791,-6.115490000012));
#2905 = CARTESIAN_POINT('',(-2.101991785808,-5.966701889923));
#2906 = CARTESIAN_POINT('',(-2.105771337422,-5.823795803566));
#2907 = CARTESIAN_POINT('',(-2.114938799953,-5.54723225206));
#2908 = CARTESIAN_POINT('',(-2.120507691554,-5.411082260486));
#2909 = CARTESIAN_POINT('',(-2.126946669362,-5.286386715276));
#2910 = CARTESIAN_POINT('',(-2.134199770956,-5.178521739747));
#2911 = CARTESIAN_POINT('',(-2.14216670483,-5.092239288366));
#2912 = CARTESIAN_POINT('',(-2.150710836308,-5.031614097323));
#2913 = CARTESIAN_POINT('',(-2.159665243929,-5.));
#2914 = CARTESIAN_POINT('',(-2.168835542481,-5.));
#2915 = ( GEOMETRIC_REPRESENTATION_CONTEXT(2) 
PARAMETRIC_REPRESENTATION_CONTEXT() REPRESENTATION_CONTEXT('2D SPACE',''
  ) );
#2916 = PCURVE('',#528,#2917);
#2917 = DEFINITIONAL_REPRESENTATION('',(#2918),#2977);
#2918 = B_SPLINE_CURVE_WITH_KNOTS('',8,(#2919,#2920,#2921,#2922,#2923,
    #2924,#2925,#2926,#2927,#2928,#2929,#2930,#2931,#2932,#2933,#2934,
    #2935,#2936,#2937,#2938,#2939,#2940,#2941,#2942,#2943,#2944,#2945,
    #2946,#2947,#2948,#2949,#2950,#2951,#2952,#2953,#2954,#2955,#2956,
    #2957,#2958,#2959,#2960,#2961,#2962,#2963,#2964,#2965,#2966,#2967,
    #2968,#2969,#2970,#2971,#2972,#2973,#2974,#2975,#2976),
  .UNSPECIFIED.,.F.,.F.,(9,7,7,7,7,7,7,7,9),(0.,0.142604179136,
    0.278347088884,0.447887289993,0.594204821977,0.688950731388,
    0.793180212495,0.894062181357,1.),.UNSPECIFIED.);
#2919 = CARTESIAN_POINT('',(0.,-0.5));
#2920 = CARTESIAN_POINT('',(0.120719292088,-0.5));
#2921 = CARTESIAN_POINT('',(0.238555675529,-0.50240500789));
#2922 = CARTESIAN_POINT('',(0.353627315399,-0.507013861411));
#2923 = CARTESIAN_POINT('',(0.465884197566,-0.513348109685));
#2924 = CARTESIAN_POINT('',(0.575130716273,-0.520743765201));
#2925 = CARTESIAN_POINT('',(0.680993920212,-0.528500332605));
#2926 = CARTESIAN_POINT('',(0.782840542881,-0.536023924674));
#2927 = CARTESIAN_POINT('',(0.971793640021,-0.54944772957));
#2928 = CARTESIAN_POINT('',(1.061380286128,-0.555551192245));
#2929 = CARTESIAN_POINT('',(1.148929128347,-0.560935033044));
#2930 = CARTESIAN_POINT('',(1.234878704411,-0.565405353369));
#2931 = CARTESIAN_POINT('',(1.319638773414,-0.568835053366));
#2932 = CARTESIAN_POINT('',(1.403607542342,-0.57114747121));
#2933 = CARTESIAN_POINT('',(1.487182394623,-0.572304558985));
#2934 = CARTESIAN_POINT('',(1.675228469161,-0.572304558985));
#2935 = CARTESIAN_POINT('',(1.779607931787,-0.570499625557));
#2936 = CARTESIAN_POINT('',(1.884785816113,-0.566892346619));
#2937 = CARTESIAN_POINT('',(1.991526683149,-0.561573784202));
#2938 = CARTESIAN_POINT('',(2.100593774362,-0.554729498889));
#2939 = CARTESIAN_POINT('',(2.212785668486,-0.546687528285));
#2940 = CARTESIAN_POINT('',(2.329005300599,-0.537975338328));
#2941 = CARTESIAN_POINT('',(2.555245481717,-0.521911265884));
#2942 = CARTESIAN_POINT('',(2.667382352081,-0.514291605446));
#2943 = CARTESIAN_POINT('',(2.784264432198,-0.50725944266));
#2944 = CARTESIAN_POINT('',(2.904250997581,-0.501733010632));
#2945 = CARTESIAN_POINT('',(3.026153867244,-0.49855486204));
#2946 = CARTESIAN_POINT('',(3.14894405382,-0.498106878079));
#2947 = CARTESIAN_POINT('',(3.2716277405,-0.50024610967));
#2948 = CARTESIAN_POINT('',(3.471461246257,-0.507198083443));
#2949 = CARTESIAN_POINT('',(3.550003096307,-0.510823005804));
#2950 = CARTESIAN_POINT('',(3.628539988882,-0.515238198712));
#2951 = CARTESIAN_POINT('',(3.707075901376,-0.520293930521));
#2952 = CARTESIAN_POINT('',(3.785615518262,-0.525802727301));
#2953 = CARTESIAN_POINT('',(3.864159312097,-0.531552319089));
#2954 = CARTESIAN_POINT('',(3.942702603002,-0.53732183909));
#2955 = CARTESIAN_POINT('',(4.107635633802,-0.54903918514));
#2956 = CARTESIAN_POINT('',(4.194033548828,-0.554947506309));
#2957 = CARTESIAN_POINT('',(4.280423438348,-0.560346811149));
#2958 = CARTESIAN_POINT('',(4.366810184322,-0.564971219981));
#2959 = CARTESIAN_POINT('',(4.453200935372,-0.568598122039));
#2960 = CARTESIAN_POINT('',(4.53959816553,-0.571069457194));
#2961 = CARTESIAN_POINT('',(4.625997310348,-0.572304558985));
#2962 = CARTESIAN_POINT('',(4.796006030704,-0.572304558985));
#2963 = CARTESIAN_POINT('',(4.879580615855,-0.571147387159));
#2964 = CARTESIAN_POINT('',(4.963547972299,-0.568834954548));
#2965 = CARTESIAN_POINT('',(5.048306688539,-0.565405327993));
#2966 = CARTESIAN_POINT('',(5.134255633195,-0.560935072654));
#2967 = CARTESIAN_POINT('',(5.221804740713,-0.555551213617));
#2968 = CARTESIAN_POINT('',(5.311392046612,-0.549447702612));
#2969 = CARTESIAN_POINT('',(5.500304781488,-0.536026765175));
#2970 = CARTESIAN_POINT('',(5.602157588832,-0.528502973936));
#2971 = CARTESIAN_POINT('',(5.708049594697,-0.520743880752));
#2972 = CARTESIAN_POINT('',(5.817331486851,-0.513345315334));
#2973 = CARTESIAN_POINT('',(5.929617950601,-0.507010023711));
#2974 = CARTESIAN_POINT('',(6.044702407978,-0.502402719711));
#2975 = CARTESIAN_POINT('',(6.162523484121,-0.5));
#2976 = CARTESIAN_POINT('',(6.28318530718,-0.5));
#2977 = ( GEOMETRIC_REPRESENTATION_CONTEXT(2) 
PARAMETRIC_REPRESENTATION_CONTEXT() REPRESENTATION_CONTEXT('2D SPACE',''
  ) );
#2978 = FACE_BOUND('',#2979,.T.);
#2979 = EDGE_LOOP('',(#2980));
#2980 = ORIENTED_EDGE('',*,*,#2981,.T.);
#2981 = EDGE_CURVE('',#2982,#2982,#2984,.T.);
#2982 = VERTEX_POINT('',#2983);
#2983 = CARTESIAN_POINT('',(-13.48882541008,-21.04879067918,6.75));
#2984 = SURFACE_CURVE('',#2985,(#3030,#3078),.PCURVE_S1.);
#2985 = B_SPLINE_CURVE_WITH_KNOTS('',8,(#2986,#2987,#2988,#2989,#2990,
    #2991,#2992,#2993,#2994,#2995,#2996,#2997,#2998,#2999,#3000,#3001,
    #3002,#3003,#3004,#3005,#3006,#3007,#3008,#3009,#3010,#3011,#3012,
    #3013,#3014,#3015,#3016,#3017,#3018,#3019,#3020,#3021,#3022,#3023,
    #3024,#3025,#3026,#3027,#3028,#3029),.UNSPECIFIED.,.T.,.F.,(9,7,7,7,
    7,7,9),(0.,0.111648216352,0.251057757313,0.5000169134,0.748976069489
    ,0.888363418382,1.),.UNSPECIFIED.);
#2986 = CARTESIAN_POINT('',(-13.48882541008,-21.04879067918,6.75));
#2987 = CARTESIAN_POINT('',(-13.45015064519,-21.07357486557,6.75));
#2988 = CARTESIAN_POINT('',(-13.41151677473,-21.09821830272,
    6.754822986378));
#2989 = CARTESIAN_POINT('',(-13.37346304748,-21.12237629196,
    6.764427707317));
#2990 = CARTESIAN_POINT('',(-13.33651989547,-21.1457189503,
    6.778659276362));
#2991 = CARTESIAN_POINT('',(-13.30119490182,-21.16793936764,
    6.797251742109));
#2992 = CARTESIAN_POINT('',(-13.26795455227,-21.18876326285,
    6.81983142469));
#2993 = CARTESIAN_POINT('',(-13.23720177019,-21.2079601389,
    6.845921019077));
#2994 = CARTESIAN_POINT('',(-13.1743463035,-21.24707719906,
    6.911184590027));
#2995 = CARTESIAN_POINT('',(-13.14375508465,-21.2660241417,6.95205545814
    ));
#2996 = CARTESIAN_POINT('',(-13.11783306122,-21.28201400254,
    6.996746719583));
#2997 = CARTESIAN_POINT('',(-13.09685352809,-21.29491445304,
    7.044465540437));
#2998 = CARTESIAN_POINT('',(-13.08101181728,-21.30463508173,
    7.094427677156));
#2999 = CARTESIAN_POINT('',(-13.07042878514,-21.31112220541,
    7.145853087922));
#3000 = CARTESIAN_POINT('',(-13.06515156158,-21.31435700819,
    7.197966080984));
#3001 = CARTESIAN_POINT('',(-13.06515156158,-21.31435700819,
    7.342922768964));
#3002 = CARTESIAN_POINT('',(-13.08198137397,-21.30404084028,
    7.437437071847));
#3003 = CARTESIAN_POINT('',(-13.11665170322,-21.28278839452,
    7.528393315178));
#3004 = CARTESIAN_POINT('',(-13.16863895247,-21.2508204292,
    7.610143907584));
#3005 = CARTESIAN_POINT('',(-13.23583810726,-21.20918623172,
    7.677246281262));
#3006 = CARTESIAN_POINT('',(-13.31472145528,-21.15976938509,
    7.725022422213));
#3007 = CARTESIAN_POINT('',(-13.40081170011,-21.10519304384,7.75));
#3008 = CARTESIAN_POINT('',(-13.57683912004,-20.99238831453,7.75));
#3009 = CARTESIAN_POINT('',(-13.66239023059,-20.93697067507,
    7.725022422212));
#3010 = CARTESIAN_POINT('',(-13.74024286623,-20.88594544162,
    7.677246281262));
#3011 = CARTESIAN_POINT('',(-13.80614328848,-20.8422846222,
    7.610143907584));
#3012 = CARTESIAN_POINT('',(-13.85690640337,-20.80840644253,
    7.52839331518));
#3013 = CARTESIAN_POINT('',(-13.89069947398,-20.78578506856,
    7.437437071845));
#3014 = CARTESIAN_POINT('',(-13.90710318875,-20.77480399179,
    7.342922768963));
#3015 = CARTESIAN_POINT('',(-13.90710318875,-20.77480399179,
    7.197974364064));
#3016 = CARTESIAN_POINT('',(-13.90196120303,-20.77824614677,
    7.14586269013));
#3017 = CARTESIAN_POINT('',(-13.89164693243,-20.78515074675,
    7.094434202353));
#3018 = CARTESIAN_POINT('',(-13.87619634447,-20.79548338045,
    7.044467305381));
#3019 = CARTESIAN_POINT('',(-13.85570903779,-20.80915643768,
    6.996744385701));
#3020 = CARTESIAN_POINT('',(-13.83034988957,-20.82602945137,
    6.952051275634));
#3021 = CARTESIAN_POINT('',(-13.80035498609,-20.84590827923,
    6.91118137996));
#3022 = CARTESIAN_POINT('',(-13.73856012593,-20.88667157665,
    6.845921994164));
#3023 = CARTESIAN_POINT('',(-13.70827129481,-20.90659237457,
    6.819832030334));
#3024 = CARTESIAN_POINT('',(-13.67546421718,-20.92809407336,
    6.797251538609));
#3025 = CARTESIAN_POINT('',(-13.64051697495,-20.95090665905,
    6.778658446214));
#3026 = CARTESIAN_POINT('',(-13.60387413778,-20.97472056451,
    6.764426757245));
#3027 = CARTESIAN_POINT('',(-13.56602716673,-20.99920247509,
    6.754822427557));
#3028 = CARTESIAN_POINT('',(-13.52749794132,-21.0240079242,6.75));
#3029 = CARTESIAN_POINT('',(-13.48882541008,-21.04879067918,6.75));
#3030 = PCURVE('',#1983,#3031);
#3031 = DEFINITIONAL_REPRESENTATION('',(#3032),#3077);
#3032 = B_SPLINE_CURVE_WITH_KNOTS('',8,(#3033,#3034,#3035,#3036,#3037,
    #3038,#3039,#3040,#3041,#3042,#3043,#3044,#3045,#3046,#3047,#3048,
    #3049,#3050,#3051,#3052,#3053,#3054,#3055,#3056,#3057,#3058,#3059,
    #3060,#3061,#3062,#3063,#3064,#3065,#3066,#3067,#3068,#3069,#3070,
    #3071,#3072,#3073,#3074,#3075,#3076),.UNSPECIFIED.,.T.,.F.,(9,7,7,7,
    7,7,9),(0.,0.111648216352,0.251057757313,0.5000169134,0.748976069489
    ,0.888363418382,1.),.UNSPECIFIED.);
#3033 = CARTESIAN_POINT('',(-4.142482851226,-6.75));
#3034 = CARTESIAN_POINT('',(-4.144320237777,-6.75));
#3035 = CARTESIAN_POINT('',(-4.146153209441,-6.754822986378));
#3036 = CARTESIAN_POINT('',(-4.147956175356,-6.764427707317));
#3037 = CARTESIAN_POINT('',(-4.149704161547,-6.778659276362));
#3038 = CARTESIAN_POINT('',(-4.151373455893,-6.797251742109));
#3039 = CARTESIAN_POINT('',(-4.152942429358,-6.81983142469));
#3040 = CARTESIAN_POINT('',(-4.154392533487,-6.845921019077));
#3041 = CARTESIAN_POINT('',(-4.157353872128,-6.911184590027));
#3042 = CARTESIAN_POINT('',(-4.158793207086,-6.95205545814));
#3043 = CARTESIAN_POINT('',(-4.160011483233,-6.996746719583));
#3044 = CARTESIAN_POINT('',(-4.160996621636,-7.044465540437));
#3045 = CARTESIAN_POINT('',(-4.161740073364,-7.094427677156));
#3046 = CARTESIAN_POINT('',(-4.162236594747,-7.145853087922));
#3047 = CARTESIAN_POINT('',(-4.1624841848,-7.197966080984));
#3048 = CARTESIAN_POINT('',(-4.1624841848,-7.342922768964));
#3049 = CARTESIAN_POINT('',(-4.161694586176,-7.437437071847));
#3050 = CARTESIAN_POINT('',(-4.160067960682,-7.528393315178));
#3051 = CARTESIAN_POINT('',(-4.157626768758,-7.610143907584));
#3052 = CARTESIAN_POINT('',(-4.154464759911,-7.677246281262));
#3053 = CARTESIAN_POINT('',(-4.150741491726,-7.725022422213));
#3054 = CARTESIAN_POINT('',(-4.146664265318,-7.75));
#3055 = CARTESIAN_POINT('',(-4.138301437135,-7.75));
#3056 = CARTESIAN_POINT('',(-4.134224210727,-7.725022422212));
#3057 = CARTESIAN_POINT('',(-4.130500942542,-7.677246281262));
#3058 = CARTESIAN_POINT('',(-4.127338933695,-7.610143907584));
#3059 = CARTESIAN_POINT('',(-4.124897741771,-7.52839331518));
#3060 = CARTESIAN_POINT('',(-4.123271116277,-7.437437071845));
#3061 = CARTESIAN_POINT('',(-4.122481517653,-7.342922768963));
#3062 = CARTESIAN_POINT('',(-4.122481517653,-7.197974364064));
#3063 = CARTESIAN_POINT('',(-4.122729028234,-7.14586269013));
#3064 = CARTESIAN_POINT('',(-4.123225508272,-7.094434202353));
#3065 = CARTESIAN_POINT('',(-4.123968996123,-7.044467305381));
#3066 = CARTESIAN_POINT('',(-4.124954231798,-6.996744385701));
#3067 = CARTESIAN_POINT('',(-4.126172611713,-6.952051275634));
#3068 = CARTESIAN_POINT('',(-4.127611975982,-6.91118137996));
#3069 = CARTESIAN_POINT('',(-4.130573124721,-6.845921994164));
#3070 = CARTESIAN_POINT('',(-4.132023227651,-6.819832030334));
#3071 = CARTESIAN_POINT('',(-4.133592237798,-6.797251538609));
#3072 = CARTESIAN_POINT('',(-4.135261590458,-6.778658446214));
#3073 = CARTESIAN_POINT('',(-4.137009633137,-6.764426757245));
#3074 = CARTESIAN_POINT('',(-4.138812626811,-6.754822427557));
#3075 = CARTESIAN_POINT('',(-4.140645570794,-6.75));
#3076 = CARTESIAN_POINT('',(-4.142482851226,-6.75));
#3077 = ( GEOMETRIC_REPRESENTATION_CONTEXT(2) 
PARAMETRIC_REPRESENTATION_CONTEXT() REPRESENTATION_CONTEXT('2D SPACE',''
  ) );
#3078 = PCURVE('',#1171,#3079);
#3079 = DEFINITIONAL_REPRESENTATION('',(#3080),#3125);
#3080 = B_SPLINE_CURVE_WITH_KNOTS('',8,(#3081,#3082,#3083,#3084,#3085,
    #3086,#3087,#3088,#3089,#3090,#3091,#3092,#3093,#3094,#3095,#3096,
    #3097,#3098,#3099,#3100,#3101,#3102,#3103,#3104,#3105,#3106,#3107,
    #3108,#3109,#3110,#3111,#3112,#3113,#3114,#3115,#3116,#3117,#3118,
    #3119,#3120,#3121,#3122,#3123,#3124),.UNSPECIFIED.,.F.,.F.,(9,7,7,7,
    7,7,9),(0.,0.111648216352,0.251057757313,0.5000169134,0.748976069489
    ,0.888363418382,1.),.UNSPECIFIED.);
#3081 = CARTESIAN_POINT('',(0.,-0.5));
#3082 = CARTESIAN_POINT('',(9.186932751196E-02,-0.5));
#3083 = CARTESIAN_POINT('',(0.183517525856,-0.500096439331));
#3084 = CARTESIAN_POINT('',(0.274847924194,-0.500288584303));
#3085 = CARTESIAN_POINT('',(0.365765721534,-0.500567984237));
#3086 = CARTESIAN_POINT('',(0.456163115448,-0.500919174582));
#3087 = CARTESIAN_POINT('',(0.545901529946,-0.501321392985));
#3088 = CARTESIAN_POINT('',(0.634790942516,-0.501751308301));
#3089 = CARTESIAN_POINT('',(0.832167019893,-0.502730492491));
#3090 = CARTESIAN_POINT('',(0.940201234522,-0.503283667719));
#3091 = CARTESIAN_POINT('',(1.047000892797,-0.503807284299));
#3092 = CARTESIAN_POINT('',(1.152835768985,-0.504265299394));
#3093 = CARTESIAN_POINT('',(1.257934790309,-0.504628443103));
#3094 = CARTESIAN_POINT('',(1.362502188945,-0.504876705674));
#3095 = CARTESIAN_POINT('',(1.466728488763,-0.5050005001));
#3096 = CARTESIAN_POINT('',(1.756641864723,-0.5050005001));
#3097 = CARTESIAN_POINT('',(1.945670525901,-0.504605638424));
#3098 = CARTESIAN_POINT('',(2.137363628024,-0.503792688985));
#3099 = CARTESIAN_POINT('',(2.33161745331,-0.502658292249));
#3100 = CARTESIAN_POINT('',(2.528581641915,-0.501454765899));
#3101 = CARTESIAN_POINT('',(2.728659802497,-0.500499611967));
#3102 = CARTESIAN_POINT('',(2.932521948994,-0.5));
#3103 = CARTESIAN_POINT('',(3.350663358187,-0.5));
#3104 = CARTESIAN_POINT('',(3.554525504689,-0.500499611967));
#3105 = CARTESIAN_POINT('',(3.754603665254,-0.501454765899));
#3106 = CARTESIAN_POINT('',(3.951567853876,-0.502658292249));
#3107 = CARTESIAN_POINT('',(4.145821679148,-0.503792688985));
#3108 = CARTESIAN_POINT('',(4.337514781283,-0.504605638424));
#3109 = CARTESIAN_POINT('',(4.526543442458,-0.5050005001));
#3110 = CARTESIAN_POINT('',(4.816440252257,-0.5050005001));
#3111 = CARTESIAN_POINT('',(4.920663937302,-0.50487674602));
#3112 = CARTESIAN_POINT('',(5.025236685897,-0.504628502645));
#3113 = CARTESIAN_POINT('',(5.130344613819,-0.504265336223));
#3114 = CARTESIAN_POINT('',(5.236188454353,-0.503807271557));
#3115 = CARTESIAN_POINT('',(5.342994023099,-0.50328361514));
#3116 = CARTESIAN_POINT('',(5.451027995465,-0.502730444329));
#3117 = CARTESIAN_POINT('',(5.648391415716,-0.501751322931));
#3118 = CARTESIAN_POINT('',(5.737281266215,-0.50132140491));
#3119 = CARTESIAN_POINT('',(5.827022033883,-0.500919172316));
#3120 = CARTESIAN_POINT('',(5.917422460068,-0.500567968639));
#3121 = CARTESIAN_POINT('',(6.008342884926,-0.500288565507));
#3122 = CARTESIAN_POINT('',(6.099674467884,-0.500096428455));
#3123 = CARTESIAN_POINT('',(6.191321285566,-0.5));
#3124 = CARTESIAN_POINT('',(6.28318530718,-0.5));
#3125 = ( GEOMETRIC_REPRESENTATION_CONTEXT(2) 
PARAMETRIC_REPRESENTATION_CONTEXT() REPRESENTATION_CONTEXT('2D SPACE',''
  ) );
#3126 = FACE_BOUND('',#3127,.T.);
#3127 = EDGE_LOOP('',(#3128));
#3128 = ORIENTED_EDGE('',*,*,#3129,.T.);
#3129 = EDGE_CURVE('',#3130,#3130,#3132,.T.);
#3130 = VERTEX_POINT('',#3131);
#3131 = CARTESIAN_POINT('',(13.488825410083,-21.04879067918,6.75));
#3132 = SURFACE_CURVE('',#3133,(#3178,#3226),.PCURVE_S1.);
#3133 = B_SPLINE_CURVE_WITH_KNOTS('',8,(#3134,#3135,#3136,#3137,#3138,
    #3139,#3140,#3141,#3142,#3143,#3144,#3145,#3146,#3147,#3148,#3149,
    #3150,#3151,#3152,#3153,#3154,#3155,#3156,#3157,#3158,#3159,#3160,
    #3161,#3162,#3163,#3164,#3165,#3166,#3167,#3168,#3169,#3170,#3171,
    #3172,#3173,#3174,#3175,#3176,#3177),.UNSPECIFIED.,.T.,.F.,(9,7,7,7,
    7,7,9),(0.,0.111648216288,0.251057757169,0.500016913112,
    0.74897606905,0.888363418093,1.),.UNSPECIFIED.);
#3134 = CARTESIAN_POINT('',(13.488825410083,-21.04879067918,6.75));
#3135 = CARTESIAN_POINT('',(13.527500174975,-21.0240064928,6.75));
#3136 = CARTESIAN_POINT('',(13.566029977167,-20.99920066114,
    6.754822986378));
#3137 = CARTESIAN_POINT('',(13.603876359614,-20.97471911836,
    6.764427707317));
#3138 = CARTESIAN_POINT('',(13.640518009475,-20.95090597756,
    6.778659276362));
#3139 = CARTESIAN_POINT('',(13.675464031501,-20.92809418966,
    6.797251742109));
#3140 = CARTESIAN_POINT('',(13.708270344744,-20.90659299757,
    6.81983142469));
#3141 = CARTESIAN_POINT('',(13.738559202618,-20.88667218573,
    6.845921019077));
#3142 = CARTESIAN_POINT('',(13.800358025739,-20.84590627411,
    6.911184590027));
#3143 = CARTESIAN_POINT('',(13.83035230987,-20.82602783791,6.95205545814
    ));
#3144 = CARTESIAN_POINT('',(13.855709295483,-20.80915625741,
    6.996746719583));
#3145 = CARTESIAN_POINT('',(13.876194581767,-20.7954845538,
    7.044465540437));
#3146 = CARTESIAN_POINT('',(13.891644422006,-20.78515242624,
    7.094427677156));
#3147 = CARTESIAN_POINT('',(13.901959552509,-20.7782472524,
    7.145853087922));
#3148 = CARTESIAN_POINT('',(13.907103188754,-20.77480399179,
    7.197966080984));
#3149 = CARTESIAN_POINT('',(13.907103188754,-20.77480399179,
    7.342922768964));
#3150 = CARTESIAN_POINT('',(13.890699473986,-20.78578506856,
    7.437437071846));
#3151 = CARTESIAN_POINT('',(13.856906403377,-20.80840644253,
    7.52839331518));
#3152 = CARTESIAN_POINT('',(13.806143288486,-20.8422846222,
    7.610143907583));
#3153 = CARTESIAN_POINT('',(13.740242866239,-20.88594544162,
    7.677246281263));
#3154 = CARTESIAN_POINT('',(13.662390230598,-20.93697067507,
    7.725022422213));
#3155 = CARTESIAN_POINT('',(13.576839120047,-20.99238831453,7.75));
#3156 = CARTESIAN_POINT('',(13.40081170012,-21.10519304384,7.75));
#3157 = CARTESIAN_POINT('',(13.31472145528,-21.15976938509,
    7.725022422214));
#3158 = CARTESIAN_POINT('',(13.235838107267,-21.20918623172,
    7.677246281261));
#3159 = CARTESIAN_POINT('',(13.168638952477,-21.2508204292,
    7.610143907585));
#3160 = CARTESIAN_POINT('',(13.116651703224,-21.28278839452,
    7.528393315177));
#3161 = CARTESIAN_POINT('',(13.081981373972,-21.30404084028,
    7.437437071847));
#3162 = CARTESIAN_POINT('',(13.065151561586,-21.31435700819,
    7.342922768965));
#3163 = CARTESIAN_POINT('',(13.065151561586,-21.31435700819,
    7.197974363976));
#3164 = CARTESIAN_POINT('',(13.0704270911,-21.3111232431,7.145862690103)
  );
#3165 = CARTESIAN_POINT('',(13.081009242607,-21.30463666095,
    7.094434202405));
#3166 = CARTESIAN_POINT('',(13.096851725608,-21.29491556439,
    7.044467305453));
#3167 = CARTESIAN_POINT('',(13.117833332633,-21.28201384374,
    6.996744385728));
#3168 = CARTESIAN_POINT('',(13.143757561693,-21.26602261677,
    6.952051275597));
#3169 = CARTESIAN_POINT('',(13.17434939518,-21.24707527501,
    6.911181379906));
#3170 = CARTESIAN_POINT('',(13.237200831086,-21.20796072333,
    6.845921994164));
#3171 = CARTESIAN_POINT('',(13.267953589346,-21.18876386577,
    6.819832030334));
#3172 = CARTESIAN_POINT('',(13.301194718594,-21.16793948775,
    6.797251538609));
#3173 = CARTESIAN_POINT('',(13.33652094683,-21.14571829508,
    6.778658446214));
#3174 = CARTESIAN_POINT('',(13.373465289602,-21.12237487746,
    6.764426757245));
#3175 = CARTESIAN_POINT('',(13.411519596903,-21.09821650709,
    6.754822427557));
#3176 = CARTESIAN_POINT('',(13.450152878845,-21.07357343416,6.75));
#3177 = CARTESIAN_POINT('',(13.488825410083,-21.04879067918,6.75));
#3178 = PCURVE('',#1983,#3179);
#3179 = DEFINITIONAL_REPRESENTATION('',(#3180),#3225);
#3180 = B_SPLINE_CURVE_WITH_KNOTS('',8,(#3181,#3182,#3183,#3184,#3185,
    #3186,#3187,#3188,#3189,#3190,#3191,#3192,#3193,#3194,#3195,#3196,
    #3197,#3198,#3199,#3200,#3201,#3202,#3203,#3204,#3205,#3206,#3207,
    #3208,#3209,#3210,#3211,#3212,#3213,#3214,#3215,#3216,#3217,#3218,
    #3219,#3220,#3221,#3222,#3223,#3224),.UNSPECIFIED.,.T.,.F.,(9,7,7,7,
    7,7,9),(0.,0.111648216288,0.251057757169,0.500016913112,
    0.74897606905,0.888363418093,1.),.UNSPECIFIED.);
#3181 = CARTESIAN_POINT('',(-5.282295109543,-6.75));
#3182 = CARTESIAN_POINT('',(-5.284132496093,-6.75));
#3183 = CARTESIAN_POINT('',(-5.285965467757,-6.754822986378));
#3184 = CARTESIAN_POINT('',(-5.287768433672,-6.764427707317));
#3185 = CARTESIAN_POINT('',(-5.289516419863,-6.778659276362));
#3186 = CARTESIAN_POINT('',(-5.29118571421,-6.797251742109));
#3187 = CARTESIAN_POINT('',(-5.292754687674,-6.81983142469));
#3188 = CARTESIAN_POINT('',(-5.294204791804,-6.845921019077));
#3189 = CARTESIAN_POINT('',(-5.297166130444,-6.911184590027));
#3190 = CARTESIAN_POINT('',(-5.298605465403,-6.95205545814));
#3191 = CARTESIAN_POINT('',(-5.299823741549,-6.996746719583));
#3192 = CARTESIAN_POINT('',(-5.300808879952,-7.044465540437));
#3193 = CARTESIAN_POINT('',(-5.30155233168,-7.094427677156));
#3194 = CARTESIAN_POINT('',(-5.302048853063,-7.145853087922));
#3195 = CARTESIAN_POINT('',(-5.302296443116,-7.197966080984));
#3196 = CARTESIAN_POINT('',(-5.302296443116,-7.342922768964));
#3197 = CARTESIAN_POINT('',(-5.301506844493,-7.437437071846));
#3198 = CARTESIAN_POINT('',(-5.299880218999,-7.52839331518));
#3199 = CARTESIAN_POINT('',(-5.297439027075,-7.610143907583));
#3200 = CARTESIAN_POINT('',(-5.294277018227,-7.677246281263));
#3201 = CARTESIAN_POINT('',(-5.290553750042,-7.725022422213));
#3202 = CARTESIAN_POINT('',(-5.286476523635,-7.75));
#3203 = CARTESIAN_POINT('',(-5.278113695451,-7.75));
#3204 = CARTESIAN_POINT('',(-5.274036469044,-7.725022422214));
#3205 = CARTESIAN_POINT('',(-5.270313200858,-7.677246281261));
#3206 = CARTESIAN_POINT('',(-5.267151192011,-7.610143907585));
#3207 = CARTESIAN_POINT('',(-5.264710000087,-7.528393315177));
#3208 = CARTESIAN_POINT('',(-5.263083374593,-7.437437071847));
#3209 = CARTESIAN_POINT('',(-5.26229377597,-7.342922768965));
#3210 = CARTESIAN_POINT('',(-5.26229377597,-7.197974363976));
#3211 = CARTESIAN_POINT('',(-5.262541286551,-7.145862690103));
#3212 = CARTESIAN_POINT('',(-5.263037766589,-7.094434202405));
#3213 = CARTESIAN_POINT('',(-5.263781254438,-7.044467305453));
#3214 = CARTESIAN_POINT('',(-5.264766490113,-6.996744385728));
#3215 = CARTESIAN_POINT('',(-5.26598487003,-6.952051275597));
#3216 = CARTESIAN_POINT('',(-5.267424234301,-6.911181379906));
#3217 = CARTESIAN_POINT('',(-5.270385383037,-6.845921994164));
#3218 = CARTESIAN_POINT('',(-5.271835485968,-6.819832030334));
#3219 = CARTESIAN_POINT('',(-5.273404496114,-6.797251538609));
#3220 = CARTESIAN_POINT('',(-5.275073848774,-6.778658446214));
#3221 = CARTESIAN_POINT('',(-5.276821891453,-6.764426757245));
#3222 = CARTESIAN_POINT('',(-5.278624885127,-6.754822427557));
#3223 = CARTESIAN_POINT('',(-5.280457829111,-6.75));
#3224 = CARTESIAN_POINT('',(-5.282295109543,-6.75));
#3225 = ( GEOMETRIC_REPRESENTATION_CONTEXT(2) 
PARAMETRIC_REPRESENTATION_CONTEXT() REPRESENTATION_CONTEXT('2D SPACE',''
  ) );
#3226 = PCURVE('',#1374,#3227);
#3227 = DEFINITIONAL_REPRESENTATION('',(#3228),#3273);
#3228 = B_SPLINE_CURVE_WITH_KNOTS('',8,(#3229,#3230,#3231,#3232,#3233,
    #3234,#3235,#3236,#3237,#3238,#3239,#3240,#3241,#3242,#3243,#3244,
    #3245,#3246,#3247,#3248,#3249,#3250,#3251,#3252,#3253,#3254,#3255,
    #3256,#3257,#3258,#3259,#3260,#3261,#3262,#3263,#3264,#3265,#3266,
    #3267,#3268,#3269,#3270,#3271,#3272),.UNSPECIFIED.,.F.,.F.,(9,7,7,7,
    7,7,9),(0.,0.111648216288,0.251057757169,0.500016913112,
    0.74897606905,0.888363418093,1.),.UNSPECIFIED.);
#3229 = CARTESIAN_POINT('',(0.,-0.5));
#3230 = CARTESIAN_POINT('',(9.186932751196E-02,-0.5));
#3231 = CARTESIAN_POINT('',(0.183517525856,-0.500096439331));
#3232 = CARTESIAN_POINT('',(0.274847924194,-0.500288584303));
#3233 = CARTESIAN_POINT('',(0.365765721534,-0.500567984237));
#3234 = CARTESIAN_POINT('',(0.456163115448,-0.500919174582));
#3235 = CARTESIAN_POINT('',(0.545901529946,-0.501321392985));
#3236 = CARTESIAN_POINT('',(0.634790942515,-0.501751308301));
#3237 = CARTESIAN_POINT('',(0.832167019893,-0.502730492491));
#3238 = CARTESIAN_POINT('',(0.940201234522,-0.503283667719));
#3239 = CARTESIAN_POINT('',(1.047000892797,-0.503807284299));
#3240 = CARTESIAN_POINT('',(1.152835768985,-0.504265299394));
#3241 = CARTESIAN_POINT('',(1.257934790309,-0.504628443103));
#3242 = CARTESIAN_POINT('',(1.362502188945,-0.504876705673));
#3243 = CARTESIAN_POINT('',(1.466728488763,-0.5050005001));
#3244 = CARTESIAN_POINT('',(1.756641864722,-0.5050005001));
#3245 = CARTESIAN_POINT('',(1.945670525899,-0.504605638424));
#3246 = CARTESIAN_POINT('',(2.137363628029,-0.503792688985));
#3247 = CARTESIAN_POINT('',(2.331617453305,-0.502658292249));
#3248 = CARTESIAN_POINT('',(2.528581641921,-0.501454765899));
#3249 = CARTESIAN_POINT('',(2.728659802494,-0.500499611967));
#3250 = CARTESIAN_POINT('',(2.932521948993,-0.5));
#3251 = CARTESIAN_POINT('',(3.350663358183,-0.5));
#3252 = CARTESIAN_POINT('',(3.554525504685,-0.500499611967));
#3253 = CARTESIAN_POINT('',(3.754603665263,-0.501454765899));
#3254 = CARTESIAN_POINT('',(3.951567853872,-0.502658292249));
#3255 = CARTESIAN_POINT('',(4.145821679155,-0.503792688985));
#3256 = CARTESIAN_POINT('',(4.337514781279,-0.504605638424));
#3257 = CARTESIAN_POINT('',(4.526543442455,-0.5050005001));
#3258 = CARTESIAN_POINT('',(4.816440252434,-0.5050005001));
#3259 = CARTESIAN_POINT('',(4.920663937356,-0.504876746019));
#3260 = CARTESIAN_POINT('',(5.025236685801,-0.504628502645));
#3261 = CARTESIAN_POINT('',(5.130344613668,-0.504265336224));
#3262 = CARTESIAN_POINT('',(5.236188454272,-0.503807271558));
#3263 = CARTESIAN_POINT('',(5.342994023163,-0.50328361514));
#3264 = CARTESIAN_POINT('',(5.45102799563,-0.502730444328));
#3265 = CARTESIAN_POINT('',(5.648391415716,-0.501751322931));
#3266 = CARTESIAN_POINT('',(5.737281266215,-0.501321404909));
#3267 = CARTESIAN_POINT('',(5.827022033883,-0.500919172316));
#3268 = CARTESIAN_POINT('',(5.917422460068,-0.500567968639));
#3269 = CARTESIAN_POINT('',(6.008342884926,-0.500288565507));
#3270 = CARTESIAN_POINT('',(6.099674467884,-0.500096428455));
#3271 = CARTESIAN_POINT('',(6.191321285566,-0.5));
#3272 = CARTESIAN_POINT('',(6.28318530718,-0.5));
#3273 = ( GEOMETRIC_REPRESENTATION_CONTEXT(2) 
PARAMETRIC_REPRESENTATION_CONTEXT() REPRESENTATION_CONTEXT('2D SPACE',''
  ) );
#3274 = ADVANCED_FACE('',(#3275),#2450,.T.);
#3275 = FACE_BOUND('',#3276,.T.);
#3276 = EDGE_LOOP('',(#3277,#3301,#3302,#3330));
#3277 = ORIENTED_EDGE('',*,*,#3278,.T.);
#3278 = EDGE_CURVE('',#3279,#2436,#3281,.T.);
#3279 = VERTEX_POINT('',#3280);
#3280 = CARTESIAN_POINT('',(-5.,-24.5,7.5));
#3281 = SURFACE_CURVE('',#3282,(#3287,#3294),.PCURVE_S1.);
#3282 = CIRCLE('',#3283,1.5);
#3283 = AXIS2_PLACEMENT_3D('',#3284,#3285,#3286);
#3284 = CARTESIAN_POINT('',(-3.5,-24.5,7.5));
#3285 = DIRECTION('',(-1.224646799147E-16,-1.,0.));
#3286 = DIRECTION('',(0.,0.,1.));
#3287 = PCURVE('',#2450,#3288);
#3288 = DEFINITIONAL_REPRESENTATION('',(#3289),#3293);
#3289 = CIRCLE('',#3290,1.5);
#3290 = AXIS2_PLACEMENT_2D('',#3291,#3292);
#3291 = CARTESIAN_POINT('',(1.5,8.5));
#3292 = DIRECTION('',(1.,0.));
#3293 = ( GEOMETRIC_REPRESENTATION_CONTEXT(2) 
PARAMETRIC_REPRESENTATION_CONTEXT() REPRESENTATION_CONTEXT('2D SPACE',''
  ) );
#3294 = PCURVE('',#919,#3295);
#3295 = DEFINITIONAL_REPRESENTATION('',(#3296),#3300);
#3296 = LINE('',#3297,#3298);
#3297 = CARTESIAN_POINT('',(-1.570796326795,0.));
#3298 = VECTOR('',#3299,1.);
#3299 = DIRECTION('',(1.,0.));
#3300 = ( GEOMETRIC_REPRESENTATION_CONTEXT(2) 
PARAMETRIC_REPRESENTATION_CONTEXT() REPRESENTATION_CONTEXT('2D SPACE',''
  ) );
#3301 = ORIENTED_EDGE('',*,*,#2435,.F.);
#3302 = ORIENTED_EDGE('',*,*,#3303,.F.);
#3303 = EDGE_CURVE('',#3304,#2380,#3306,.T.);
#3304 = VERTEX_POINT('',#3305);
#3305 = CARTESIAN_POINT('',(-5.,-24.5,8.));
#3306 = SURFACE_CURVE('',#3307,(#3312,#3323),.PCURVE_S1.);
#3307 = CIRCLE('',#3308,1.5);
#3308 = AXIS2_PLACEMENT_3D('',#3309,#3310,#3311);
#3309 = CARTESIAN_POINT('',(-3.5,-24.5,8.));
#3310 = DIRECTION('',(1.224646799147E-16,1.,-0.));
#3311 = DIRECTION('',(0.,0.,1.));
#3312 = PCURVE('',#2450,#3313);
#3313 = DEFINITIONAL_REPRESENTATION('',(#3314),#3322);
#3314 = ( BOUNDED_CURVE() B_SPLINE_CURVE(2,(#3315,#3316,#3317,#3318,
#3319,#3320,#3321),.UNSPECIFIED.,.T.,.F.) B_SPLINE_CURVE_WITH_KNOTS((1,2
    ,2,2,2,1),(-2.094395102393,0.,2.094395102393,4.188790204786,
6.28318530718,8.377580409573),.UNSPECIFIED.) CURVE() 
GEOMETRIC_REPRESENTATION_ITEM() RATIONAL_B_SPLINE_CURVE((1.,0.5,1.,0.5,
1.,0.5,1.)) REPRESENTATION_ITEM('') );
#3315 = CARTESIAN_POINT('',(3.5,8.5));
#3316 = CARTESIAN_POINT('',(3.5,5.901923788647));
#3317 = CARTESIAN_POINT('',(1.25,7.200961894323));
#3318 = CARTESIAN_POINT('',(-1.,8.5));
#3319 = CARTESIAN_POINT('',(1.25,9.799038105677));
#3320 = CARTESIAN_POINT('',(3.5,11.098076211353));
#3321 = CARTESIAN_POINT('',(3.5,8.5));
#3322 = ( GEOMETRIC_REPRESENTATION_CONTEXT(2) 
PARAMETRIC_REPRESENTATION_CONTEXT() REPRESENTATION_CONTEXT('2D SPACE',''
  ) );
#3323 = PCURVE('',#802,#3324);
#3324 = DEFINITIONAL_REPRESENTATION('',(#3325),#3329);
#3325 = LINE('',#3326,#3327);
#3326 = CARTESIAN_POINT('',(4.712388980385,-0.));
#3327 = VECTOR('',#3328,1.);
#3328 = DIRECTION('',(-1.,0.));
#3329 = ( GEOMETRIC_REPRESENTATION_CONTEXT(2) 
PARAMETRIC_REPRESENTATION_CONTEXT() REPRESENTATION_CONTEXT('2D SPACE',''
  ) );
#3330 = ORIENTED_EDGE('',*,*,#3331,.F.);
#3331 = EDGE_CURVE('',#3279,#3304,#3332,.T.);
#3332 = SURFACE_CURVE('',#3333,(#3337,#3344),.PCURVE_S1.);
#3333 = LINE('',#3334,#3335);
#3334 = CARTESIAN_POINT('',(-5.,-24.5,6.));
#3335 = VECTOR('',#3336,1.);
#3336 = DIRECTION('',(0.,0.,1.));
#3337 = PCURVE('',#2450,#3338);
#3338 = DEFINITIONAL_REPRESENTATION('',(#3339),#3343);
#3339 = LINE('',#3340,#3341);
#3340 = CARTESIAN_POINT('',(0.,10.));
#3341 = VECTOR('',#3342,1.);
#3342 = DIRECTION('',(1.,0.));
#3343 = ( GEOMETRIC_REPRESENTATION_CONTEXT(2) 
PARAMETRIC_REPRESENTATION_CONTEXT() REPRESENTATION_CONTEXT('2D SPACE',''
  ) );
#3344 = PCURVE('',#846,#3345);
#3345 = DEFINITIONAL_REPRESENTATION('',(#3346),#3350);
#3346 = LINE('',#3347,#3348);
#3347 = CARTESIAN_POINT('',(0.,0.));
#3348 = VECTOR('',#3349,1.);
#3349 = DIRECTION('',(1.,0.));
#3350 = ( GEOMETRIC_REPRESENTATION_CONTEXT(2) 
PARAMETRIC_REPRESENTATION_CONTEXT() REPRESENTATION_CONTEXT('2D SPACE',''
  ) );
#3351 = ADVANCED_FACE('',(#3352),#2284,.T.);
#3352 = FACE_BOUND('',#3353,.T.);
#3353 = EDGE_LOOP('',(#3354,#3355,#3383,#3406));
#3354 = ORIENTED_EDGE('',*,*,#2267,.T.);
#3355 = ORIENTED_EDGE('',*,*,#3356,.F.);
#3356 = EDGE_CURVE('',#3357,#2270,#3359,.T.);
#3357 = VERTEX_POINT('',#3358);
#3358 = CARTESIAN_POINT('',(5.,-24.5,7.5));
#3359 = SURFACE_CURVE('',#3360,(#3365,#3376),.PCURVE_S1.);
#3360 = CIRCLE('',#3361,1.5);
#3361 = AXIS2_PLACEMENT_3D('',#3362,#3363,#3364);
#3362 = CARTESIAN_POINT('',(3.5,-24.5,7.5));
#3363 = DIRECTION('',(1.224646799147E-16,1.,-0.));
#3364 = DIRECTION('',(0.,0.,1.));
#3365 = PCURVE('',#2284,#3366);
#3366 = DEFINITIONAL_REPRESENTATION('',(#3367),#3375);
#3367 = ( BOUNDED_CURVE() B_SPLINE_CURVE(2,(#3368,#3369,#3370,#3371,
#3372,#3373,#3374),.UNSPECIFIED.,.T.,.F.) B_SPLINE_CURVE_WITH_KNOTS((1,2
    ,2,2,2,1),(-2.094395102393,0.,2.094395102393,4.188790204786,
6.28318530718,8.377580409573),.UNSPECIFIED.) CURVE() 
GEOMETRIC_REPRESENTATION_ITEM() RATIONAL_B_SPLINE_CURVE((1.,0.5,1.,0.5,
1.,0.5,1.)) REPRESENTATION_ITEM('') );
#3368 = CARTESIAN_POINT('',(3.,1.5));
#3369 = CARTESIAN_POINT('',(3.,-1.098076211353));
#3370 = CARTESIAN_POINT('',(0.75,0.200961894323));
#3371 = CARTESIAN_POINT('',(-1.5,1.5));
#3372 = CARTESIAN_POINT('',(0.75,2.799038105677));
#3373 = CARTESIAN_POINT('',(3.,4.098076211353));
#3374 = CARTESIAN_POINT('',(3.,1.5));
#3375 = ( GEOMETRIC_REPRESENTATION_CONTEXT(2) 
PARAMETRIC_REPRESENTATION_CONTEXT() REPRESENTATION_CONTEXT('2D SPACE',''
  ) );
#3376 = PCURVE('',#1023,#3377);
#3377 = DEFINITIONAL_REPRESENTATION('',(#3378),#3382);
#3378 = LINE('',#3379,#3380);
#3379 = CARTESIAN_POINT('',(1.570796326795,-0.));
#3380 = VECTOR('',#3381,1.);
#3381 = DIRECTION('',(-1.,0.));
#3382 = ( GEOMETRIC_REPRESENTATION_CONTEXT(2) 
PARAMETRIC_REPRESENTATION_CONTEXT() REPRESENTATION_CONTEXT('2D SPACE',''
  ) );
#3383 = ORIENTED_EDGE('',*,*,#3384,.T.);
#3384 = EDGE_CURVE('',#3357,#3385,#3387,.T.);
#3385 = VERTEX_POINT('',#3386);
#3386 = CARTESIAN_POINT('',(5.,-24.5,8.));
#3387 = SURFACE_CURVE('',#3388,(#3392,#3399),.PCURVE_S1.);
#3388 = LINE('',#3389,#3390);
#3389 = CARTESIAN_POINT('',(5.,-24.5,6.));
#3390 = VECTOR('',#3391,1.);
#3391 = DIRECTION('',(0.,0.,1.));
#3392 = PCURVE('',#2284,#3393);
#3393 = DEFINITIONAL_REPRESENTATION('',(#3394),#3398);
#3394 = LINE('',#3395,#3396);
#3395 = CARTESIAN_POINT('',(0.,0.));
#3396 = VECTOR('',#3397,1.);
#3397 = DIRECTION('',(1.,0.));
#3398 = ( GEOMETRIC_REPRESENTATION_CONTEXT(2) 
PARAMETRIC_REPRESENTATION_CONTEXT() REPRESENTATION_CONTEXT('2D SPACE',''
  ) );
#3399 = PCURVE('',#647,#3400);
#3400 = DEFINITIONAL_REPRESENTATION('',(#3401),#3405);
#3401 = LINE('',#3402,#3403);
#3402 = CARTESIAN_POINT('',(0.,0.));
#3403 = VECTOR('',#3404,1.);
#3404 = DIRECTION('',(1.,0.));
#3405 = ( GEOMETRIC_REPRESENTATION_CONTEXT(2) 
PARAMETRIC_REPRESENTATION_CONTEXT() REPRESENTATION_CONTEXT('2D SPACE',''
  ) );
#3406 = ORIENTED_EDGE('',*,*,#3407,.T.);
#3407 = EDGE_CURVE('',#3385,#2268,#3408,.T.);
#3408 = SURFACE_CURVE('',#3409,(#3414,#3421),.PCURVE_S1.);
#3409 = CIRCLE('',#3410,1.5);
#3410 = AXIS2_PLACEMENT_3D('',#3411,#3412,#3413);
#3411 = CARTESIAN_POINT('',(3.5,-24.5,8.));
#3412 = DIRECTION('',(-1.224646799147E-16,-1.,0.));
#3413 = DIRECTION('',(0.,0.,1.));
#3414 = PCURVE('',#2284,#3415);
#3415 = DEFINITIONAL_REPRESENTATION('',(#3416),#3420);
#3416 = CIRCLE('',#3417,1.5);
#3417 = AXIS2_PLACEMENT_2D('',#3418,#3419);
#3418 = CARTESIAN_POINT('',(2.,1.5));
#3419 = DIRECTION('',(1.,0.));
#3420 = ( GEOMETRIC_REPRESENTATION_CONTEXT(2) 
PARAMETRIC_REPRESENTATION_CONTEXT() REPRESENTATION_CONTEXT('2D SPACE',''
  ) );
#3421 = PCURVE('',#696,#3422);
#3422 = DEFINITIONAL_REPRESENTATION('',(#3423),#3427);
#3423 = LINE('',#3424,#3425);
#3424 = CARTESIAN_POINT('',(-4.712388980385,0.));
#3425 = VECTOR('',#3426,1.);
#3426 = DIRECTION('',(1.,0.));
#3427 = ( GEOMETRIC_REPRESENTATION_CONTEXT(2) 
PARAMETRIC_REPRESENTATION_CONTEXT() REPRESENTATION_CONTEXT('2D SPACE',''
  ) );
#3428 = ADVANCED_FACE('',(#3429),#2042,.T.);
#3429 = FACE_BOUND('',#3430,.T.);
#3430 = EDGE_LOOP('',(#3431,#3454,#3455,#3456,#3479,#3508));
#3431 = ORIENTED_EDGE('',*,*,#3432,.F.);
#3432 = EDGE_CURVE('',#2105,#3433,#3435,.T.);
#3433 = VERTEX_POINT('',#3434);
#3434 = CARTESIAN_POINT('',(-7.604501987968,20.643922822831,4.5));
#3435 = SURFACE_CURVE('',#3436,(#3440,#3447),.PCURVE_S1.);
#3436 = LINE('',#3437,#3438);
#3437 = CARTESIAN_POINT('',(-8.676045449909,23.552839220593,4.5));
#3438 = VECTOR('',#3439,1.);
#3439 = DIRECTION('',(0.345659181271,-0.93836012831,0.));
#3440 = PCURVE('',#2042,#3441);
#3441 = DEFINITIONAL_REPRESENTATION('',(#3442),#3446);
#3442 = LINE('',#3443,#3444);
#3443 = CARTESIAN_POINT('',(-8.676045449909,23.552839220593));
#3444 = VECTOR('',#3445,1.);
#3445 = DIRECTION('',(0.345659181271,-0.93836012831));
#3446 = ( GEOMETRIC_REPRESENTATION_CONTEXT(2) 
PARAMETRIC_REPRESENTATION_CONTEXT() REPRESENTATION_CONTEXT('2D SPACE',''
  ) );
#3447 = PCURVE('',#2147,#3448);
#3448 = DEFINITIONAL_REPRESENTATION('',(#3449),#3453);
#3449 = LINE('',#3450,#3451);
#3450 = CARTESIAN_POINT('',(0.,-2.5));
#3451 = VECTOR('',#3452,1.);
#3452 = DIRECTION('',(1.,0.));
#3453 = ( GEOMETRIC_REPRESENTATION_CONTEXT(2) 
PARAMETRIC_REPRESENTATION_CONTEXT() REPRESENTATION_CONTEXT('2D SPACE',''
  ) );
#3454 = ORIENTED_EDGE('',*,*,#2104,.F.);
#3455 = ORIENTED_EDGE('',*,*,#2025,.F.);
#3456 = ORIENTED_EDGE('',*,*,#3457,.F.);
#3457 = EDGE_CURVE('',#3458,#1998,#3460,.T.);
#3458 = VERTEX_POINT('',#3459);
#3459 = CARTESIAN_POINT('',(7.604501987968,20.643922822831,4.5));
#3460 = SURFACE_CURVE('',#3461,(#3465,#3472),.PCURVE_S1.);
#3461 = LINE('',#3462,#3463);
#3462 = CARTESIAN_POINT('',(0.,0.,4.5));
#3463 = VECTOR('',#3464,1.);
#3464 = DIRECTION('',(0.345659181271,0.93836012831,0.));
#3465 = PCURVE('',#2042,#3466);
#3466 = DEFINITIONAL_REPRESENTATION('',(#3467),#3471);
#3467 = LINE('',#3468,#3469);
#3468 = CARTESIAN_POINT('',(2.620244565345E-15,-2.471079343172E-15));
#3469 = VECTOR('',#3470,1.);
#3470 = DIRECTION('',(0.345659181271,0.93836012831));
#3471 = ( GEOMETRIC_REPRESENTATION_CONTEXT(2) 
PARAMETRIC_REPRESENTATION_CONTEXT() REPRESENTATION_CONTEXT('2D SPACE',''
  ) );
#3472 = PCURVE('',#2014,#3473);
#3473 = DEFINITIONAL_REPRESENTATION('',(#3474),#3478);
#3474 = LINE('',#3475,#3476);
#3475 = CARTESIAN_POINT('',(0.,-2.5));
#3476 = VECTOR('',#3477,1.);
#3477 = DIRECTION('',(1.,0.));
#3478 = ( GEOMETRIC_REPRESENTATION_CONTEXT(2) 
PARAMETRIC_REPRESENTATION_CONTEXT() REPRESENTATION_CONTEXT('2D SPACE',''
  ) );
#3479 = ORIENTED_EDGE('',*,*,#3480,.F.);
#3480 = EDGE_CURVE('',#3481,#3458,#3483,.T.);
#3481 = VERTEX_POINT('',#3482);
#3482 = CARTESIAN_POINT('',(22.,3.767278593614E-16,4.5));
#3483 = SURFACE_CURVE('',#3484,(#3489,#3496),.PCURVE_S1.);
#3484 = CIRCLE('',#3485,22.);
#3485 = AXIS2_PLACEMENT_3D('',#3486,#3487,#3488);
#3486 = CARTESIAN_POINT('',(1.184429399443E-13,3.767278593614E-16,4.5));
#3487 = DIRECTION('',(0.,0.,1.));
#3488 = DIRECTION('',(1.,0.,0.));
#3489 = PCURVE('',#2042,#3490);
#3490 = DEFINITIONAL_REPRESENTATION('',(#3491),#3495);
#3491 = CIRCLE('',#3492,22.);
#3492 = AXIS2_PLACEMENT_2D('',#3493,#3494);
#3493 = CARTESIAN_POINT('',(1.210631845096E-13,-2.094351483811E-15));
#3494 = DIRECTION('',(1.,0.));
#3495 = ( GEOMETRIC_REPRESENTATION_CONTEXT(2) 
PARAMETRIC_REPRESENTATION_CONTEXT() REPRESENTATION_CONTEXT('2D SPACE',''
  ) );
#3496 = PCURVE('',#3497,#3502);
#3497 = CYLINDRICAL_SURFACE('',#3498,22.);
#3498 = AXIS2_PLACEMENT_3D('',#3499,#3500,#3501);
#3499 = CARTESIAN_POINT('',(1.184429399443E-13,3.767278593614E-16,1.5));
#3500 = DIRECTION('',(-0.,-0.,-1.));
#3501 = DIRECTION('',(1.,0.,0.));
#3502 = DEFINITIONAL_REPRESENTATION('',(#3503),#3507);
#3503 = LINE('',#3504,#3505);
#3504 = CARTESIAN_POINT('',(-0.,-3.));
#3505 = VECTOR('',#3506,1.);
#3506 = DIRECTION('',(-1.,0.));
#3507 = ( GEOMETRIC_REPRESENTATION_CONTEXT(2) 
PARAMETRIC_REPRESENTATION_CONTEXT() REPRESENTATION_CONTEXT('2D SPACE',''
  ) );
#3508 = ORIENTED_EDGE('',*,*,#3509,.F.);
#3509 = EDGE_CURVE('',#3433,#3481,#3510,.T.);
#3510 = SURFACE_CURVE('',#3511,(#3516,#3523),.PCURVE_S1.);
#3511 = CIRCLE('',#3512,22.);
#3512 = AXIS2_PLACEMENT_3D('',#3513,#3514,#3515);
#3513 = CARTESIAN_POINT('',(1.184429399443E-13,3.767278593614E-16,4.5));
#3514 = DIRECTION('',(0.,0.,1.));
#3515 = DIRECTION('',(1.,0.,0.));
#3516 = PCURVE('',#2042,#3517);
#3517 = DEFINITIONAL_REPRESENTATION('',(#3518),#3522);
#3518 = CIRCLE('',#3519,22.);
#3519 = AXIS2_PLACEMENT_2D('',#3520,#3521);
#3520 = CARTESIAN_POINT('',(1.210631845096E-13,-2.094351483811E-15));
#3521 = DIRECTION('',(1.,0.));
#3522 = ( GEOMETRIC_REPRESENTATION_CONTEXT(2) 
PARAMETRIC_REPRESENTATION_CONTEXT() REPRESENTATION_CONTEXT('2D SPACE',''
  ) );
#3523 = PCURVE('',#3497,#3524);
#3524 = DEFINITIONAL_REPRESENTATION('',(#3525),#3529);
#3525 = LINE('',#3526,#3527);
#3526 = CARTESIAN_POINT('',(-0.,-3.));
#3527 = VECTOR('',#3528,1.);
#3528 = DIRECTION('',(-1.,0.));
#3529 = ( GEOMETRIC_REPRESENTATION_CONTEXT(2) 
PARAMETRIC_REPRESENTATION_CONTEXT() REPRESENTATION_CONTEXT('2D SPACE',''
  ) );
#3530 = ADVANCED_FACE('',(#3531),#3497,.F.);
#3531 = FACE_BOUND('',#3532,.T.);
#3532 = EDGE_LOOP('',(#3533,#3562,#3583,#3584,#3605,#3633,#3652,#3653));
#3533 = ORIENTED_EDGE('',*,*,#3534,.F.);
#3534 = EDGE_CURVE('',#3535,#3535,#3537,.T.);
#3535 = VERTEX_POINT('',#3536);
#3536 = CARTESIAN_POINT('',(22.,3.767278593614E-16,1.5));
#3537 = SURFACE_CURVE('',#3538,(#3543,#3550),.PCURVE_S1.);
#3538 = CIRCLE('',#3539,22.);
#3539 = AXIS2_PLACEMENT_3D('',#3540,#3541,#3542);
#3540 = CARTESIAN_POINT('',(1.184429399443E-13,3.767278593614E-16,1.5));
#3541 = DIRECTION('',(0.,0.,1.));
#3542 = DIRECTION('',(1.,0.,0.));
#3543 = PCURVE('',#3497,#3544);
#3544 = DEFINITIONAL_REPRESENTATION('',(#3545),#3549);
#3545 = LINE('',#3546,#3547);
#3546 = CARTESIAN_POINT('',(-0.,0.));
#3547 = VECTOR('',#3548,1.);
#3548 = DIRECTION('',(-1.,0.));
#3549 = ( GEOMETRIC_REPRESENTATION_CONTEXT(2) 
PARAMETRIC_REPRESENTATION_CONTEXT() REPRESENTATION_CONTEXT('2D SPACE',''
  ) );
#3550 = PCURVE('',#3551,#3556);
#3551 = PLANE('',#3552);
#3552 = AXIS2_PLACEMENT_3D('',#3553,#3554,#3555);
#3553 = CARTESIAN_POINT('',(-2.620244565345E-15,2.471079343172E-15,1.5)
  );
#3554 = DIRECTION('',(0.,0.,1.));
#3555 = DIRECTION('',(1.,0.,-0.));
#3556 = DEFINITIONAL_REPRESENTATION('',(#3557),#3561);
#3557 = CIRCLE('',#3558,22.);
#3558 = AXIS2_PLACEMENT_2D('',#3559,#3560);
#3559 = CARTESIAN_POINT('',(1.210631845096E-13,-2.094351483811E-15));
#3560 = DIRECTION('',(1.,0.));
#3561 = ( GEOMETRIC_REPRESENTATION_CONTEXT(2) 
PARAMETRIC_REPRESENTATION_CONTEXT() REPRESENTATION_CONTEXT('2D SPACE',''
  ) );
#3562 = ORIENTED_EDGE('',*,*,#3563,.T.);
#3563 = EDGE_CURVE('',#3535,#3481,#3564,.T.);
#3564 = SEAM_CURVE('',#3565,(#3569,#3576),.PCURVE_S1.);
#3565 = LINE('',#3566,#3567);
#3566 = CARTESIAN_POINT('',(22.,3.767278593614E-16,1.5));
#3567 = VECTOR('',#3568,1.);
#3568 = DIRECTION('',(0.,0.,1.));
#3569 = PCURVE('',#3497,#3570);
#3570 = DEFINITIONAL_REPRESENTATION('',(#3571),#3575);
#3571 = LINE('',#3572,#3573);
#3572 = CARTESIAN_POINT('',(-6.28318530718,0.));
#3573 = VECTOR('',#3574,1.);
#3574 = DIRECTION('',(-0.,-1.));
#3575 = ( GEOMETRIC_REPRESENTATION_CONTEXT(2) 
PARAMETRIC_REPRESENTATION_CONTEXT() REPRESENTATION_CONTEXT('2D SPACE',''
  ) );
#3576 = PCURVE('',#3497,#3577);
#3577 = DEFINITIONAL_REPRESENTATION('',(#3578),#3582);
#3578 = LINE('',#3579,#3580);
#3579 = CARTESIAN_POINT('',(-0.,0.));
#3580 = VECTOR('',#3581,1.);
#3581 = DIRECTION('',(-0.,-1.));
#3582 = ( GEOMETRIC_REPRESENTATION_CONTEXT(2) 
PARAMETRIC_REPRESENTATION_CONTEXT() REPRESENTATION_CONTEXT('2D SPACE',''
  ) );
#3583 = ORIENTED_EDGE('',*,*,#3480,.T.);
#3584 = ORIENTED_EDGE('',*,*,#3585,.T.);
#3585 = EDGE_CURVE('',#3458,#3586,#3588,.T.);
#3586 = VERTEX_POINT('',#3587);
#3587 = CARTESIAN_POINT('',(7.604501987968,20.643922822831,2.));
#3588 = SURFACE_CURVE('',#3589,(#3593,#3599),.PCURVE_S1.);
#3589 = LINE('',#3590,#3591);
#3590 = CARTESIAN_POINT('',(7.604501987968,20.643922822831,1.5));
#3591 = VECTOR('',#3592,1.);
#3592 = DIRECTION('',(-0.,-0.,-1.));
#3593 = PCURVE('',#3497,#3594);
#3594 = DEFINITIONAL_REPRESENTATION('',(#3595),#3598);
#3595 = B_SPLINE_CURVE_WITH_KNOTS('',1,(#3596,#3597),.UNSPECIFIED.,.F.,
  .F.,(2,2),(-3.0000006,-0.25),.PIECEWISE_BEZIER_KNOTS.);
#3596 = CARTESIAN_POINT('',(-1.217855150324,-3.0000006));
#3597 = CARTESIAN_POINT('',(-1.217855150324,-0.25));
#3598 = ( GEOMETRIC_REPRESENTATION_CONTEXT(2) 
PARAMETRIC_REPRESENTATION_CONTEXT() REPRESENTATION_CONTEXT('2D SPACE',''
  ) );
#3599 = PCURVE('',#2014,#3600);
#3600 = DEFINITIONAL_REPRESENTATION('',(#3601),#3604);
#3601 = B_SPLINE_CURVE_WITH_KNOTS('',1,(#3602,#3603),.UNSPECIFIED.,.F.,
  .F.,(2,2),(-3.0000006,-0.25),.PIECEWISE_BEZIER_KNOTS.);
#3602 = CARTESIAN_POINT('',(22.,-2.5000006));
#3603 = CARTESIAN_POINT('',(22.,0.25));
#3604 = ( GEOMETRIC_REPRESENTATION_CONTEXT(2) 
PARAMETRIC_REPRESENTATION_CONTEXT() REPRESENTATION_CONTEXT('2D SPACE',''
  ) );
#3605 = ORIENTED_EDGE('',*,*,#3606,.F.);
#3606 = EDGE_CURVE('',#3607,#3586,#3609,.T.);
#3607 = VERTEX_POINT('',#3608);
#3608 = CARTESIAN_POINT('',(-7.604501987968,20.643922822831,2.));
#3609 = SURFACE_CURVE('',#3610,(#3615,#3622),.PCURVE_S1.);
#3610 = CIRCLE('',#3611,22.);
#3611 = AXIS2_PLACEMENT_3D('',#3612,#3613,#3614);
#3612 = CARTESIAN_POINT('',(1.184429399443E-13,3.767278593614E-16,2.));
#3613 = DIRECTION('',(0.,0.,-1.));
#3614 = DIRECTION('',(1.,0.,0.));
#3615 = PCURVE('',#3497,#3616);
#3616 = DEFINITIONAL_REPRESENTATION('',(#3617),#3621);
#3617 = LINE('',#3618,#3619);
#3618 = CARTESIAN_POINT('',(-6.28318530718,-0.5));
#3619 = VECTOR('',#3620,1.);
#3620 = DIRECTION('',(1.,-0.));
#3621 = ( GEOMETRIC_REPRESENTATION_CONTEXT(2) 
PARAMETRIC_REPRESENTATION_CONTEXT() REPRESENTATION_CONTEXT('2D SPACE',''
  ) );
#3622 = PCURVE('',#1723,#3623);
#3623 = DEFINITIONAL_REPRESENTATION('',(#3624),#3632);
#3624 = ( BOUNDED_CURVE() B_SPLINE_CURVE(2,(#3625,#3626,#3627,#3628,
#3629,#3630,#3631),.UNSPECIFIED.,.T.,.F.) B_SPLINE_CURVE_WITH_KNOTS((1,2
    ,2,2,2,1),(-2.094395102393,0.,2.094395102393,4.188790204786,
6.28318530718,8.377580409573),.UNSPECIFIED.) CURVE() 
GEOMETRIC_REPRESENTATION_ITEM() RATIONAL_B_SPLINE_CURVE((1.,0.5,1.,0.5,
1.,0.5,1.)) REPRESENTATION_ITEM('') );
#3625 = CARTESIAN_POINT('',(28.5,-24.5));
#3626 = CARTESIAN_POINT('',(28.5,-62.60511776651));
#3627 = CARTESIAN_POINT('',(-4.5,-43.55255888325));
#3628 = CARTESIAN_POINT('',(-37.5,-24.5));
#3629 = CARTESIAN_POINT('',(-4.5,-5.447441116742));
#3630 = CARTESIAN_POINT('',(28.5,13.605117766515));
#3631 = CARTESIAN_POINT('',(28.5,-24.5));
#3632 = ( GEOMETRIC_REPRESENTATION_CONTEXT(2) 
PARAMETRIC_REPRESENTATION_CONTEXT() REPRESENTATION_CONTEXT('2D SPACE',''
  ) );
#3633 = ORIENTED_EDGE('',*,*,#3634,.F.);
#3634 = EDGE_CURVE('',#3433,#3607,#3635,.T.);
#3635 = SURFACE_CURVE('',#3636,(#3640,#3646),.PCURVE_S1.);
#3636 = LINE('',#3637,#3638);
#3637 = CARTESIAN_POINT('',(-7.604501987968,20.643922822831,1.5));
#3638 = VECTOR('',#3639,1.);
#3639 = DIRECTION('',(-0.,-0.,-1.));
#3640 = PCURVE('',#3497,#3641);
#3641 = DEFINITIONAL_REPRESENTATION('',(#3642),#3645);
#3642 = B_SPLINE_CURVE_WITH_KNOTS('',1,(#3643,#3644),.UNSPECIFIED.,.F.,
  .F.,(2,2),(-3.0000006,-0.25),.PIECEWISE_BEZIER_KNOTS.);
#3643 = CARTESIAN_POINT('',(-1.923737503265,-3.0000006));
#3644 = CARTESIAN_POINT('',(-1.923737503265,-0.25));
#3645 = ( GEOMETRIC_REPRESENTATION_CONTEXT(2) 
PARAMETRIC_REPRESENTATION_CONTEXT() REPRESENTATION_CONTEXT('2D SPACE',''
  ) );
#3646 = PCURVE('',#2147,#3647);
#3647 = DEFINITIONAL_REPRESENTATION('',(#3648),#3651);
#3648 = B_SPLINE_CURVE_WITH_KNOTS('',1,(#3649,#3650),.UNSPECIFIED.,.F.,
  .F.,(2,2),(-3.0000006,-0.25),.PIECEWISE_BEZIER_KNOTS.);
#3649 = CARTESIAN_POINT('',(3.1,-2.5000006));
#3650 = CARTESIAN_POINT('',(3.1,0.25));
#3651 = ( GEOMETRIC_REPRESENTATION_CONTEXT(2) 
PARAMETRIC_REPRESENTATION_CONTEXT() REPRESENTATION_CONTEXT('2D SPACE',''
  ) );
#3652 = ORIENTED_EDGE('',*,*,#3509,.T.);
#3653 = ORIENTED_EDGE('',*,*,#3563,.F.);
#3654 = ADVANCED_FACE('',(#3655,#3686),#3551,.F.);
#3655 = FACE_BOUND('',#3656,.F.);
#3656 = EDGE_LOOP('',(#3657));
#3657 = ORIENTED_EDGE('',*,*,#3658,.T.);
#3658 = EDGE_CURVE('',#3659,#3659,#3661,.T.);
#3659 = VERTEX_POINT('',#3660);
#3660 = CARTESIAN_POINT('',(24.,3.767278593614E-16,1.5));
#3661 = SURFACE_CURVE('',#3662,(#3667,#3674),.PCURVE_S1.);
#3662 = CIRCLE('',#3663,24.);
#3663 = AXIS2_PLACEMENT_3D('',#3664,#3665,#3666);
#3664 = CARTESIAN_POINT('',(1.184429399443E-13,3.767278593614E-16,1.5));
#3665 = DIRECTION('',(0.,0.,1.));
#3666 = DIRECTION('',(1.,0.,0.));
#3667 = PCURVE('',#3551,#3668);
#3668 = DEFINITIONAL_REPRESENTATION('',(#3669),#3673);
#3669 = CIRCLE('',#3670,24.);
#3670 = AXIS2_PLACEMENT_2D('',#3671,#3672);
#3671 = CARTESIAN_POINT('',(1.210631845096E-13,-2.094351483811E-15));
#3672 = DIRECTION('',(1.,0.));
#3673 = ( GEOMETRIC_REPRESENTATION_CONTEXT(2) 
PARAMETRIC_REPRESENTATION_CONTEXT() REPRESENTATION_CONTEXT('2D SPACE',''
  ) );
#3674 = PCURVE('',#3675,#3680);
#3675 = CYLINDRICAL_SURFACE('',#3676,24.);
#3676 = AXIS2_PLACEMENT_3D('',#3677,#3678,#3679);
#3677 = CARTESIAN_POINT('',(1.184429399443E-13,3.767278593614E-16,0.5));
#3678 = DIRECTION('',(-0.,-0.,-1.));
#3679 = DIRECTION('',(1.,0.,0.));
#3680 = DEFINITIONAL_REPRESENTATION('',(#3681),#3685);
#3681 = LINE('',#3682,#3683);
#3682 = CARTESIAN_POINT('',(-0.,-1.));
#3683 = VECTOR('',#3684,1.);
#3684 = DIRECTION('',(-1.,0.));
#3685 = ( GEOMETRIC_REPRESENTATION_CONTEXT(2) 
PARAMETRIC_REPRESENTATION_CONTEXT() REPRESENTATION_CONTEXT('2D SPACE',''
  ) );
#3686 = FACE_BOUND('',#3687,.F.);
#3687 = EDGE_LOOP('',(#3688));
#3688 = ORIENTED_EDGE('',*,*,#3534,.F.);
#3689 = ADVANCED_FACE('',(#3690),#3675,.F.);
#3690 = FACE_BOUND('',#3691,.T.);
#3691 = EDGE_LOOP('',(#3692,#3715,#3716,#3717));
#3692 = ORIENTED_EDGE('',*,*,#3693,.T.);
#3693 = EDGE_CURVE('',#3694,#3659,#3696,.T.);
#3694 = VERTEX_POINT('',#3695);
#3695 = CARTESIAN_POINT('',(24.,3.767278593614E-16,0.5));
#3696 = SEAM_CURVE('',#3697,(#3701,#3708),.PCURVE_S1.);
#3697 = LINE('',#3698,#3699);
#3698 = CARTESIAN_POINT('',(24.,3.767278593614E-16,0.5));
#3699 = VECTOR('',#3700,1.);
#3700 = DIRECTION('',(0.,0.,1.));
#3701 = PCURVE('',#3675,#3702);
#3702 = DEFINITIONAL_REPRESENTATION('',(#3703),#3707);
#3703 = LINE('',#3704,#3705);
#3704 = CARTESIAN_POINT('',(-0.,0.));
#3705 = VECTOR('',#3706,1.);
#3706 = DIRECTION('',(-0.,-1.));
#3707 = ( GEOMETRIC_REPRESENTATION_CONTEXT(2) 
PARAMETRIC_REPRESENTATION_CONTEXT() REPRESENTATION_CONTEXT('2D SPACE',''
  ) );
#3708 = PCURVE('',#3675,#3709);
#3709 = DEFINITIONAL_REPRESENTATION('',(#3710),#3714);
#3710 = LINE('',#3711,#3712);
#3711 = CARTESIAN_POINT('',(-6.28318530718,0.));
#3712 = VECTOR('',#3713,1.);
#3713 = DIRECTION('',(-0.,-1.));
#3714 = ( GEOMETRIC_REPRESENTATION_CONTEXT(2) 
PARAMETRIC_REPRESENTATION_CONTEXT() REPRESENTATION_CONTEXT('2D SPACE',''
  ) );
#3715 = ORIENTED_EDGE('',*,*,#3658,.T.);
#3716 = ORIENTED_EDGE('',*,*,#3693,.F.);
#3717 = ORIENTED_EDGE('',*,*,#3718,.F.);
#3718 = EDGE_CURVE('',#3694,#3694,#3719,.T.);
#3719 = SURFACE_CURVE('',#3720,(#3725,#3732),.PCURVE_S1.);
#3720 = CIRCLE('',#3721,24.);
#3721 = AXIS2_PLACEMENT_3D('',#3722,#3723,#3724);
#3722 = CARTESIAN_POINT('',(1.184429399443E-13,3.767278593614E-16,0.5));
#3723 = DIRECTION('',(0.,0.,1.));
#3724 = DIRECTION('',(1.,0.,0.));
#3725 = PCURVE('',#3675,#3726);
#3726 = DEFINITIONAL_REPRESENTATION('',(#3727),#3731);
#3727 = LINE('',#3728,#3729);
#3728 = CARTESIAN_POINT('',(-0.,0.));
#3729 = VECTOR('',#3730,1.);
#3730 = DIRECTION('',(-1.,0.));
#3731 = ( GEOMETRIC_REPRESENTATION_CONTEXT(2) 
PARAMETRIC_REPRESENTATION_CONTEXT() REPRESENTATION_CONTEXT('2D SPACE',''
  ) );
#3732 = PCURVE('',#3733,#3738);
#3733 = PLANE('',#3734);
#3734 = AXIS2_PLACEMENT_3D('',#3735,#3736,#3737);
#3735 = CARTESIAN_POINT('',(-2.620244565345E-15,2.471079343172E-15,0.5)
  );
#3736 = DIRECTION('',(0.,0.,1.));
#3737 = DIRECTION('',(1.,0.,-0.));
#3738 = DEFINITIONAL_REPRESENTATION('',(#3739),#3743);
#3739 = CIRCLE('',#3740,24.);
#3740 = AXIS2_PLACEMENT_2D('',#3741,#3742);
#3741 = CARTESIAN_POINT('',(1.210631845096E-13,-2.094351483811E-15));
#3742 = DIRECTION('',(1.,0.));
#3743 = ( GEOMETRIC_REPRESENTATION_CONTEXT(2) 
PARAMETRIC_REPRESENTATION_CONTEXT() REPRESENTATION_CONTEXT('2D SPACE',''
  ) );
#3744 = ADVANCED_FACE('',(#3745,#3780),#3733,.F.);
#3745 = FACE_BOUND('',#3746,.F.);
#3746 = EDGE_LOOP('',(#3747));
#3747 = ORIENTED_EDGE('',*,*,#3748,.F.);
#3748 = EDGE_CURVE('',#3749,#3749,#3751,.T.);
#3749 = VERTEX_POINT('',#3750);
#3750 = CARTESIAN_POINT('',(25.,-1.432215206943E-15,0.5));
#3751 = SURFACE_CURVE('',#3752,(#3757,#3768),.PCURVE_S1.);
#3752 = CIRCLE('',#3753,25.);
#3753 = AXIS2_PLACEMENT_3D('',#3754,#3755,#3756);
#3754 = CARTESIAN_POINT('',(1.206597174321E-13,-1.432215206943E-15,0.5)
  );
#3755 = DIRECTION('',(0.,0.,-1.));
#3756 = DIRECTION('',(1.,0.,0.));
#3757 = PCURVE('',#3733,#3758);
#3758 = DEFINITIONAL_REPRESENTATION('',(#3759),#3767);
#3759 = ( BOUNDED_CURVE() B_SPLINE_CURVE(2,(#3760,#3761,#3762,#3763,
#3764,#3765,#3766),.UNSPECIFIED.,.T.,.F.) B_SPLINE_CURVE_WITH_KNOTS((1,2
    ,2,2,2,1),(-2.094395102393,0.,2.094395102393,4.188790204786,
6.28318530718,8.377580409573),.UNSPECIFIED.) CURVE() 
GEOMETRIC_REPRESENTATION_ITEM() RATIONAL_B_SPLINE_CURVE((1.,0.5,1.,0.5,
1.,0.5,1.)) REPRESENTATION_ITEM('') );
#3760 = CARTESIAN_POINT('',(25.,-3.903294550115E-15));
#3761 = CARTESIAN_POINT('',(25.,-43.30127018922));
#3762 = CARTESIAN_POINT('',(-12.5,-21.65063509461));
#3763 = CARTESIAN_POINT('',(-50.,-1.002652854585E-14));
#3764 = CARTESIAN_POINT('',(-12.5,21.650635094611));
#3765 = CARTESIAN_POINT('',(25.,43.301270189222));
#3766 = CARTESIAN_POINT('',(25.,-3.903294550115E-15));
#3767 = ( GEOMETRIC_REPRESENTATION_CONTEXT(2) 
PARAMETRIC_REPRESENTATION_CONTEXT() REPRESENTATION_CONTEXT('2D SPACE',''
  ) );
#3768 = PCURVE('',#3769,#3774);
#3769 = CYLINDRICAL_SURFACE('',#3770,25.);
#3770 = AXIS2_PLACEMENT_3D('',#3771,#3772,#3773);
#3771 = CARTESIAN_POINT('',(1.206597174321E-13,-1.432215206943E-15,0.));
#3772 = DIRECTION('',(-0.,-0.,-1.));
#3773 = DIRECTION('',(1.,0.,0.));
#3774 = DEFINITIONAL_REPRESENTATION('',(#3775),#3779);
#3775 = LINE('',#3776,#3777);
#3776 = CARTESIAN_POINT('',(-6.28318530718,-0.5));
#3777 = VECTOR('',#3778,1.);
#3778 = DIRECTION('',(1.,-0.));
#3779 = ( GEOMETRIC_REPRESENTATION_CONTEXT(2) 
PARAMETRIC_REPRESENTATION_CONTEXT() REPRESENTATION_CONTEXT('2D SPACE',''
  ) );
#3780 = FACE_BOUND('',#3781,.F.);
#3781 = EDGE_LOOP('',(#3782));
#3782 = ORIENTED_EDGE('',*,*,#3718,.F.);
#3783 = ADVANCED_FACE('',(#3784),#3769,.F.);
#3784 = FACE_BOUND('',#3785,.T.);
#3785 = EDGE_LOOP('',(#3786,#3810,#3831,#3832));
#3786 = ORIENTED_EDGE('',*,*,#3787,.F.);
#3787 = EDGE_CURVE('',#3788,#3788,#3790,.T.);
#3788 = VERTEX_POINT('',#3789);
#3789 = CARTESIAN_POINT('',(25.,-1.432215206943E-15,0.));
#3790 = SURFACE_CURVE('',#3791,(#3796,#3803),.PCURVE_S1.);
#3791 = CIRCLE('',#3792,25.);
#3792 = AXIS2_PLACEMENT_3D('',#3793,#3794,#3795);
#3793 = CARTESIAN_POINT('',(1.206597174321E-13,-1.432215206943E-15,0.));
#3794 = DIRECTION('',(0.,0.,1.));
#3795 = DIRECTION('',(1.,0.,0.));
#3796 = PCURVE('',#3769,#3797);
#3797 = DEFINITIONAL_REPRESENTATION('',(#3798),#3802);
#3798 = LINE('',#3799,#3800);
#3799 = CARTESIAN_POINT('',(-0.,0.));
#3800 = VECTOR('',#3801,1.);
#3801 = DIRECTION('',(-1.,0.));
#3802 = ( GEOMETRIC_REPRESENTATION_CONTEXT(2) 
PARAMETRIC_REPRESENTATION_CONTEXT() REPRESENTATION_CONTEXT('2D SPACE',''
  ) );
#3803 = PCURVE('',#66,#3804);
#3804 = DEFINITIONAL_REPRESENTATION('',(#3805),#3809);
#3805 = CIRCLE('',#3806,25.);
#3806 = AXIS2_PLACEMENT_2D('',#3807,#3808);
#3807 = CARTESIAN_POINT('',(1.223757207357E-13,-2.107268731247E-15));
#3808 = DIRECTION('',(1.,0.));
#3809 = ( GEOMETRIC_REPRESENTATION_CONTEXT(2) 
PARAMETRIC_REPRESENTATION_CONTEXT() REPRESENTATION_CONTEXT('2D SPACE',''
  ) );
#3810 = ORIENTED_EDGE('',*,*,#3811,.T.);
#3811 = EDGE_CURVE('',#3788,#3749,#3812,.T.);
#3812 = SEAM_CURVE('',#3813,(#3817,#3824),.PCURVE_S1.);
#3813 = LINE('',#3814,#3815);
#3814 = CARTESIAN_POINT('',(25.,-1.432215206943E-15,0.));
#3815 = VECTOR('',#3816,1.);
#3816 = DIRECTION('',(0.,0.,1.));
#3817 = PCURVE('',#3769,#3818);
#3818 = DEFINITIONAL_REPRESENTATION('',(#3819),#3823);
#3819 = LINE('',#3820,#3821);
#3820 = CARTESIAN_POINT('',(-6.28318530718,0.));
#3821 = VECTOR('',#3822,1.);
#3822 = DIRECTION('',(-0.,-1.));
#3823 = ( GEOMETRIC_REPRESENTATION_CONTEXT(2) 
PARAMETRIC_REPRESENTATION_CONTEXT() REPRESENTATION_CONTEXT('2D SPACE',''
  ) );
#3824 = PCURVE('',#3769,#3825);
#3825 = DEFINITIONAL_REPRESENTATION('',(#3826),#3830);
#3826 = LINE('',#3827,#3828);
#3827 = CARTESIAN_POINT('',(-0.,0.));
#3828 = VECTOR('',#3829,1.);
#3829 = DIRECTION('',(-0.,-1.));
#3830 = ( GEOMETRIC_REPRESENTATION_CONTEXT(2) 
PARAMETRIC_REPRESENTATION_CONTEXT() REPRESENTATION_CONTEXT('2D SPACE',''
  ) );
#3831 = ORIENTED_EDGE('',*,*,#3748,.F.);
#3832 = ORIENTED_EDGE('',*,*,#3811,.F.);
#3833 = ADVANCED_FACE('',(#3834),#2147,.T.);
#3834 = FACE_BOUND('',#3835,.T.);
#3835 = EDGE_LOOP('',(#3836,#3857,#3858,#3859));
#3836 = ORIENTED_EDGE('',*,*,#3837,.F.);
#3837 = EDGE_CURVE('',#2133,#3607,#3838,.T.);
#3838 = SURFACE_CURVE('',#3839,(#3843,#3850),.PCURVE_S1.);
#3839 = LINE('',#3840,#3841);
#3840 = CARTESIAN_POINT('',(-8.676045449909,23.552839220593,2.));
#3841 = VECTOR('',#3842,1.);
#3842 = DIRECTION('',(0.345659181271,-0.93836012831,0.));
#3843 = PCURVE('',#2147,#3844);
#3844 = DEFINITIONAL_REPRESENTATION('',(#3845),#3849);
#3845 = LINE('',#3846,#3847);
#3846 = CARTESIAN_POINT('',(0.,0.));
#3847 = VECTOR('',#3848,1.);
#3848 = DIRECTION('',(1.,0.));
#3849 = ( GEOMETRIC_REPRESENTATION_CONTEXT(2) 
PARAMETRIC_REPRESENTATION_CONTEXT() REPRESENTATION_CONTEXT('2D SPACE',''
  ) );
#3850 = PCURVE('',#1723,#3851);
#3851 = DEFINITIONAL_REPRESENTATION('',(#3852),#3856);
#3852 = LINE('',#3853,#3854);
#3853 = CARTESIAN_POINT('',(-2.176045449909,-0.947160779407));
#3854 = VECTOR('',#3855,1.);
#3855 = DIRECTION('',(0.345659181271,-0.93836012831));
#3856 = ( GEOMETRIC_REPRESENTATION_CONTEXT(2) 
PARAMETRIC_REPRESENTATION_CONTEXT() REPRESENTATION_CONTEXT('2D SPACE',''
  ) );
#3857 = ORIENTED_EDGE('',*,*,#2132,.F.);
#3858 = ORIENTED_EDGE('',*,*,#3432,.T.);
#3859 = ORIENTED_EDGE('',*,*,#3634,.T.);
#3860 = ADVANCED_FACE('',(#3861),#2228,.T.);
#3861 = FACE_BOUND('',#3862,.T.);
#3862 = EDGE_LOOP('',(#3863,#3886,#3887,#3910,#3938,#3961));
#3863 = ORIENTED_EDGE('',*,*,#3864,.F.);
#3864 = EDGE_CURVE('',#2214,#3865,#3867,.T.);
#3865 = VERTEX_POINT('',#3866);
#3866 = CARTESIAN_POINT('',(6.04,24.5,2.));
#3867 = SURFACE_CURVE('',#3868,(#3872,#3879),.PCURVE_S1.);
#3868 = LINE('',#3869,#3870);
#3869 = CARTESIAN_POINT('',(-6.5,24.5,2.));
#3870 = VECTOR('',#3871,1.);
#3871 = DIRECTION('',(1.,0.,0.));
#3872 = PCURVE('',#2228,#3873);
#3873 = DEFINITIONAL_REPRESENTATION('',(#3874),#3878);
#3874 = LINE('',#3875,#3876);
#3875 = CARTESIAN_POINT('',(0.,0.));
#3876 = VECTOR('',#3877,1.);
#3877 = DIRECTION('',(0.,1.));
#3878 = ( GEOMETRIC_REPRESENTATION_CONTEXT(2) 
PARAMETRIC_REPRESENTATION_CONTEXT() REPRESENTATION_CONTEXT('2D SPACE',''
  ) );
#3879 = PCURVE('',#1723,#3880);
#3880 = DEFINITIONAL_REPRESENTATION('',(#3881),#3885);
#3881 = LINE('',#3882,#3883);
#3882 = CARTESIAN_POINT('',(0.,0.));
#3883 = VECTOR('',#3884,1.);
#3884 = DIRECTION('',(1.,0.));
#3885 = ( GEOMETRIC_REPRESENTATION_CONTEXT(2) 
PARAMETRIC_REPRESENTATION_CONTEXT() REPRESENTATION_CONTEXT('2D SPACE',''
  ) );
#3886 = ORIENTED_EDGE('',*,*,#2213,.F.);
#3887 = ORIENTED_EDGE('',*,*,#3888,.T.);
#3888 = EDGE_CURVE('',#2186,#3889,#3891,.T.);
#3889 = VERTEX_POINT('',#3890);
#3890 = CARTESIAN_POINT('',(6.04,24.5,4.));
#3891 = SURFACE_CURVE('',#3892,(#3896,#3903),.PCURVE_S1.);
#3892 = LINE('',#3893,#3894);
#3893 = CARTESIAN_POINT('',(-6.5,24.5,4.));
#3894 = VECTOR('',#3895,1.);
#3895 = DIRECTION('',(1.,0.,0.));
#3896 = PCURVE('',#2228,#3897);
#3897 = DEFINITIONAL_REPRESENTATION('',(#3898),#3902);
#3898 = LINE('',#3899,#3900);
#3899 = CARTESIAN_POINT('',(2.,0.));
#3900 = VECTOR('',#3901,1.);
#3901 = DIRECTION('',(0.,1.));
#3902 = ( GEOMETRIC_REPRESENTATION_CONTEXT(2) 
PARAMETRIC_REPRESENTATION_CONTEXT() REPRESENTATION_CONTEXT('2D SPACE',''
  ) );
#3903 = PCURVE('',#1554,#3904);
#3904 = DEFINITIONAL_REPRESENTATION('',(#3905),#3909);
#3905 = LINE('',#3906,#3907);
#3906 = CARTESIAN_POINT('',(0.,0.));
#3907 = VECTOR('',#3908,1.);
#3908 = DIRECTION('',(1.,0.));
#3909 = ( GEOMETRIC_REPRESENTATION_CONTEXT(2) 
PARAMETRIC_REPRESENTATION_CONTEXT() REPRESENTATION_CONTEXT('2D SPACE',''
  ) );
#3910 = ORIENTED_EDGE('',*,*,#3911,.F.);
#3911 = EDGE_CURVE('',#3912,#3889,#3914,.T.);
#3912 = VERTEX_POINT('',#3913);
#3913 = CARTESIAN_POINT('',(6.5,24.5,3.54));
#3914 = SURFACE_CURVE('',#3915,(#3920,#3931),.PCURVE_S1.);
#3915 = CIRCLE('',#3916,0.46);
#3916 = AXIS2_PLACEMENT_3D('',#3917,#3918,#3919);
#3917 = CARTESIAN_POINT('',(6.04,24.5,3.54));
#3918 = DIRECTION('',(0.,-1.,0.));
#3919 = DIRECTION('',(0.,0.,1.));
#3920 = PCURVE('',#2228,#3921);
#3921 = DEFINITIONAL_REPRESENTATION('',(#3922),#3930);
#3922 = ( BOUNDED_CURVE() B_SPLINE_CURVE(2,(#3923,#3924,#3925,#3926,
#3927,#3928,#3929),.UNSPECIFIED.,.T.,.F.) B_SPLINE_CURVE_WITH_KNOTS((1,2
    ,2,2,2,1),(-2.094395102393,0.,2.094395102393,4.188790204786,
6.28318530718,8.377580409573),.UNSPECIFIED.) CURVE() 
GEOMETRIC_REPRESENTATION_ITEM() RATIONAL_B_SPLINE_CURVE((1.,0.5,1.,0.5,
1.,0.5,1.)) REPRESENTATION_ITEM('') );
#3923 = CARTESIAN_POINT('',(2.,12.54));
#3924 = CARTESIAN_POINT('',(2.,11.743256628518));
#3925 = CARTESIAN_POINT('',(1.31,12.141628314259));
#3926 = CARTESIAN_POINT('',(0.62,12.54));
#3927 = CARTESIAN_POINT('',(1.31,12.938371685741));
#3928 = CARTESIAN_POINT('',(2.,13.336743371482));
#3929 = CARTESIAN_POINT('',(2.,12.54));
#3930 = ( GEOMETRIC_REPRESENTATION_CONTEXT(2) 
PARAMETRIC_REPRESENTATION_CONTEXT() REPRESENTATION_CONTEXT('2D SPACE',''
  ) );
#3931 = PCURVE('',#1604,#3932);
#3932 = DEFINITIONAL_REPRESENTATION('',(#3933),#3937);
#3933 = LINE('',#3934,#3935);
#3934 = CARTESIAN_POINT('',(4.712388980385,-0.));
#3935 = VECTOR('',#3936,1.);
#3936 = DIRECTION('',(-1.,0.));
#3937 = ( GEOMETRIC_REPRESENTATION_CONTEXT(2) 
PARAMETRIC_REPRESENTATION_CONTEXT() REPRESENTATION_CONTEXT('2D SPACE',''
  ) );
#3938 = ORIENTED_EDGE('',*,*,#3939,.F.);
#3939 = EDGE_CURVE('',#3940,#3912,#3942,.T.);
#3940 = VERTEX_POINT('',#3941);
#3941 = CARTESIAN_POINT('',(6.5,24.5,2.46));
#3942 = SURFACE_CURVE('',#3943,(#3947,#3954),.PCURVE_S1.);
#3943 = LINE('',#3944,#3945);
#3944 = CARTESIAN_POINT('',(6.5,24.5,2.));
#3945 = VECTOR('',#3946,1.);
#3946 = DIRECTION('',(0.,0.,1.));
#3947 = PCURVE('',#2228,#3948);
#3948 = DEFINITIONAL_REPRESENTATION('',(#3949),#3953);
#3949 = LINE('',#3950,#3951);
#3950 = CARTESIAN_POINT('',(0.,13.));
#3951 = VECTOR('',#3952,1.);
#3952 = DIRECTION('',(1.,0.));
#3953 = ( GEOMETRIC_REPRESENTATION_CONTEXT(2) 
PARAMETRIC_REPRESENTATION_CONTEXT() REPRESENTATION_CONTEXT('2D SPACE',''
  ) );
#3954 = PCURVE('',#1640,#3955);
#3955 = DEFINITIONAL_REPRESENTATION('',(#3956),#3960);
#3956 = LINE('',#3957,#3958);
#3957 = CARTESIAN_POINT('',(0.,0.));
#3958 = VECTOR('',#3959,1.);
#3959 = DIRECTION('',(1.,0.));
#3960 = ( GEOMETRIC_REPRESENTATION_CONTEXT(2) 
PARAMETRIC_REPRESENTATION_CONTEXT() REPRESENTATION_CONTEXT('2D SPACE',''
  ) );
#3961 = ORIENTED_EDGE('',*,*,#3962,.T.);
#3962 = EDGE_CURVE('',#3940,#3865,#3963,.T.);
#3963 = SURFACE_CURVE('',#3964,(#3969,#3976),.PCURVE_S1.);
#3964 = CIRCLE('',#3965,0.46);
#3965 = AXIS2_PLACEMENT_3D('',#3966,#3967,#3968);
#3966 = CARTESIAN_POINT('',(6.04,24.5,2.46));
#3967 = DIRECTION('',(0.,1.,0.));
#3968 = DIRECTION('',(0.,0.,1.));
#3969 = PCURVE('',#2228,#3970);
#3970 = DEFINITIONAL_REPRESENTATION('',(#3971),#3975);
#3971 = CIRCLE('',#3972,0.46);
#3972 = AXIS2_PLACEMENT_2D('',#3973,#3974);
#3973 = CARTESIAN_POINT('',(0.46,12.54));
#3974 = DIRECTION('',(1.,0.));
#3975 = ( GEOMETRIC_REPRESENTATION_CONTEXT(2) 
PARAMETRIC_REPRESENTATION_CONTEXT() REPRESENTATION_CONTEXT('2D SPACE',''
  ) );
#3976 = PCURVE('',#1685,#3977);
#3977 = DEFINITIONAL_REPRESENTATION('',(#3978),#3982);
#3978 = LINE('',#3979,#3980);
#3979 = CARTESIAN_POINT('',(-1.570796326795,0.));
#3980 = VECTOR('',#3981,1.);
#3981 = DIRECTION('',(1.,0.));
#3982 = ( GEOMETRIC_REPRESENTATION_CONTEXT(2) 
PARAMETRIC_REPRESENTATION_CONTEXT() REPRESENTATION_CONTEXT('2D SPACE',''
  ) );
#3983 = ADVANCED_FACE('',(#3984),#2014,.T.);
#3984 = FACE_BOUND('',#3985,.T.);
#3985 = EDGE_LOOP('',(#3986,#4007,#4008,#4009));
#3986 = ORIENTED_EDGE('',*,*,#3987,.F.);
#3987 = EDGE_CURVE('',#3586,#2000,#3988,.T.);
#3988 = SURFACE_CURVE('',#3989,(#3993,#4000),.PCURVE_S1.);
#3989 = LINE('',#3990,#3991);
#3990 = CARTESIAN_POINT('',(0.,0.,2.));
#3991 = VECTOR('',#3992,1.);
#3992 = DIRECTION('',(0.345659181271,0.93836012831,0.));
#3993 = PCURVE('',#2014,#3994);
#3994 = DEFINITIONAL_REPRESENTATION('',(#3995),#3999);
#3995 = LINE('',#3996,#3997);
#3996 = CARTESIAN_POINT('',(0.,0.));
#3997 = VECTOR('',#3998,1.);
#3998 = DIRECTION('',(1.,0.));
#3999 = ( GEOMETRIC_REPRESENTATION_CONTEXT(2) 
PARAMETRIC_REPRESENTATION_CONTEXT() REPRESENTATION_CONTEXT('2D SPACE',''
  ) );
#4000 = PCURVE('',#1723,#4001);
#4001 = DEFINITIONAL_REPRESENTATION('',(#4002),#4006);
#4002 = LINE('',#4003,#4004);
#4003 = CARTESIAN_POINT('',(6.5,-24.5));
#4004 = VECTOR('',#4005,1.);
#4005 = DIRECTION('',(0.345659181271,0.93836012831));
#4006 = ( GEOMETRIC_REPRESENTATION_CONTEXT(2) 
PARAMETRIC_REPRESENTATION_CONTEXT() REPRESENTATION_CONTEXT('2D SPACE',''
  ) );
#4007 = ORIENTED_EDGE('',*,*,#3585,.F.);
#4008 = ORIENTED_EDGE('',*,*,#3457,.T.);
#4009 = ORIENTED_EDGE('',*,*,#1997,.T.);
#4010 = ADVANCED_FACE('',(#4011),#1723,.T.);
#4011 = FACE_BOUND('',#4012,.T.);
#4012 = EDGE_LOOP('',(#4013,#4014,#4015,#4016,#4017,#4018,#4019,#4020,
    #4021,#4022));
#4013 = ORIENTED_EDGE('',*,*,#1706,.F.);
#4014 = ORIENTED_EDGE('',*,*,#1851,.F.);
#4015 = ORIENTED_EDGE('',*,*,#1876,.T.);
#4016 = ORIENTED_EDGE('',*,*,#2158,.F.);
#4017 = ORIENTED_EDGE('',*,*,#3837,.T.);
#4018 = ORIENTED_EDGE('',*,*,#3606,.T.);
#4019 = ORIENTED_EDGE('',*,*,#3987,.T.);
#4020 = ORIENTED_EDGE('',*,*,#2239,.F.);
#4021 = ORIENTED_EDGE('',*,*,#3864,.T.);
#4022 = ORIENTED_EDGE('',*,*,#4023,.T.);
#4023 = EDGE_CURVE('',#3865,#1652,#4024,.T.);
#4024 = SURFACE_CURVE('',#4025,(#4029,#4036),.PCURVE_S1.);
#4025 = LINE('',#4026,#4027);
#4026 = CARTESIAN_POINT('',(6.04,24.5,2.));
#4027 = VECTOR('',#4028,1.);
#4028 = DIRECTION('',(0.,1.,0.));
#4029 = PCURVE('',#1723,#4030);
#4030 = DEFINITIONAL_REPRESENTATION('',(#4031),#4035);
#4031 = LINE('',#4032,#4033);
#4032 = CARTESIAN_POINT('',(12.54,0.));
#4033 = VECTOR('',#4034,1.);
#4034 = DIRECTION('',(0.,1.));
#4035 = ( GEOMETRIC_REPRESENTATION_CONTEXT(2) 
PARAMETRIC_REPRESENTATION_CONTEXT() REPRESENTATION_CONTEXT('2D SPACE',''
  ) );
#4036 = PCURVE('',#1685,#4037);
#4037 = DEFINITIONAL_REPRESENTATION('',(#4038),#4042);
#4038 = LINE('',#4039,#4040);
#4039 = CARTESIAN_POINT('',(1.570796326795,0.));
#4040 = VECTOR('',#4041,1.);
#4041 = DIRECTION('',(0.,1.));
#4042 = ( GEOMETRIC_REPRESENTATION_CONTEXT(2) 
PARAMETRIC_REPRESENTATION_CONTEXT() REPRESENTATION_CONTEXT('2D SPACE',''
  ) );
#4043 = ADVANCED_FACE('',(#4044),#1685,.F.);
#4044 = FACE_BOUND('',#4045,.F.);
#4045 = EDGE_LOOP('',(#4046,#4067,#4068,#4069));
#4046 = ORIENTED_EDGE('',*,*,#4047,.F.);
#4047 = EDGE_CURVE('',#3940,#1626,#4048,.T.);
#4048 = SURFACE_CURVE('',#4049,(#4053,#4060),.PCURVE_S1.);
#4049 = LINE('',#4050,#4051);
#4050 = CARTESIAN_POINT('',(6.5,24.5,2.46));
#4051 = VECTOR('',#4052,1.);
#4052 = DIRECTION('',(0.,1.,0.));
#4053 = PCURVE('',#1685,#4054);
#4054 = DEFINITIONAL_REPRESENTATION('',(#4055),#4059);
#4055 = LINE('',#4056,#4057);
#4056 = CARTESIAN_POINT('',(0.,0.));
#4057 = VECTOR('',#4058,1.);
#4058 = DIRECTION('',(0.,1.));
#4059 = ( GEOMETRIC_REPRESENTATION_CONTEXT(2) 
PARAMETRIC_REPRESENTATION_CONTEXT() REPRESENTATION_CONTEXT('2D SPACE',''
  ) );
#4060 = PCURVE('',#1640,#4061);
#4061 = DEFINITIONAL_REPRESENTATION('',(#4062),#4066);
#4062 = LINE('',#4063,#4064);
#4063 = CARTESIAN_POINT('',(0.46,0.));
#4064 = VECTOR('',#4065,1.);
#4065 = DIRECTION('',(0.,-1.));
#4066 = ( GEOMETRIC_REPRESENTATION_CONTEXT(2) 
PARAMETRIC_REPRESENTATION_CONTEXT() REPRESENTATION_CONTEXT('2D SPACE',''
  ) );
#4067 = ORIENTED_EDGE('',*,*,#3962,.T.);
#4068 = ORIENTED_EDGE('',*,*,#4023,.T.);
#4069 = ORIENTED_EDGE('',*,*,#1651,.F.);
#4070 = ADVANCED_FACE('',(#4071),#1640,.F.);
#4071 = FACE_BOUND('',#4072,.F.);
#4072 = EDGE_LOOP('',(#4073,#4074,#4075,#4076));
#4073 = ORIENTED_EDGE('',*,*,#3939,.F.);
#4074 = ORIENTED_EDGE('',*,*,#4047,.T.);
#4075 = ORIENTED_EDGE('',*,*,#1625,.F.);
#4076 = ORIENTED_EDGE('',*,*,#4077,.F.);
#4077 = EDGE_CURVE('',#3912,#1571,#4078,.T.);
#4078 = SURFACE_CURVE('',#4079,(#4083,#4090),.PCURVE_S1.);
#4079 = LINE('',#4080,#4081);
#4080 = CARTESIAN_POINT('',(6.5,24.5,3.54));
#4081 = VECTOR('',#4082,1.);
#4082 = DIRECTION('',(0.,1.,0.));
#4083 = PCURVE('',#1640,#4084);
#4084 = DEFINITIONAL_REPRESENTATION('',(#4085),#4089);
#4085 = LINE('',#4086,#4087);
#4086 = CARTESIAN_POINT('',(1.54,0.));
#4087 = VECTOR('',#4088,1.);
#4088 = DIRECTION('',(0.,-1.));
#4089 = ( GEOMETRIC_REPRESENTATION_CONTEXT(2) 
PARAMETRIC_REPRESENTATION_CONTEXT() REPRESENTATION_CONTEXT('2D SPACE',''
  ) );
#4090 = PCURVE('',#1604,#4091);
#4091 = DEFINITIONAL_REPRESENTATION('',(#4092),#4096);
#4092 = LINE('',#4093,#4094);
#4093 = CARTESIAN_POINT('',(-0.,0.));
#4094 = VECTOR('',#4095,1.);
#4095 = DIRECTION('',(-0.,1.));
#4096 = ( GEOMETRIC_REPRESENTATION_CONTEXT(2) 
PARAMETRIC_REPRESENTATION_CONTEXT() REPRESENTATION_CONTEXT('2D SPACE',''
  ) );
#4097 = ADVANCED_FACE('',(#4098),#1604,.F.);
#4098 = FACE_BOUND('',#4099,.T.);
#4099 = EDGE_LOOP('',(#4100,#4101,#4102,#4123));
#4100 = ORIENTED_EDGE('',*,*,#4077,.F.);
#4101 = ORIENTED_EDGE('',*,*,#3911,.T.);
#4102 = ORIENTED_EDGE('',*,*,#4103,.T.);
#4103 = EDGE_CURVE('',#3889,#1538,#4104,.T.);
#4104 = SURFACE_CURVE('',#4105,(#4109,#4116),.PCURVE_S1.);
#4105 = LINE('',#4106,#4107);
#4106 = CARTESIAN_POINT('',(6.04,24.5,4.));
#4107 = VECTOR('',#4108,1.);
#4108 = DIRECTION('',(0.,1.,0.));
#4109 = PCURVE('',#1604,#4110);
#4110 = DEFINITIONAL_REPRESENTATION('',(#4111),#4115);
#4111 = LINE('',#4112,#4113);
#4112 = CARTESIAN_POINT('',(-1.570796326795,0.));
#4113 = VECTOR('',#4114,1.);
#4114 = DIRECTION('',(-0.,1.));
#4115 = ( GEOMETRIC_REPRESENTATION_CONTEXT(2) 
PARAMETRIC_REPRESENTATION_CONTEXT() REPRESENTATION_CONTEXT('2D SPACE',''
  ) );
#4116 = PCURVE('',#1554,#4117);
#4117 = DEFINITIONAL_REPRESENTATION('',(#4118),#4122);
#4118 = LINE('',#4119,#4120);
#4119 = CARTESIAN_POINT('',(12.54,0.));
#4120 = VECTOR('',#4121,1.);
#4121 = DIRECTION('',(0.,1.));
#4122 = ( GEOMETRIC_REPRESENTATION_CONTEXT(2) 
PARAMETRIC_REPRESENTATION_CONTEXT() REPRESENTATION_CONTEXT('2D SPACE',''
  ) );
#4123 = ORIENTED_EDGE('',*,*,#1570,.F.);
#4124 = ADVANCED_FACE('',(#4125),#1554,.F.);
#4125 = FACE_BOUND('',#4126,.F.);
#4126 = EDGE_LOOP('',(#4127,#4128,#4149,#4150,#4151,#4152));
#4127 = ORIENTED_EDGE('',*,*,#1537,.F.);
#4128 = ORIENTED_EDGE('',*,*,#4129,.F.);
#4129 = EDGE_CURVE('',#1924,#1483,#4130,.T.);
#4130 = SURFACE_CURVE('',#4131,(#4135,#4142),.PCURVE_S1.);
#4131 = LINE('',#4132,#4133);
#4132 = CARTESIAN_POINT('',(-6.04,24.5,4.));
#4133 = VECTOR('',#4134,1.);
#4134 = DIRECTION('',(0.,1.,0.));
#4135 = PCURVE('',#1554,#4136);
#4136 = DEFINITIONAL_REPRESENTATION('',(#4137),#4141);
#4137 = LINE('',#4138,#4139);
#4138 = CARTESIAN_POINT('',(0.46,0.));
#4139 = VECTOR('',#4140,1.);
#4140 = DIRECTION('',(0.,1.));
#4141 = ( GEOMETRIC_REPRESENTATION_CONTEXT(2) 
PARAMETRIC_REPRESENTATION_CONTEXT() REPRESENTATION_CONTEXT('2D SPACE',''
  ) );
#4142 = PCURVE('',#1516,#4143);
#4143 = DEFINITIONAL_REPRESENTATION('',(#4144),#4148);
#4144 = LINE('',#4145,#4146);
#4145 = CARTESIAN_POINT('',(1.570796326795,0.));
#4146 = VECTOR('',#4147,1.);
#4147 = DIRECTION('',(0.,1.));
#4148 = ( GEOMETRIC_REPRESENTATION_CONTEXT(2) 
PARAMETRIC_REPRESENTATION_CONTEXT() REPRESENTATION_CONTEXT('2D SPACE',''
  ) );
#4149 = ORIENTED_EDGE('',*,*,#1947,.T.);
#4150 = ORIENTED_EDGE('',*,*,#2185,.T.);
#4151 = ORIENTED_EDGE('',*,*,#3888,.T.);
#4152 = ORIENTED_EDGE('',*,*,#4103,.T.);
#4153 = ADVANCED_FACE('',(#4154),#1516,.F.);
#4154 = FACE_BOUND('',#4155,.F.);
#4155 = EDGE_LOOP('',(#4156,#4177,#4178,#4179));
#4156 = ORIENTED_EDGE('',*,*,#4157,.F.);
#4157 = EDGE_CURVE('',#1901,#1455,#4158,.T.);
#4158 = SURFACE_CURVE('',#4159,(#4163,#4170),.PCURVE_S1.);
#4159 = LINE('',#4160,#4161);
#4160 = CARTESIAN_POINT('',(-6.5,24.5,3.54));
#4161 = VECTOR('',#4162,1.);
#4162 = DIRECTION('',(0.,1.,0.));
#4163 = PCURVE('',#1516,#4164);
#4164 = DEFINITIONAL_REPRESENTATION('',(#4165),#4169);
#4165 = LINE('',#4166,#4167);
#4166 = CARTESIAN_POINT('',(0.,0.));
#4167 = VECTOR('',#4168,1.);
#4168 = DIRECTION('',(0.,1.));
#4169 = ( GEOMETRIC_REPRESENTATION_CONTEXT(2) 
PARAMETRIC_REPRESENTATION_CONTEXT() REPRESENTATION_CONTEXT('2D SPACE',''
  ) );
#4170 = PCURVE('',#1471,#4171);
#4171 = DEFINITIONAL_REPRESENTATION('',(#4172),#4176);
#4172 = LINE('',#4173,#4174);
#4173 = CARTESIAN_POINT('',(1.54,0.));
#4174 = VECTOR('',#4175,1.);
#4175 = DIRECTION('',(0.,-1.));
#4176 = ( GEOMETRIC_REPRESENTATION_CONTEXT(2) 
PARAMETRIC_REPRESENTATION_CONTEXT() REPRESENTATION_CONTEXT('2D SPACE',''
  ) );
#4177 = ORIENTED_EDGE('',*,*,#1923,.T.);
#4178 = ORIENTED_EDGE('',*,*,#4129,.T.);
#4179 = ORIENTED_EDGE('',*,*,#1482,.F.);
#4180 = ADVANCED_FACE('',(#4181),#1471,.T.);
#4181 = FACE_BOUND('',#4182,.T.);
#4182 = EDGE_LOOP('',(#4183,#4184,#4185,#4186));
#4183 = ORIENTED_EDGE('',*,*,#1900,.F.);
#4184 = ORIENTED_EDGE('',*,*,#1795,.T.);
#4185 = ORIENTED_EDGE('',*,*,#1454,.F.);
#4186 = ORIENTED_EDGE('',*,*,#4157,.F.);
#4187 = ADVANCED_FACE('',(#4188),#1374,.F.);
#4188 = FACE_BOUND('',#4189,.F.);
#4189 = EDGE_LOOP('',(#4190,#4191,#4212,#4213));
#4190 = ORIENTED_EDGE('',*,*,#1251,.T.);
#4191 = ORIENTED_EDGE('',*,*,#4192,.T.);
#4192 = EDGE_CURVE('',#1252,#3130,#4193,.T.);
#4193 = SEAM_CURVE('',#4194,(#4198,#4205),.PCURVE_S1.);
#4194 = LINE('',#4195,#4196);
#4195 = CARTESIAN_POINT('',(13.758601918284,-21.46976649277,6.75));
#4196 = VECTOR('',#4197,1.);
#4197 = DIRECTION('',(-0.539553016403,0.841951627168,-1.110223024625E-16
    ));
#4198 = PCURVE('',#1374,#4199);
#4199 = DEFINITIONAL_REPRESENTATION('',(#4200),#4204);
#4200 = LINE('',#4201,#4202);
#4201 = CARTESIAN_POINT('',(0.,0.));
#4202 = VECTOR('',#4203,1.);
#4203 = DIRECTION('',(0.,-1.));
#4204 = ( GEOMETRIC_REPRESENTATION_CONTEXT(2) 
PARAMETRIC_REPRESENTATION_CONTEXT() REPRESENTATION_CONTEXT('2D SPACE',''
  ) );
#4205 = PCURVE('',#1374,#4206);
#4206 = DEFINITIONAL_REPRESENTATION('',(#4207),#4211);
#4207 = LINE('',#4208,#4209);
#4208 = CARTESIAN_POINT('',(6.28318530718,0.));
#4209 = VECTOR('',#4210,1.);
#4210 = DIRECTION('',(0.,-1.));
#4211 = ( GEOMETRIC_REPRESENTATION_CONTEXT(2) 
PARAMETRIC_REPRESENTATION_CONTEXT() REPRESENTATION_CONTEXT('2D SPACE',''
  ) );
#4212 = ORIENTED_EDGE('',*,*,#3129,.T.);
#4213 = ORIENTED_EDGE('',*,*,#4192,.F.);
#4214 = ADVANCED_FACE('',(#4215),#1171,.F.);
#4215 = FACE_BOUND('',#4216,.F.);
#4216 = EDGE_LOOP('',(#4217,#4218,#4239,#4240));
#4217 = ORIENTED_EDGE('',*,*,#1048,.T.);
#4218 = ORIENTED_EDGE('',*,*,#4219,.T.);
#4219 = EDGE_CURVE('',#1049,#2982,#4220,.T.);
#4220 = SEAM_CURVE('',#4221,(#4225,#4232),.PCURVE_S1.);
#4221 = LINE('',#4222,#4223);
#4222 = CARTESIAN_POINT('',(-13.75860191828,-21.46976649277,6.75));
#4223 = VECTOR('',#4224,1.);
#4224 = DIRECTION('',(0.539553016403,0.841951627168,-1.110223024625E-16)
  );
#4225 = PCURVE('',#1171,#4226);
#4226 = DEFINITIONAL_REPRESENTATION('',(#4227),#4231);
#4227 = LINE('',#4228,#4229);
#4228 = CARTESIAN_POINT('',(0.,0.));
#4229 = VECTOR('',#4230,1.);
#4230 = DIRECTION('',(0.,-1.));
#4231 = ( GEOMETRIC_REPRESENTATION_CONTEXT(2) 
PARAMETRIC_REPRESENTATION_CONTEXT() REPRESENTATION_CONTEXT('2D SPACE',''
  ) );
#4232 = PCURVE('',#1171,#4233);
#4233 = DEFINITIONAL_REPRESENTATION('',(#4234),#4238);
#4234 = LINE('',#4235,#4236);
#4235 = CARTESIAN_POINT('',(6.28318530718,0.));
#4236 = VECTOR('',#4237,1.);
#4237 = DIRECTION('',(0.,-1.));
#4238 = ( GEOMETRIC_REPRESENTATION_CONTEXT(2) 
PARAMETRIC_REPRESENTATION_CONTEXT() REPRESENTATION_CONTEXT('2D SPACE',''
  ) );
#4239 = ORIENTED_EDGE('',*,*,#2981,.T.);
#4240 = ORIENTED_EDGE('',*,*,#4219,.F.);
#4241 = ADVANCED_FACE('',(#4242),#1023,.F.);
#4242 = FACE_BOUND('',#4243,.T.);
#4243 = EDGE_LOOP('',(#4244,#4265,#4266,#4267,#4288));
#4244 = ORIENTED_EDGE('',*,*,#4245,.F.);
#4245 = EDGE_CURVE('',#3357,#633,#4246,.T.);
#4246 = SURFACE_CURVE('',#4247,(#4251,#4258),.PCURVE_S1.);
#4247 = LINE('',#4248,#4249);
#4248 = CARTESIAN_POINT('',(5.,-24.5,7.5));
#4249 = VECTOR('',#4250,1.);
#4250 = DIRECTION('',(-1.224646799147E-16,-1.,0.));
#4251 = PCURVE('',#1023,#4252);
#4252 = DEFINITIONAL_REPRESENTATION('',(#4253),#4257);
#4253 = LINE('',#4254,#4255);
#4254 = CARTESIAN_POINT('',(-0.,0.));
#4255 = VECTOR('',#4256,1.);
#4256 = DIRECTION('',(-0.,1.));
#4257 = ( GEOMETRIC_REPRESENTATION_CONTEXT(2) 
PARAMETRIC_REPRESENTATION_CONTEXT() REPRESENTATION_CONTEXT('2D SPACE',''
  ) );
#4258 = PCURVE('',#647,#4259);
#4259 = DEFINITIONAL_REPRESENTATION('',(#4260),#4264);
#4260 = LINE('',#4261,#4262);
#4261 = CARTESIAN_POINT('',(1.5,0.));
#4262 = VECTOR('',#4263,1.);
#4263 = DIRECTION('',(0.,-1.));
#4264 = ( GEOMETRIC_REPRESENTATION_CONTEXT(2) 
PARAMETRIC_REPRESENTATION_CONTEXT() REPRESENTATION_CONTEXT('2D SPACE',''
  ) );
#4265 = ORIENTED_EDGE('',*,*,#3356,.T.);
#4266 = ORIENTED_EDGE('',*,*,#2545,.T.);
#4267 = ORIENTED_EDGE('',*,*,#4268,.T.);
#4268 = EDGE_CURVE('',#2518,#955,#4269,.T.);
#4269 = SURFACE_CURVE('',#4270,(#4274,#4281),.PCURVE_S1.);
#4270 = LINE('',#4271,#4272);
#4271 = CARTESIAN_POINT('',(3.5,-24.5,6.));
#4272 = VECTOR('',#4273,1.);
#4273 = DIRECTION('',(-1.224646799147E-16,-1.,0.));
#4274 = PCURVE('',#1023,#4275);
#4275 = DEFINITIONAL_REPRESENTATION('',(#4276),#4280);
#4276 = LINE('',#4277,#4278);
#4277 = CARTESIAN_POINT('',(-1.570796326795,0.));
#4278 = VECTOR('',#4279,1.);
#4279 = DIRECTION('',(-0.,1.));
#4280 = ( GEOMETRIC_REPRESENTATION_CONTEXT(2) 
PARAMETRIC_REPRESENTATION_CONTEXT() REPRESENTATION_CONTEXT('2D SPACE',''
  ) );
#4281 = PCURVE('',#971,#4282);
#4282 = DEFINITIONAL_REPRESENTATION('',(#4283),#4287);
#4283 = LINE('',#4284,#4285);
#4284 = CARTESIAN_POINT('',(1.5,1.836970198721E-16));
#4285 = VECTOR('',#4286,1.);
#4286 = DIRECTION('',(0.,1.));
#4287 = ( GEOMETRIC_REPRESENTATION_CONTEXT(2) 
PARAMETRIC_REPRESENTATION_CONTEXT() REPRESENTATION_CONTEXT('2D SPACE',''
  ) );
#4288 = ORIENTED_EDGE('',*,*,#987,.F.);
#4289 = ADVANCED_FACE('',(#4290),#971,.T.);
#4290 = FACE_BOUND('',#4291,.T.);
#4291 = EDGE_LOOP('',(#4292,#4293,#4294,#4295));
#4292 = ORIENTED_EDGE('',*,*,#954,.F.);
#4293 = ORIENTED_EDGE('',*,*,#4268,.F.);
#4294 = ORIENTED_EDGE('',*,*,#2517,.T.);
#4295 = ORIENTED_EDGE('',*,*,#4296,.T.);
#4296 = EDGE_CURVE('',#2462,#858,#4297,.T.);
#4297 = SURFACE_CURVE('',#4298,(#4302,#4309),.PCURVE_S1.);
#4298 = LINE('',#4299,#4300);
#4299 = CARTESIAN_POINT('',(-3.5,-24.5,6.));
#4300 = VECTOR('',#4301,1.);
#4301 = DIRECTION('',(-1.224646799147E-16,-1.,0.));
#4302 = PCURVE('',#971,#4303);
#4303 = DEFINITIONAL_REPRESENTATION('',(#4304),#4308);
#4304 = LINE('',#4305,#4306);
#4305 = CARTESIAN_POINT('',(8.5,1.040949779275E-15));
#4306 = VECTOR('',#4307,1.);
#4307 = DIRECTION('',(0.,1.));
#4308 = ( GEOMETRIC_REPRESENTATION_CONTEXT(2) 
PARAMETRIC_REPRESENTATION_CONTEXT() REPRESENTATION_CONTEXT('2D SPACE',''
  ) );
#4309 = PCURVE('',#919,#4310);
#4310 = DEFINITIONAL_REPRESENTATION('',(#4311),#4315);
#4311 = LINE('',#4312,#4313);
#4312 = CARTESIAN_POINT('',(1.570796326795,0.));
#4313 = VECTOR('',#4314,1.);
#4314 = DIRECTION('',(0.,1.));
#4315 = ( GEOMETRIC_REPRESENTATION_CONTEXT(2) 
PARAMETRIC_REPRESENTATION_CONTEXT() REPRESENTATION_CONTEXT('2D SPACE',''
  ) );
#4316 = ADVANCED_FACE('',(#4317),#919,.F.);
#4317 = FACE_BOUND('',#4318,.F.);
#4318 = EDGE_LOOP('',(#4319,#4340,#4341,#4342,#4343));
#4319 = ORIENTED_EDGE('',*,*,#4320,.F.);
#4320 = EDGE_CURVE('',#3279,#832,#4321,.T.);
#4321 = SURFACE_CURVE('',#4322,(#4326,#4333),.PCURVE_S1.);
#4322 = LINE('',#4323,#4324);
#4323 = CARTESIAN_POINT('',(-5.,-24.5,7.5));
#4324 = VECTOR('',#4325,1.);
#4325 = DIRECTION('',(-1.224646799147E-16,-1.,0.));
#4326 = PCURVE('',#919,#4327);
#4327 = DEFINITIONAL_REPRESENTATION('',(#4328),#4332);
#4328 = LINE('',#4329,#4330);
#4329 = CARTESIAN_POINT('',(0.,0.));
#4330 = VECTOR('',#4331,1.);
#4331 = DIRECTION('',(0.,1.));
#4332 = ( GEOMETRIC_REPRESENTATION_CONTEXT(2) 
PARAMETRIC_REPRESENTATION_CONTEXT() REPRESENTATION_CONTEXT('2D SPACE',''
  ) );
#4333 = PCURVE('',#846,#4334);
#4334 = DEFINITIONAL_REPRESENTATION('',(#4335),#4339);
#4335 = LINE('',#4336,#4337);
#4336 = CARTESIAN_POINT('',(1.5,0.));
#4337 = VECTOR('',#4338,1.);
#4338 = DIRECTION('',(0.,-1.));
#4339 = ( GEOMETRIC_REPRESENTATION_CONTEXT(2) 
PARAMETRIC_REPRESENTATION_CONTEXT() REPRESENTATION_CONTEXT('2D SPACE',''
  ) );
#4340 = ORIENTED_EDGE('',*,*,#3278,.T.);
#4341 = ORIENTED_EDGE('',*,*,#2461,.T.);
#4342 = ORIENTED_EDGE('',*,*,#4296,.T.);
#4343 = ORIENTED_EDGE('',*,*,#857,.F.);
#4344 = ADVANCED_FACE('',(#4345),#846,.F.);
#4345 = FACE_BOUND('',#4346,.F.);
#4346 = EDGE_LOOP('',(#4347,#4348,#4349,#4350));
#4347 = ORIENTED_EDGE('',*,*,#3331,.F.);
#4348 = ORIENTED_EDGE('',*,*,#4320,.T.);
#4349 = ORIENTED_EDGE('',*,*,#831,.F.);
#4350 = ORIENTED_EDGE('',*,*,#4351,.F.);
#4351 = EDGE_CURVE('',#3304,#753,#4352,.T.);
#4352 = SURFACE_CURVE('',#4353,(#4357,#4364),.PCURVE_S1.);
#4353 = LINE('',#4354,#4355);
#4354 = CARTESIAN_POINT('',(-5.,-24.5,8.));
#4355 = VECTOR('',#4356,1.);
#4356 = DIRECTION('',(-1.224646799147E-16,-1.,0.));
#4357 = PCURVE('',#846,#4358);
#4358 = DEFINITIONAL_REPRESENTATION('',(#4359),#4363);
#4359 = LINE('',#4360,#4361);
#4360 = CARTESIAN_POINT('',(2.,0.));
#4361 = VECTOR('',#4362,1.);
#4362 = DIRECTION('',(0.,-1.));
#4363 = ( GEOMETRIC_REPRESENTATION_CONTEXT(2) 
PARAMETRIC_REPRESENTATION_CONTEXT() REPRESENTATION_CONTEXT('2D SPACE',''
  ) );
#4364 = PCURVE('',#802,#4365);
#4365 = DEFINITIONAL_REPRESENTATION('',(#4366),#4370);
#4366 = LINE('',#4367,#4368);
#4367 = CARTESIAN_POINT('',(-0.,0.));
#4368 = VECTOR('',#4369,1.);
#4369 = DIRECTION('',(-0.,1.));
#4370 = ( GEOMETRIC_REPRESENTATION_CONTEXT(2) 
PARAMETRIC_REPRESENTATION_CONTEXT() REPRESENTATION_CONTEXT('2D SPACE',''
  ) );
#4371 = ADVANCED_FACE('',(#4372),#802,.F.);
#4372 = FACE_BOUND('',#4373,.T.);
#4373 = EDGE_LOOP('',(#4374,#4375,#4376,#4377,#4398));
#4374 = ORIENTED_EDGE('',*,*,#4351,.F.);
#4375 = ORIENTED_EDGE('',*,*,#3303,.T.);
#4376 = ORIENTED_EDGE('',*,*,#2379,.T.);
#4377 = ORIENTED_EDGE('',*,*,#4378,.T.);
#4378 = EDGE_CURVE('',#2352,#720,#4379,.T.);
#4379 = SURFACE_CURVE('',#4380,(#4384,#4391),.PCURVE_S1.);
#4380 = LINE('',#4381,#4382);
#4381 = CARTESIAN_POINT('',(-3.5,-24.5,9.5));
#4382 = VECTOR('',#4383,1.);
#4383 = DIRECTION('',(-1.224646799147E-16,-1.,0.));
#4384 = PCURVE('',#802,#4385);
#4385 = DEFINITIONAL_REPRESENTATION('',(#4386),#4390);
#4386 = LINE('',#4387,#4388);
#4387 = CARTESIAN_POINT('',(-1.570796326795,0.));
#4388 = VECTOR('',#4389,1.);
#4389 = DIRECTION('',(-0.,1.));
#4390 = ( GEOMETRIC_REPRESENTATION_CONTEXT(2) 
PARAMETRIC_REPRESENTATION_CONTEXT() REPRESENTATION_CONTEXT('2D SPACE',''
  ) );
#4391 = PCURVE('',#736,#4392);
#4392 = DEFINITIONAL_REPRESENTATION('',(#4393),#4397);
#4393 = LINE('',#4394,#4395);
#4394 = CARTESIAN_POINT('',(8.5,1.040949779275E-15));
#4395 = VECTOR('',#4396,1.);
#4396 = DIRECTION('',(0.,1.));
#4397 = ( GEOMETRIC_REPRESENTATION_CONTEXT(2) 
PARAMETRIC_REPRESENTATION_CONTEXT() REPRESENTATION_CONTEXT('2D SPACE',''
  ) );
#4398 = ORIENTED_EDGE('',*,*,#752,.F.);
#4399 = ADVANCED_FACE('',(#4400),#736,.F.);
#4400 = FACE_BOUND('',#4401,.F.);
#4401 = EDGE_LOOP('',(#4402,#4403,#4424,#4425));
#4402 = ORIENTED_EDGE('',*,*,#719,.F.);
#4403 = ORIENTED_EDGE('',*,*,#4404,.F.);
#4404 = EDGE_CURVE('',#2296,#659,#4405,.T.);
#4405 = SURFACE_CURVE('',#4406,(#4410,#4417),.PCURVE_S1.);
#4406 = LINE('',#4407,#4408);
#4407 = CARTESIAN_POINT('',(3.5,-24.5,9.5));
#4408 = VECTOR('',#4409,1.);
#4409 = DIRECTION('',(-1.224646799147E-16,-1.,0.));
#4410 = PCURVE('',#736,#4411);
#4411 = DEFINITIONAL_REPRESENTATION('',(#4412),#4416);
#4412 = LINE('',#4413,#4414);
#4413 = CARTESIAN_POINT('',(1.5,1.836970198721E-16));
#4414 = VECTOR('',#4415,1.);
#4415 = DIRECTION('',(0.,1.));
#4416 = ( GEOMETRIC_REPRESENTATION_CONTEXT(2) 
PARAMETRIC_REPRESENTATION_CONTEXT() REPRESENTATION_CONTEXT('2D SPACE',''
  ) );
#4417 = PCURVE('',#696,#4418);
#4418 = DEFINITIONAL_REPRESENTATION('',(#4419),#4423);
#4419 = LINE('',#4420,#4421);
#4420 = CARTESIAN_POINT('',(1.570796326795,0.));
#4421 = VECTOR('',#4422,1.);
#4422 = DIRECTION('',(0.,1.));
#4423 = ( GEOMETRIC_REPRESENTATION_CONTEXT(2) 
PARAMETRIC_REPRESENTATION_CONTEXT() REPRESENTATION_CONTEXT('2D SPACE',''
  ) );
#4424 = ORIENTED_EDGE('',*,*,#2351,.T.);
#4425 = ORIENTED_EDGE('',*,*,#4378,.T.);
#4426 = ADVANCED_FACE('',(#4427),#696,.F.);
#4427 = FACE_BOUND('',#4428,.F.);
#4428 = EDGE_LOOP('',(#4429,#4450,#4451,#4452,#4453));
#4429 = ORIENTED_EDGE('',*,*,#4430,.F.);
#4430 = EDGE_CURVE('',#3385,#631,#4431,.T.);
#4431 = SURFACE_CURVE('',#4432,(#4436,#4443),.PCURVE_S1.);
#4432 = LINE('',#4433,#4434);
#4433 = CARTESIAN_POINT('',(5.,-24.5,8.));
#4434 = VECTOR('',#4435,1.);
#4435 = DIRECTION('',(-1.224646799147E-16,-1.,0.));
#4436 = PCURVE('',#696,#4437);
#4437 = DEFINITIONAL_REPRESENTATION('',(#4438),#4442);
#4438 = LINE('',#4439,#4440);
#4439 = CARTESIAN_POINT('',(0.,0.));
#4440 = VECTOR('',#4441,1.);
#4441 = DIRECTION('',(0.,1.));
#4442 = ( GEOMETRIC_REPRESENTATION_CONTEXT(2) 
PARAMETRIC_REPRESENTATION_CONTEXT() REPRESENTATION_CONTEXT('2D SPACE',''
  ) );
#4443 = PCURVE('',#647,#4444);
#4444 = DEFINITIONAL_REPRESENTATION('',(#4445),#4449);
#4445 = LINE('',#4446,#4447);
#4446 = CARTESIAN_POINT('',(2.,0.));
#4447 = VECTOR('',#4448,1.);
#4448 = DIRECTION('',(0.,-1.));
#4449 = ( GEOMETRIC_REPRESENTATION_CONTEXT(2) 
PARAMETRIC_REPRESENTATION_CONTEXT() REPRESENTATION_CONTEXT('2D SPACE',''
  ) );
#4450 = ORIENTED_EDGE('',*,*,#3407,.T.);
#4451 = ORIENTED_EDGE('',*,*,#2295,.T.);
#4452 = ORIENTED_EDGE('',*,*,#4404,.T.);
#4453 = ORIENTED_EDGE('',*,*,#658,.F.);
#4454 = ADVANCED_FACE('',(#4455),#647,.T.);
#4455 = FACE_BOUND('',#4456,.T.);
#4456 = EDGE_LOOP('',(#4457,#4458,#4459,#4460));
#4457 = ORIENTED_EDGE('',*,*,#3384,.F.);
#4458 = ORIENTED_EDGE('',*,*,#4245,.T.);
#4459 = ORIENTED_EDGE('',*,*,#630,.F.);
#4460 = ORIENTED_EDGE('',*,*,#4430,.F.);
#4461 = ADVANCED_FACE('',(#4462),#528,.F.);
#4462 = FACE_BOUND('',#4463,.F.);
#4463 = EDGE_LOOP('',(#4464,#4465,#4486,#4487));
#4464 = ORIENTED_EDGE('',*,*,#369,.T.);
#4465 = ORIENTED_EDGE('',*,*,#4466,.T.);
#4466 = EDGE_CURVE('',#370,#2792,#4467,.T.);
#4467 = SEAM_CURVE('',#4468,(#4472,#4479),.PCURVE_S1.);
#4468 = LINE('',#4469,#4470);
#4469 = CARTESIAN_POINT('',(-14.35708863872,21.074249828161,5.));
#4470 = VECTOR('',#4471,1.);
#4471 = DIRECTION('',(0.563023083872,-0.826441169732,-1.110223024625E-16
    ));
#4472 = PCURVE('',#528,#4473);
#4473 = DEFINITIONAL_REPRESENTATION('',(#4474),#4478);
#4474 = LINE('',#4475,#4476);
#4475 = CARTESIAN_POINT('',(0.,0.));
#4476 = VECTOR('',#4477,1.);
#4477 = DIRECTION('',(0.,-1.));
#4478 = ( GEOMETRIC_REPRESENTATION_CONTEXT(2) 
PARAMETRIC_REPRESENTATION_CONTEXT() REPRESENTATION_CONTEXT('2D SPACE',''
  ) );
#4479 = PCURVE('',#528,#4480);
#4480 = DEFINITIONAL_REPRESENTATION('',(#4481),#4485);
#4481 = LINE('',#4482,#4483);
#4482 = CARTESIAN_POINT('',(6.28318530718,0.));
#4483 = VECTOR('',#4484,1.);
#4484 = DIRECTION('',(0.,-1.));
#4485 = ( GEOMETRIC_REPRESENTATION_CONTEXT(2) 
PARAMETRIC_REPRESENTATION_CONTEXT() REPRESENTATION_CONTEXT('2D SPACE',''
  ) );
#4486 = ORIENTED_EDGE('',*,*,#2791,.T.);
#4487 = ORIENTED_EDGE('',*,*,#4466,.F.);
#4488 = ADVANCED_FACE('',(#4489),#267,.F.);
#4489 = FACE_BOUND('',#4490,.F.);
#4490 = EDGE_LOOP('',(#4491,#4492,#4513,#4514));
#4491 = ORIENTED_EDGE('',*,*,#108,.T.);
#4492 = ORIENTED_EDGE('',*,*,#4493,.T.);
#4493 = EDGE_CURVE('',#109,#2602,#4494,.T.);
#4494 = SEAM_CURVE('',#4495,(#4499,#4506),.PCURVE_S1.);
#4495 = LINE('',#4496,#4497);
#4496 = CARTESIAN_POINT('',(14.357088638727,21.074249828161,5.));
#4497 = VECTOR('',#4498,1.);
#4498 = DIRECTION('',(-0.563023083872,-0.826441169732,
    -1.110223024625E-16));
#4499 = PCURVE('',#267,#4500);
#4500 = DEFINITIONAL_REPRESENTATION('',(#4501),#4505);
#4501 = LINE('',#4502,#4503);
#4502 = CARTESIAN_POINT('',(0.,0.));
#4503 = VECTOR('',#4504,1.);
#4504 = DIRECTION('',(0.,-1.));
#4505 = ( GEOMETRIC_REPRESENTATION_CONTEXT(2) 
PARAMETRIC_REPRESENTATION_CONTEXT() REPRESENTATION_CONTEXT('2D SPACE',''
  ) );
#4506 = PCURVE('',#267,#4507);
#4507 = DEFINITIONAL_REPRESENTATION('',(#4508),#4512);
#4508 = LINE('',#4509,#4510);
#4509 = CARTESIAN_POINT('',(6.28318530718,0.));
#4510 = VECTOR('',#4511,1.);
#4511 = DIRECTION('',(0.,-1.));
#4512 = ( GEOMETRIC_REPRESENTATION_CONTEXT(2) 
PARAMETRIC_REPRESENTATION_CONTEXT() REPRESENTATION_CONTEXT('2D SPACE',''
  ) );
#4513 = ORIENTED_EDGE('',*,*,#2601,.T.);
#4514 = ORIENTED_EDGE('',*,*,#4493,.F.);
#4515 = ADVANCED_FACE('',(#4516,#4519),#94,.T.);
#4516 = FACE_BOUND('',#4517,.T.);
#4517 = EDGE_LOOP('',(#4518));
#4518 = ORIENTED_EDGE('',*,*,#79,.T.);
#4519 = FACE_BOUND('',#4520,.T.);
#4520 = EDGE_LOOP('',(#4521));
#4521 = ORIENTED_EDGE('',*,*,#2081,.F.);
#4522 = ADVANCED_FACE('',(#4523,#4526),#66,.F.);
#4523 = FACE_BOUND('',#4524,.F.);
#4524 = EDGE_LOOP('',(#4525));
#4525 = ORIENTED_EDGE('',*,*,#51,.T.);
#4526 = FACE_BOUND('',#4527,.F.);
#4527 = EDGE_LOOP('',(#4528));
#4528 = ORIENTED_EDGE('',*,*,#3787,.F.);
#4529 = ( GEOMETRIC_REPRESENTATION_CONTEXT(3) 
GLOBAL_UNCERTAINTY_ASSIGNED_CONTEXT((#4533)) 
GLOBAL_UNIT_ASSIGNED_CONTEXT((#4530,#4531,#4532)) REPRESENTATION_CONTEXT
('Context #1','3D Context with UNIT and UNCERTAINTY') );
#4530 = ( LENGTH_UNIT() NAMED_UNIT(*) SI_UNIT(.MILLI.,.METRE.) );
#4531 = ( NAMED_UNIT(*) PLANE_ANGLE_UNIT() SI_UNIT($,.RADIAN.) );
#4532 = ( NAMED_UNIT(*) SI_UNIT($,.STERADIAN.) SOLID_ANGLE_UNIT() );
#4533 = UNCERTAINTY_MEASURE_WITH_UNIT(LENGTH_MEASURE(1.E-07),#4530,
  'distance_accuracy_value','confusion accuracy');
#4534 = PRODUCT_RELATED_PRODUCT_CATEGORY('part',$,(#7));
ENDSEC;
END-ISO-10303-21;
